date,score,score_category,review
2014.02.01,-,-,전체적으로 깔끔하고 좋습니다. 저희는 비수기때 있어서 조용하고 좋았습니다. 무조건 한실을 추천합니다. 일본식 욕실이 정말 최고인거 같습니다. 온천수도 피부 더 좋게 만들어지는 것 같고요~ 조식도 맛있습니다. 특히 밥! 물론 반찬들과 성게미역국 맛있지만 밥은 정말 찰지고 꼬들꼬들 최고최고 ㅋㅋ 안타까운점을 트집자면 좀 비싸고 주위에는 음식점이나 볼거리가 많지 않다는 점...렌터카 없이는 정말 불편할것같아요.
2014.02.11,-,-,히노끼탕 이용하고 싶어서 한실로 다녀왔습니다. 양실에 비해 5만원 비싸지만 다른 호텔과 다른 컨셉이라 마음에 들었어요. 테라스를 나가면 투숙객 들을 위한 프라이빗 한 공간도 운치있고 좋았구요.
2014.02.20,-,-,제주도에서 제일 좋아하는 호텔입니다. 산방산이 보이는 경치와 밤에 별도 가득 보입니다. 온천과 조식도 추천합니다
2014.02.24,-,-,나무로 된 바스와 온천물도 나오고 정말 하루여행을 힐링해주었어요 구비된 물품들도 상급이었구 편안히 즐기고 왔습니다
2014.02.24,-,-,나무로 된 바스와 온천물도 나오고 정말 하루여행을 힐링해주었어요 구비된 물품들도 상급이었구 편안히 즐기고 왔습니다
2014.02.26,-,-,씨에스 호텔과 신라 호텔을 떠나 이곳에 도착한 우리 부부는 보는 눈만 높아져 좋은 호텔도 눈에 안들까하는 걱정을 안고 핀크스 포도 호텔에 머물게 되었습니다. 하지만 그런 우려는 기우였지요... 여기도 단층구조에 호텔 이름에서처럼 전체적으로 호털이 위에서 볼 때 포도송이 모양으로 되어 있는 구조였습니다. 사전 조사에서 양실보다는 한실이 좋다고 해서 한실로 잡았고요. 120 호실에 머물게 되었습니다. 방 정말 이곳도 좋습니다. 특히 침대 매트는 정말 저는 라텍스 깔아 놓은 줄 알았습니다. 전경은 이전 와이프랑 갔다온 일본에 치쿠린테이 료칸에서 보이던 전경의 느낌이 있더군요. 후에 알아보니까 처음 이 호텔을 디자인한분이 유명한 일본 건축 디자이너라네요... 그리고 이 곳에서 빠질수 없는 것 .. 객실마다 온천물이 나와요.. 그리고 일본식 히노끼 나무 욕조가 갖추어져 있고요.. 욕실에 보면 이 온천에 대한 자세한 설명이 있지만 지금은 기억이 없어요.. 하지만 온천수는 약 열탕에 들어가는 온도로 아마 온천물 받고 바로 들어갈 수 있는 정도의 온도였습니다. 전체적으로 뿌연 흰색의 물이 나오구요. 정말 피부 부들부들 해집니다. 게으른 저고 저녁에 한번 아침에 한번 했고 피부 민감하신 울 마눌님도 극찬하는 온천수 였습니다. 서비스는 다른 특급호텔 못지 않은 수준이고요. 전망 또한 한라산 중턱에서 세상을 내려다보는 아름다는 전경이 펼쳐집니다. 여러 주인이 바뀌었다고 하던데.. 이전에는 정말 vvip 아니면 오지도 못했데요.. 지금은 sk에서 소유권이 넘어가 활성화 위해 노력하고 있다네요... 음식은 이곳이 우동면을 일본에서 공수한 밀가루로 만들어서 정말 처음 먹어보는 우동이었습니다. 맛있어요. 2만원 하던데 먹을만 합니다.. 조식은 세트로 주던데.. 다 괜찮습니다. 첫날 씨에스에서 먹은 아침 세트 메뉴와는 다르네요.. 추천합니다. 다른 제주의 멋을 느끼는 분에게
2014.02.27,-,-,생각 보다 방이 넓고 좋아요. 전망이 약간 답답하긴 하지만 욕실도 맘에 들고 전체적으로 좋아요
2014.02.27,-,-,레스토랑에 반해서 숙박을 예약했는데 아주 만족스러웠습니다^^ 한실 방도 크고 온천욕도 할수 있고 아이들이 엄청 좋아했어요..ㅎㅎ 아쉬운점은 조식.. 객실수가 많지 않아서 한식으로 나오는데 반찬이..우수하지는 않았어요.. 그리고 추가한 아메리칸 스타일 조식에 커피도 안주시고.. 따로 추가하셔야 한다고..;;;;; 조식만 빼고 좋았습니다..^^
2014.03.24,-,-,유명한 건축가가 지었다고 해서 호기심 끝에 결정한 핀크스 포도호텔!! 정말 그 유명세가 틀리지 않다는 것을 바로 확인하고 오는 시간이었습니다. 우선 대부분의 호텔은 2인~3인 밖에 들어갈 수 없지만.. 이곳은 친구들과 함께 할 수 있도록 정말 넓은 공간에서 여유있게 보낼 수 있더라구요~ 정말 굿굿!! 그리고 특히 단층으로 되어 있어서 풍기는 고즈넉한 분위기와 환경들이 책도 잘 보면서 책 한권을 읽고 싶게 만들고.. 책을 쓰면 술술 써질 것 같은 분위기 랄까?? 직원 분들도 새벽까지도 세심하게 챙겨주시고.. 친절하신게 매우 인상적이었습니다... 전 다음 여행에서 또 가려구요~ 다들 강츄!!!
2014.03.27,-,-,입구에서부터 포도향이 나는 세심한 배려와 직원들도 친절하고 좋아요. 조식도 원하는대로 메뉴 구성도 가능하고 쉬기에 좋은 공간이예요.
2014.03.31,-,-,"고즈넉한 위치와 비가 와서 더욱 어두운 호텔 내부로 인해 우울해질 우려가 있었지만, 오히려 그래서 더 잘 쉬고 왔네요. 아이와 지내기엔 무료할지 모르나, 거센 바람을 맞고 돌아와 온천에 몸을 담그는 기분은 참 좋았습니다."
2014.04.08,-,-,"다른 호텔과 많이 고민하다 처음으로 핀크스 호텔에 묵었는데요, 조용하고 아늑해서 좋았습니다 ^^"
2014.04.08,-,-,"객실마다 온천수가 나와서 피로도 풀고 좋았어요~ 다른 관광지와 떨어져 있어서 조용하기도 하고, 산책하는 곳이 따로 없어서 그 점은 좀 아쉽네요~ 별관 공사 중으로 알고 있는데, 더 나은 모습 기대합니다~"
2014.04.09,-,-,부모님과 함께 갔는데 차분하고 조용해서 편안하게 휴식할 수 있었어요 레스토랑에서의 식사도 너무 맛있었구요 온천수로 온천욕을 하신 어머니가 참 만족스러워 하셨네요 비가 왔는데 시끌벅적 하지도 않아서 괜찮았네요
2014.04.11,-,-,위치는 차없이 가기는 불편합니다. 우선 포도호텔의 명성을 익히 들어서 궁금해서 가보았습니다. 건물외부와 주변 경치는 아름답습니다. 건물내부도 사람들이 거의 없이 조용하고 외부와 차단되어 방해받지 않아 진정한 휴식을 취하고 싶은 사람들에게 좋을 것 같습니다. 호텔 내 레스토랑 음식은 가격대는 쎈 편이지만 맛은 좋았습니다. 다만 객실 내부에 주기적인 점검을 통하여 수도꼭지라던지 보수가 필요한 부분은 개선하는 것도 필요할 것 같습니다.
2014.05.04,-,-,"매우 조용하고 한적한 호텔이다. 주변에 방주교회 외는 딱히 볼거리가 없어서 재미거리를 찾는 분이라면 다른 호텔을 찾으셔야 할 듯. 호텔 안에서 조용히 휴식을 취하는 목적이라면 당신의 휴식을 백프로 책임질 호텔이다. 호텔방 내부 인테리어는 마치 우리집에서 개인 정원을 즐기면서 럭져리한 휴식을 취하는 특별한 경험을 할 듯. ""쉼"", ""휴식""이라는 단어로 표현할 수 있는 호텔이다. 다만, 도로에서 호텔을 찾아 들어가는 길이 쉽지 않아 헤맸는데, 후기를 보면 그 곳을 처음 찾는 대부분의 사람들이 겪는 공통된 경험인데, 고쳐지지 않는 것이 이상하다. 포도호텔이 대중화되려면 호텔 가는 안내판 설치부터 시작해야 할 듯. 또한 호텔 내 마사지사 서비스가 제공되면 좋겠다."
2014.05.12,-,-,온천수가 나온다는 포도호텔 부푼 기대를 안고 방문한날~ 정말정말 너무 좋았어요.. 친절한 직원들~ 맛난음식 편한 휴식을 맘껏 즐기고 왔어요~ 왕추천!!!
2014.06.11,-,-,매번 인터파크투어를 믿고 예약해왔는데.이번 제주도 포도호텔은 완전 실망이네요 급하게 예약하느냐고 취소도 어렵고 취소하고도 위약금이 만만치 않아서 그냥 이용했지만 씁쓸한 마음은 변하지 않네요 똑같은 날짜에 똑같은 객실이 아고다 사이트에선 약9만원이상 저렴했으며 인터파크투어에 항의글을 남긴후에 온 답변은 보ㄴ인들은 금액변동없다 가 끝이었습니다. 그후 오늘 여행후에 다녀온다음 다시 찾아보니 아고다의 포도로텔이 없어졋더라고요-- 암튼 인터파크 이용하실고객님 다른사이트랑 가격비교 꼭 해보시고 후회없는 선택하세요.. 전이번에 완전 실망햇습니다
2014.06.11,-,-,매번 인터파크투어를 믿고 예약해왔는데.이번 제주도 포도호텔은 완전 실망이네요 급하게 예약하느냐고 취소도 어렵고 취소하고도 위약금이 만만치 않아서 그냥 이용했지만 씁쓸한 마음은 변하지 않네요 똑같은 날짜에 똑같은 객실이 아고다 사이트에선 약9만원이상 저렴했으며 인터파크투어에 항의글을 남긴후에 온 답변은 보ㄴ인들은 금액변동없다 가 끝이었습니다. 그후 오늘 여행후에 다녀온다음 다시 찾아보니 아고다의 포도로텔이 없어졋더라고요-- 암튼 인터파크 이용하실고객님 다른사이트랑 가격비교 꼭 해보시고 후회없는 선택하세요.. 전이번에 완전 실망햇습니다
2014.06.17,-,-,"80이신 할머니랑 60이신 고모랑 같이 같는데 셋이 한방을 써도 넓어도 너무 넓고 조용하고 깨끗하고 주변 공기부터 다르고 할머니랑 고모도 너무 맘에 들어 하시고 다음에도 기회가 된다면 이곳에서 머물고 싶다 하시더라구요~ 완전 힐링되는 그곳 포도호텔! 진짜 완전 좋았어요^^* 참, 조식도 생각보다 괜찮았어요 (아침은 코스보다 조금싼 성개미역국이 개인적으로 더 맛났구요)"
2014.06.30,-,-,"가족 넷이 갔습니다. 2박은 신라호텔 1박은 포도호텔에서 했었지요. 이틀 동안 수영하고 관광하며 지친 심신을 포도호텔에서 산책하고 온천욕을 하며 잘 쉬었습니다. 아이들은(6살, 4살) 수영장이 없다고 몇 번 불만을 얘기했지만, 그래도 산책하고 드라이브하고 온천하며 시간을 보내고 돌아왔습니다. 가기 전 살펴 보았던 조식이 정말 부족하긴 했습니다. 한식 스타일, american 스타일. 조식빼고는 만족합니다~!"
2014.07.02,-,-,포도호텔은 정말 조용하고 편안한 분위기. 테라스에서 봤던 비가 오던 제주의 분위기가 잊혀지지 않아요. 조식도 깔끔하고 너무 좋았구요. 다시 묵고 싶은 마음 200%입니다.
2014.07.09,-,-,"조용하고 힐링하기 위해 가기 딱 좋은 장소입니다. 허나, 호텔 서비스나 여러가지 부대시설이 없는 상황에서... 호텔 숙박비 자체는 너무 높게 책정되지 않았나 싶긴합니다."
2014.07.22,-,-,"포도호텔의 자연친화적 설계와 보기드문 아고라나이트 성분의 온천수는 여행의 피로를 풀고 재충전하기에 부족함이 없다. 레스토랑에서 주문할 수 있는 성게알 미역국, 왕새우튀김우동, 콩가루아이스크림은 별미! 다음에도 기회가 되면 방문하겠습니다."
2014.07.22,-,-,"제주도를 많이 여행한 친구들이 포도호텔포도호텔 해서 가 보았습니다. 핀크스 CC의 골프텔인데, 골프텔 수준을 넘어 호텔 수준이죠^^ 전반적으로 일본풍의 느낌이 많이 났습니다. 일본인 건축가가 만든 것이라서 그런가보아요 프런트와 식당쪽이 특히 그런 느낌이 많이 나요. 색감이나 분위기가요. 약간은 세련되지 않는다고 느낄 수도 있지만 일본의 여행지 호텔에서 많이 느껴지던 그런 느낌입니다. 편안할 수 있는... 그리고 깔끔해요. 그리고 방안의 천장이 가운데가 솟는 형태인데, 천장이 더 높게 되는 효과가 있어서 그런지 쾌적하고 천장의 조명도 편안한 느낌을 줍니다. 그리고 핵심적인 것은 창문을 열었을 때 느껴지던 초록의 느낌...! 입니다 나무 의자 넘어로...초록색 정원과 검은 돌의 조화... 멀리는 바다랑 산방산이 보이더라구요. 저희는 좀 흐리고 비가 왔었는데 날씨 좋은 날 오면, 또 느낌이 많이 다를 것 같네요. 저랑 남편은 온천수가 맘에 들어서, 남편은 하루에 2번이나 온천수에 몸을 담그었습니다. 당태종과 양귀비가 몸을 담그던 그 온천수와 성분이 가장 유사한 온천수라고 해요. 욕실에 온천수가 나오는 수도꼭지가 따로 있구요. 물을 빼고 나면 엄청 미세한... 노란색 가루들이 남아있어요. 좋은 미네랄 성분인 것이죠. 그리고 우동... 비싸긴 하지만, 면발이나 국물이 맛있어요. 튀김에 감동이라기보단 면발과 국물에 감동합니다!! 아침에는 핀크스 CC에서 산책도 했습니다. 한 번은 가보시라고 추천하고 싶네요^^"
2014.07.23,-,-,"※ 네이버블로그, 티스토리 같은 외부 블로그 글을 복사해서 올리실 경우는 이미지가 깨지는 현상이 발생하니 꼭 첨부하여 올려주세요. ※ 상품리뷰 작성시 혜택 - 매월 베스트 상품평 선정시 1등 30,000P , 2등 10,000P 추가 적립 - 베스트 오브 베스트 상품평 선정시 100,000P 적립 - 포토이미지와 함께 성의있게 등록한 상품평은 베스트 상품평 선정 확률이 높아집니다."
2014.07.29,-,-,"3살 아들과 함께하는 가족 여행.. 더 없이 좋은 것만 해주고 싶기에.. 최고를 선택했습니다. 후회가 남질 않아요. 약간 비싼 느낌은 없잖아 있지만.. 평소 함께 해줄 시간이 적기에, 아쉽지 않게 해주고 싶었습니다. 강추합니다."
2014.08.07,-,-,"가족들과 함께 간 여행이었는데, 모두 너무 좋아 했습니다. 안개가 자욱하게 끼었음에도 불구하고, 또 다른 좋은 경험이 되었습니다."
2014.08.12,-,-,"포도호텔은 쾌적한 침실, 조용하고 깨끗한 주변 경치, 정적인 공간.... 한실에서는 그동안 쌓인 피로를 풀 수 있는 히노키 탕까지... 포도호텔은 관광이 아닌 힐링, 휴식이 목적인 여행에 있어 최고의 호텔이라고 생각된다. 아쉬운 점은... 수영장, 편의점..."
2014.08.12,-,-,"주변에서 소개를 받고나서 예약하고 방문하게 된 포도호텔~ 결론은 정말 후회없는 최고의 선택이었다는 거예요^^ 주변이 조용~해서 새소리, 밤에는 귀뚜라미 소리도 난답니다 고즈넉~~하고 아담한 포도호텔 ^^ 여느 호텔처럼 고층으로 쌓아 올린 건물이 아니예요~ 많은 인원의 투숙객을 통한 이윤창출의 큰 부분을 포기(?)하고 자신만의 브랜드 가치를 높이는 포도호텔을 가꾸셨다는 점에서 정말 칭찬드리고 싶을 정도의 고즈넉함 입니다 뷰가 끝내주는 포도호텔에서의 아침 ^^ 정말 기분이 최고 영양가 만점의 조식까지 맛있게 먹고 돌아왔어요~ 편히 쉬고 맛있게 먹고 힐링하고 돌아왔습니다"
2014.08.14,-,-,제주도에 태풍이 막 지나간 뒤라 비도 계속오고 흐렸는데 포도 호텔은 그런 기상 조건에서도 최고의 안락함과 평온함을 주었어요. 가격만 조금 더 싸다면 매달 가고 싶은 호텔 ㅠㅠ
2014.08.16,-,-,"제주도에 있는 특급호텔들(신X, 해비X, 파XXXX)에서 이전에 투숙해봤지만 포도호텔은 그런 대형호텔에서는 느낄 수 없는 다른 장점이 있는 것 같습니다. 우선 가까이는 산이, 멀리는 바다가 보이는 조망이 탁월하면서 대규모 단체 손님(특히 요즘 제주도에 득실거리는 특정 국가)이 없으니 조용하게 즐기다가 올 수 있습니다. 예전에 서귀포에 있었던 파XXXX의 업그레이드 버전처럼 느껴지기도 하고요. 골프를 치러 간게 아닌 사람은 주변에 별로 놀만한 게 없고 휘트니스센터나 수영장이 없다는 것은 단점이 될 수 있겠지만, 모든 객실에서 온천을 즐길 수 있다는 점 하나만으로 그런 단점들을 다 상쇄하고도 남을 것 같습니다. 또 저녁시간 전까지는 가라오케를 예약만 하면 무한대로 즐길 수 있다는 것도 놀랍더군요. 레스토랑의 조식도 조식뷔페가 아니라서 심심하지 않을 까 걱정했는데, 음식의 품질로 가짓 수의 적음을 상쇄하고도 남는 것 같습니다. 저녁식사도 이용해 봤는데 음식의 맛과 질이 아주 좋았고요. 또 대형 특급호텔 직원분들은 친절하면서도 약간 사무적인 느낌이 있는 반면, 이 곳은 친절하면서도 좀 친근한 느낌에 가까운 것 같습니다. 대부분의 직원들이 아주 친절합니다. 단, 첫 날 저녁 레스토랑에 창가 자리를 예약해놨었는데 예약이 안됐다면서 엉뚱한 자리로(위치가 그다지 좋지 않았던...) 바로 안내해주는 불쾌한 사건이 있었는데, 다른 직원분이 뒤늣게 예약 확인을 하고 다시 창가자리로 안내해줬지만 처음 벌어진 상황은 다소 이해하기 어려운 상황이긴 했습니다. 뒤늦게 해당 직원분이 사과를 하셨지만 나중에 혹시 이 글을 호텔에서 보신다면(다른 특급 호텔들은 인터파크 후기에 댓글도 다시더군요.) 그런 상황에서는 다른 좌석을 안내하기 전에 상황파악을 먼저하고 조치를 취하셨으면 어땠을까 싶습니다. 전반적으로는 아주 만족합니다."
2014.08.18,-,-,어머니 모시고 갔었는데 너무 좋았어요~ 처음엔 정보가 없어 반신반의 했는데... 힐랑하기엔 이보다 더 좋을 수 없는 곳~ 휴식을 원하시면 좋은 책 짊어지시고 꼭 가보세요..후회하지 않을거에요... 게다가 방마다 있는 하노끼탕 온천...넘 좋았구여...떠나기 한시간 전에 넘 섭해서 또 목욕한번 하고 나왔어요~ 어머니랑 또 다시 방문하고 싶어요.
2014.09.13,-,-,"지난번엔 양실에 묵었는데 이번엔 한실 이었습니다. 역시나 좋네요. 바다는 없지만 근방이 너무 고요해서 조용한 휴식을 원하시는 분께 적합 할것 같아요. 직원 분들은 말할것 없이 친절 하시고, 방 또한 나무랄것 없이 깨끗하네요. 히노끼 탕에서의 반신욕도 너무 좋았습니다. (온천 수 자체가 훌륭하기 때문에 필요까진 없겠지만, 객실내에 입욕제 하나 쯤 구비해 주셔도 좋을 것 같다는 생각이 들어요^^) 창문을 통해 바라보는 풀밭의 전경도 너무 좋구요 ㅎㅎ"
2014.09.15,-,-,힐링하기 최고 가족들과 함께 방문하기 좋은 호텔 양실보다는 한실추천 @!!!!1 정말 좋은 호텔입니다.
2014.09.16,-,-,쾌적 조식의 다양한 선택권이 없는 점이 단점 Bed 및 욕실 청결 상태는 최상 조용히 쉴수 있는 환경으로는 최상으로 생각됨 다만 세면대 배수는 문제가 좀 있는 듯.... 지난 여름에 숙박할 때도 같은 문제 발생....
2014.09.16,-,-,"디럭스 한실에 숙박하였음 방 안에 뿌연 먼지와 짧고 굵은 털. . 누가 언제 쓴지 모르는 전기 포트안의 물... 결국 청소 다시해 달라고 하였음 히노끼탕은 매우 만족스러움 레스토랑 친절도 - 별로임 겉은 최고급처럼 보이나, 객실은 별로임"
2014.10.10,-,-,"장인-장모님을 모시고 찾은 포도호텔 이야기만 무수히 듣다 이번에 큰맘먹고 방문했는데 18평 한실에 2인 침구 추가로 4식구가 묵었습니다. 듣던 대로 너무 깔끔하고 멋진 객실, 그리고 한실에만 있는 온천 히노키탕까지 주위 경관도 너무 멋지고 조용한 곳에서 정말 힐링이 되는 시간이었어요~"
2014.10.13,-,-,"포도호텔에는 세 번 방문했는데 투숙은 처음이었습니다. 고급호텔에 걸맞게 서비스와 객실 상태가 모두 최상이었습니다. 객실 창문을 열고 나서면 바로 앞에 넓은 공간에서 차 한 잔도 할 수 있고 풀벌레 소리, 억새풀에 바람 드는 소리까지 고스란히 다 들렸습니다. 체크인할 때 무료로 제공된 과일도 좋았네요. 호텔 전체가 갤러리 같아서 조용히 산책하는 것만으로도 힐링이 되는 공간이었습니다. 레스토랑의 식대는 결코 싸지 않지만, 맛과 서비스가 좋아 불만은 없었습니다. 다만 gym 같은 운동시설이나 하다 못해 산책로 정도만이라도 구비된다면 나무랄데 없이 훌륭한 호텔일 것 같네요. 자연 속 별장에서 조용한 휴식을 원하는 사람들에게 최상의 숙소가 될 것 같습니다."
2014.10.14,-,-,힐링을 하기 위한 여행이라면 무조건 강추! 풍경도 너무 아름답고 음식도 너무 맛있어요! 그리고 호텔안쪽에있는 방주교회는 정말 감탄할 수 밖에 없었습니다! 부모님 모시고 꼭 다시한번 가고싶은 곳이예요~
2014.11.06,-,-,포도호텔 정말기대이상이었어요 경치 좋고 특히 욕실에서 나오는 아라고나이트 온천수는 정말 잊지 못할거같네요... 다음제주여행에도 포도호텔 무조건 오기로 마음먹었습니다...포도호텔 초초강추
2014.11.06,-,-,포도호텔 정말기대이상이었어요 경치 좋고 특히 욕실에서 나오는 아라고나이트 온천수는 정말 잊지 못할거같네요... 다음제주여행에도 포도호텔 무조건 오기로 마음먹었습니다...포도호텔 초초강추
2014.11.16,-,-,너무 편안하고 좋았습니다. 레스토랑 음식들도 정갈하고 깔끔했습니다. 직원분들도 넘 친절하게 맞이해주시고.. 무엇보다 방안에 높은 천장이 넘 좋았어요. 침대도 넘 편해서 꿀잠 잤네요 ㅋ 가족들이랑 꼭 다시 가고 싶어요.
2014.11.18,-,-,덕분에 만족스러운 제주도 여행이 되었습니다. 온천물도 정말 좋아요. 직원분들도 정말 친절하구요.
2014.12.01,-,-,"직원들도 다들 친절했고 기대보다 넓은 객실과 자연을 향한 전망, 밤에 수많은 별까지 모든게 만족스러웠습니다. 또가고싶네요^^"
2014.12.04,-,-,"산책로가 조성되지 않은건 조금아쉽습니다. 온천욕하기 좋았고, 직원분들 친절하셨습니다. 날씨가 좋았다면 더 좋았을텐데 비가와서 아쉽습니다."
2014.12.09,-,-,포도호텔 한실에서 히노끼탕에서 온천은 굿굿굿!! 온돌방이여서 따뜻하고- ㅎㅎ 주변경치도 너무 좋은 포도호텔에서 힐링햇어요-ㅎ
2014.12.09,-,-,포도호텔 한실에서 히노끼탕에서 온천은 굿굿굿!! 온돌방이여서 따뜻하고- ㅎㅎ 주변경치도 너무 좋은 포도호텔에서 힐링햇어요-ㅎ
2014.12.16,-,-,하루였지만 정말 최고의 서비스를 자랑하는 호텔.. 특히 온천은 정말 너무 좋아서 아침저녁으로 계속 했어요. 피부가 어찌나 부드러운지. 그리고 투숙객의 경우 비오토피아 무료 이용.. 다음에 또 할인하면 가고 싶네요
2014.12.16,-,-,"한실을 이용했습니다. 청결상태는 매우 좋았어요. 레스토랑 음식도 맛있었고, 서비스도 좋았습니다. 온천욕도 아주 마음에 들었어요. 기회가 된다면 다시 가고싶어요! 참고로 현금인출기는 없고, 근처에 편의점도 없습니다. 렌트해오시면 문제가 없겠지만, 택시 이용해서 오시는 분들은 참고하세요^^"
2014.12.16,-,-,한실에 비해 전망이 좋습니다. 슬리퍼를 꼭 신고 다녀야 하는 불편함이 있지만 넓고 좋았어요. 다만 히노끼탕이 아닌 일반 욕조라서 온천수가 바로 바로 식어버리는게 단점이었습니다. 마지막 날 먹은 방어코스는 정말 최고로 맛있었어요!!!
2014.12.18,-,-,"입구에서부터 느껴지는 잔잔한 포도향과 친절한 직원들, 방안에 들어서니 테이블에서 직접 손글씨로 작성한 welcome letter까지 쭈욱 행복함을 느끼게 해주었어요. 곳곳에 있는 예쁜 미술품들, 중간중간 창을 통해 보이는 바깥 세상과의 소통, 눈이 엄청나게 쌓여 세상과 격리된 듯도 느껴지면서 너무나 아름다운 여행이었습니다. 가장 행복했던 순간은 온천 탕안에서 휴식을 취할 때였고 포도호텔의 미인온천수는 정말 갈 때마다 가슴 설레게 합니다. 즐거웠어요."
2014.12.20,-,-,예전에 우동먹으러 가보고 이번에 투숙했는데 조용하고 너무 좋았답니다 온천수도 정말 좋았고 골프장도 최고였어요 ^^ 겨울에 간다면 또 이용하고 싶어요~~
2014.12.25,-,-,"밤늦게 찾아갔는데 가는 길이 다소 험해서 어렵사리 도착했던 기억이 나네요. 어두워서 주위를 보지는 못했지만 다음날 아침에 눈오는 뷰와 주위 전망을 보니 다들 포도호텔~포도호텔 할만하다고 생각이 들었네요. 조식으로 나왔던 한식도 맛있구요. 와이프가 한실이 더 좋다고 하니, 다음번에는 한실로 한번 이용해보려 합니다.^^"
2015.01.04,-,-,조용히 쉬기에 포도호텔 만한곳이 없는듯 합니다 온천도 좋구요 눈이오니 호텔이 더욱 운치있네요
2015.01.05,-,-,아주좋습니다. 평소에 가보고싶었던 호텔이었고 서비스도 특급호텔이었습니다. 다시한번꼭 가고싶은호텔입니다.
2015.01.17,-,-,"가족끼리의 제주도 여행을 둘러보다가 인터파트에서 판매되고 있는 포도호텔을 선택하여 가게되었습니다. 일단 조용한 환경과 일반 호텔과도 다른 분위기가 좋았고, 친절한 호텔직원들, 온천수, 호텔조식 모든것이 마음에 들었으며, 특히, 오후 3시에 들어가 다음날 오전 10시까지 호텔에만 있었는데도 편안한 휴식같은 즐거움을 누릴 수 있었습니다. 좋은 곳에서 즐거운 여행을 다녀오게 되었으며, 다음에도 한번 그곳에서 휴식의 즐거움을 누리고 싶습니다.~^^"
2015.01.23,-,-,가족끼리 조용하게 지내실 경우 강추! 비가 내리니 더욱 운치있고 방해받지 않는 느낌이 좋았어요
2015.01.26,-,-,"한실로 신청하였다가 객실 마감이 되어서 양실로 갔다왔습니다. 한실과 양실의 차이는 욕실의 히노끼탕 유무인데, 양실도 좋았어요. 침대가 적당히 푹신하여 정말 좋았습니다. 조식은 거기가서 따로 결제해서 먹었어요. 성게 미역국 조식과 포도 조찬으로는 생선구이 + 그날의 국이 나와요. 음식도 너무 깔끔했구요, 프론트데스크 직원분들도 너무 친절하더라고요. 소문대로 디자인이 굿. 정말 건축 디자인이 왜 예술인지 알겠더라고요. 비오토피아도 들러서 물, 돌, 바람 박물관도 구경하고 왔습니다. 정말 최고였어요,."
2015.01.27,-,-,여러블로그에서 좋다고 하여 묵게 된 포도호텔은 정말 실망이었습니다.룸 컨디션도 특급호텔에 맞지 않은 면이 많았습니다. 옷장 안 종이 벽지는 뜯겨져 있었고 한실바닥은 곰팡이가 핀건지 색이 얼룩덜룩했습니다.어메니티도 블로그에서는 록시땅 제품이라 하였지만 가보니 중국제였고 저가제품인것 같았습니다. 시설도 실망이었지만 가장 불쾌했던 것은 이런 것들보다 직원들의 태도였습니다. 특히나 조식먹으러 갔을때 레스토랑의 직원들의 태도는 다시는 이호텔과 레스토랑을 찾고 싶지 않게 만든 가장 큰 이유입니다. 레스토랑에 들어가서 자리를 안내할때도 가장 구석진 곳으로 안내하더니 앉아서 물을 마시고 있는 우리 테이블에 와서는 조식쿠폰 냈냐고 물어보는 겁니다. 입장하면서 쿠폰부터 받을 때는 언제고 자리에 앉아있는 우리 부부에세 쿠폰냈냐고 물어보는데 기분이 좋 지않았습니다. 우리가 자리를 임의대로 앉은것도 아닌데 재차 쿠폰부터 물어보는 행태라니.. 그래서 꿀꿀한 기분으로 후다닥 조식을 먹고 자리를 뜨는데 나가는 길에 카운터에 여직원둘이 있더군요..그러나 둘은 레스토랑에서 손님이 나가는데도 인사조차 건네지 않더군요..결국은 우리부부도 화가 났고 서둘러 체크아웃을 마치고 기분이 언찮았던것을 호텔평가지에 적어 프론트 직원에게 건네면서 이호텔에 화가 났고 기분이 상했다고 말했습니다. 하지만 프론트에 있는 직원들 두명도 무슨일때문에 그러는지 묻지도 않고 사과한마디 안하더군요..최소한 고객이 불만이 있었다고 하면 무슨일때문인지 묻는것이 상식적인 태도 아닌가요? 웰컴과일약간과 손편지로 고객의 마음을 움직이려 하는 것이 아니라 특급호텔이라 자처한다면 그에 걸맞는 서비스와 고객응대가 뒤따라야 하는 것 아닐까 합니다.다른 고객에게도 그렇게 응대하고 있는지 어떤지 잘 모르겠지만 포도호텔에 많은 기대를 가지고 오는 고객들은 많은 실망을 안고 가지 않을까 생각이 드네요..다시는 발걸음하고 싶지 않은 호텔이었습니다.
2015.01.27,-,-,4박5일간의 가족들 여행중 마지막 날 머무른 포도호텔 디럭스 한실 2개를 2달전에 예약 한실을 고집한 이유는 워낙 인기가 많은 객실인 점도 있지만 제주여행 스케쥴을 너무 타이트하게 잡고 마지막날은 편안한 온천욕을 즐기면서 여행 일정을 마무리 하고팠다.. 10달 밖에 않되는 아들을 데리고 떠난 여행. 누님네 가족와 어머니까지... 모든 여행일정을 소화하고 이곳 포도호텔에서의 여유는 이번 여행의 하이라이트였다. 조용하고 편안하고 풍경이 멋있고 직원들도 친절하고 총 객실이 26개 밖에 않되는 포도호텔의 여유는 다른 호텔과 다른 편안하고 좋은 상품이었다. 조식까지 묶어 판매된 여행권이 너무나 편안했고 객실까지 깨끗해서 기분좋은 여행이 되었다
2015.02.03,-,-,"위치가 중산간 지대에 자리잡고 있어서 주변에 아무 것도 없지만 그래서 더 힐링이 되는 호텔이에요~ 들어서자마자 포도 향기 가득한 점이 좋았고 시설이나 디자인은 매우 훌륭했어요~ 한 가지 아쉬운 점은 객실마다 있다던 온천이 보수공사로 인해 사용불가 였다는 점~~ 체크인할 때 따로 안내해주지 않아서 모르고 있다가 물어보니 프론트에 안내표시판 배치해두었다고 하더라구요~ 근처에 있는 비오토피아 온천을 사용할 수 있는 쿠폰을 주셔서 사용했어요~ 안 물어봤으면 온천 사용 못할 뻔 했네요~ 비오토피아 온천은 너무 잘 되어 있어서 안내 못받은 서운함이 가실 정도였어요~ 그래도 미리 안내를 받았더라면 하는 작은 아쉬움이 있어요~~ 시설이나 위치, 디자인, 경치 모두 힐링하기에 최적의 호텔인 거 같아요~ 다만 가격은 다소 비싼 게 아닌가 싶네요~"
2015.02.11,-,-,호텔이 조용하고 마음에 듭니다 객실내 침구. 히노끼탕. 온천. 테라스 등등.. 모두 마음에 들었습니다 ( 온천은 양실만 가능하니 참고하세요) 눈이 많이 왔었는데 아침에 차 위에 있던 눈도 직원들이 모두 치워 둔 모습을 보고 정말 감동 받았습니다 아주 세심하고 모든것에 신경을 쓴다는 느낌이 들었습니다. 조용한 여행을 원하신다면 포도호텔만한 곳이 없습니다.. 아주 최고 입니다
2015.02.11,-,-,제주도가면 꼭 머무는곳 핀크스 포도호텔!! 아라고 온천도 너무좋고 전망도 좋고 조용하고 힐링하기 딱좋은 호텔이예요!
2015.02.13,-,-,"제주 가기 전 어느 숙소를 할지 한참 검색했는데.. 아기 낳고 다녀왔던 포도호텔 한실이 너무 마음에 들어서 다시 포도호텔로 결정했다! 가는 날까지 온천수가 안나온다고 해서 아쉬웠지만 아기 목욕하기에는 그냥 온수, 냉수 섞어도 될것 같아서 여기로 결정! 약간 늦은 점심을 먹고 3시가 조금 넘어서 도착한 포도호텔..^^ 어른 5명, 아기 1명 예약했고 미리 아기 침대와 젖병소독기를 요청했지만 젖병소독기는 없어서 부탁하면 레스토랑에서 젖병을 삶아준다고 하셨다..ㅋㅋ 그건 아무래도 염치가 없는것 같아서 침대만 부탁드렸더니 미리 딱 세팅이 되있네..^^ 고즈넉한 포도호텔 한실..^^ 일월화 3일중에 일월 갈지 월화 갈지 고민했는데 월화는 한실이 만실이라 고민없이 일월로 결정! 미리 준비되어있던 범퍼침대.. 우리 집에도 없는 범퍼침대..ㅋ 이런데 와서 써보는구나.. 곱개 개켜진 전통 이불도 너무 마음에 든다 아이고~ 함박이 좋겠네..^^ 오늘 밤 여기에서 코~ 하고 넨네하자..^^ 미닫이 문을 닫으면 독립적인 공간이 되는 싱글침대가 4개 있어서 남편, 아빠, 동생은 각각 잘자고.. 엄마랑 나랑 아기는 거실에서 같이 잤다..^^ 한실을 고집할 수 밖에 없는 히노끼탕.. 온천수가 안 나와서 아쉽지만 히노끼탕만 해도 충분히 좋다 수건도 얼마나 넉넉히 준비해놓으셨는지 6명이서 퇴실때까지 다 못쓰고 나왔다.. 다들 저녁, 아침으로 목욕을 2번씩 했는데도 말이다 욕조도 2개 마련되어있고 욕조랑 별도로 이렇게 화장실도 따로..^^ 기본인원 4명에 최대 인원 8명인데.. 정말 8명이 다 와도 불편할게 없을 거 같은 호텔이다 테라스 밖으로는 제주도의 눈이 하염없이 내리고.. 현무암 위에 쌓여가는 눈이.. 마냥 즐겁다... 눈 오면 경상도 사람이랑 개만 좋아한다더니.. 우리는 6명 다 경상도 사람이니 좋아할 수 밖에.."
2015.02.16,-,-,지난 13-14일 한실 이용하였습니다. 포도호텔 자체는 익히 듣던대로 멋진 외관을 자랑하더라구요. 인원추가해서 3명이서 이용하였는데 늦게 도착해서그런지 모르겠지만.. 미리 추가 침구와 추가 수건이 준비되어있지 않다는게 약간 아쉬웠습니다. 그리고 한실이라는 특성상 따뜻한 아랫목을 기대했었는데... 바닥에서 난방이 되는 것이 아니라 다른 호텔처럼 천장에서 온도를 조절하는 시스템이더라구요. 이 것 역시 약간의 실망이었습니다. 물론 다른 시설이나 청결도는 만족스러웠습니다. 특히 포도호텔에서의 식사는 아주 맛있었습니다. 가격대가 좀 높은 것을 빼고는^^;; 다음에 또 방문할 의사는 있습니다. 대신 서비스에 조금 더 신경써주시면 좋겠습니다!^^
2015.02.22,-,-,"평온함과 휴식이 필요할때 힐링이 되는 호텔 입니다 친구들, 가족들과 함께라면 좋아요"
2015.02.23,-,-,"휴식을 취하러 갔던 포도호텔 ㅎㅎ 온천수 콸콸 받아서 좌욕도 하고, 룸서비스로 먹은 포도우동이랑 아이스크림도 너무 맛있었어요!! 전체적으로 깨끗하고 스탭분들도 친절하시고 ㅎㅎ 웃풍든다는 글이 있어서 걱정했는데 저희가 묵었던 방은 웃풍도 없이 따끈하게 잘있었습니다 ㅎ 다음에도 또 가고싶네요^^"
2015.03.01,-,-,공항에서 시간은 좀 걸려서 찾아 갔지만 프론트에서부터 와 ~ 하고 감탄사가 나올정도 멋진 건물에 건물구조도 특이하여 그런지 색다른 경험이었습니다 제주도에서 온천을 ? 상상할수 없어지만 2천미터에서 뽑아올린 온천이고 일본에서도 이런 성분에 온천이 몇군데 없다고 하니 정말 잘 온것 같습니다 하루 동안 정말 잘 쉬었다 갑니다
2015.03.04,-,-,일하시는분들도 너무 잘해주시고 우선 숙소가 너무 좋았어요. 잘 지어진 건물과 느낌있는 방. 다음에 또 가고 싶은 곳입니다. 밖의 날씨가 추워서 안에 오래 있었는데. 심심하지 않고 온천도 하고 좋습니다.
2015.03.08,-,-,"호텔이지만 객실이 적고 단층이라 독특한 매력이 있겠구나 싶어 예약.. 고가이지만 그나마 할인되는 곳은 인터파크 밖에 없더군요.. 암튼 객실이 넓고 한적한데다 객실마다 온천욕을 할 수 있어서 무척 좋았습니다.. 조식으로 나오는 한식은 정말이지 하나도 맛없는 찬이 없더군요.. 수란에 낙지젓갈, 장조림, 고등어구이, 나물, 김치..구운 김마저 맛있었어요.. 인위적인 편의 시설은 없지만 조용하고 한적한 제주를 느끼고 싶다면 강추합니다..^^"
2015.03.09,-,-,어우. 전날 롯데호텔 갔다가 포도호텔갔는데.. 품격이 틀렸어요. 방도 좋고. 욕실도. 분위기도. 너무 좋았습니다. 다만 주변에 바다가 없고 밤에 숙소들어갈려니 도로가 무서운거빼고 최고였어요.. 다음에 제주가면 또가려구요!
2015.03.10,-,-,여행을 할때마다 인터파크를 이용하게 되는거같습니다. 시설도 좋고 방도 깨끗하고 너무 잘 이용하고 왔습니다. 감사합니다.
2015.03.23,-,-,"결혼 10주년이여서 쌍둥이 아이과 함께 다녀온 제주도 첫날 숙박을 포도호텔에서 하게되었습니다. 우선 찾아가는데 너무 고생을 해서 (안개가 너무 심하고 비도 살짝 내려서) 불안불안 도착을 하였는데 우선 입장하자마자 포도향이 나서 기분이 좋았고, 넓은 객실이 마음에 들었습니다. 룸서비스로 우동과 김치찌게와 아이스크림을 맛있게 호로록하고 온천수로 목욕을 하고 나오는데 피로가 싹 풀려서 아이들과 푹 잘잤습니다. 다음날 호텔 조식으로 정식과 미역국도 맛있게 잘먹었습니다. 호텔내에 있는 구조물도 마음에 들어서 연신 카메라 셔터를 눌렀네요. 기상이 안좋아서 전체적인 풍경이나 비오토피아 박물관을 못들려본것이 아쉽네요 다음에 제주에 또 가게된다면 꼭 비오토피아 박물관에 가고 싶네요~ 즐거운 경험이였습니다~"
2015.03.30,-,-,"예전부터 너무 가고 싶었는데, 요즘은 인터파크에서도 예약이 가능하여 다녀왔습니다. 이 호텔에 가기 위해 제주도를 갔다고 해서 과언이 아닐 정도로.. 너무 가고 싶었거든요. 여러 후기에서도 볼수 있듯이 조용하게 힐링할 수 있는 호텔이구요 건축물이 정말 멋집니다. 건물 내부에 창을 내어 빛이 들어오는 구조나.. 이런게 정말 기막혀요.. 하나의 예술품 같은 호텔이었습니다. 정원에는 각종 야생식물들을 심어놔서 정말 아기자기하구요 산 중턱에 있다보니 산새 지저귀는 소리가 어찌나 예쁜지.. 객실 내부도 정말 넓고 (좀 휑한 느낌이 들 정도로...) 가구들도 좀 오래되어보이고 요즘 스타일은 아니지만.. 정말 잘 관리가 된듯한 고풍스러운 느낌이 있어요. 그런데 좀 아쉬웠던 점이 있다면 1. 객실의 온수 및 온천수가 최대온도로 틀어도 그닥 뜨겁지가 않아요. 그냥 미지근 했어요.. 2. 호텔 입구에서부터는 포도향이 은은하게 퍼지는게 건물 밖에서는 약간 소똥냄새 같은게.. ㅡ,.ㅡ;; 3. 그리고 저희는 뚜벅이로 여행가서 체크아웃 후에 프론트에서 불러주는 콜택시를 타고 나갔는데요.. 택시 기사가 완전 바가지를 씌우더라구요. 제가 본 어떤 블로그에서는 포도호텔에서 불러준 택시를 타고 나왔는데 나중에 보니 모범택시였더라... 한 글도 있었거든요. 콜택시 업체 좀 양심있는 데로 선정해 주세요. 어쨌든 제주에 다시 가게 된다면 꼭 1박씩은 묵게 될 호텔 같습니다."
2015.03.30,-,-,"우선은 호텔 디자인이 특이하고 조용한 곳임은 틀림이 없습니다. 저는 휴양을 목적으로 간거였기 때문에 불편하지 않았지만, 너무 외진곳에 있으며 부대시설을 이용할 것이 전혀 없어 노부부나 새로 불타는 연인들(ㅋㅋ)이 아니고서는 비추일 것 같습니다. 또한 마트나 편의점도 구비되어 있지 않고, 커피 한잔도 레스토랑에서 마셔야 하기 때문에 비용 부담은 클 것 같습니다. 오후에 입실하여 저녁에는 룸서비스를 하였고, 만족할 만한 수준이었습니다. 직원들 모두 친절하였고, 침구류도 깔끔하여서 저는 대체적으로 만족합니다. 이용하시는 분들이 참고가 되었으면 합니다."
2015.03.30,-,-,"작년 제주도 방문 시 꼭 한 번 와 보고 싶다고 생각했던 호텔입니다. 일단 주변이 매우 조용하고, 옆 방 소리도 잘 들리지 않아서 힐링하기 딱 좋았어요. 저희는 한실에 묵었는데 온천수가 나오는 히노끼탕은 최고였습니다! 물줄기가 좀 약한 것이 단점이니 여유 있게 물 받으시면 좋을 것 같네요. 외관도 독특하고 조식 또한 맛있어서 기분 좋게 묵었습니다."
2015.04.02,-,-,"온천수의 수질이 무엇보다도 좋았습니다 호텔 직원들도 모두 친절하였고 창으로 내다보는 정원이 무척 아름다운 방이었습다 부모님과의 여행이 진정한 힐링이 되는 조용한 휴식의 시간이 되었습니다 감사합니다 아, 그리고 저녁식사로 소바누들을 택했는데 아주 탄력있고 쫄깃한 식감이 일품이었습니다"
2015.04.06,-,-,호텔 정말 대만족합니다. 기대 많이 했는데 정말 만족해요. 룸이 깨끗하고 역시 듣던데로 인테리어에 정말 반했습니다. 서비스도 친절하고.. 정말 기억에 남는 추억이 되었습니다. 체크아웃하기 싫어 꽉 채워 나왔습니다. 다음에 또 갈예정입니다.!!!!!
2015.04.20,-,-,태교여행으로 간 포도호텔에 마침 비가 왔습니다. 비안개에 자욱한 포도호텔의 전경은 고즈넉하고 마음이 가라앉았습니다. 빗소리에 창밖을 보고 있자니 저절로 힐링이되는 기분이였습니다. 시간만되면 몇 일동안 지내고 싶은 쉬기에는 안성맞춤인 호텔이였습니다. 다음에는 맑은 날 또 들러보고 싶네요...
2015.04.27,-,-,말이 필요 없는 호텔입니다. 쉼을 필요로 하시는 분들에게 추천드립니다. 객실의 창을 열고 정원을 감상하시고 객실 내 온천을 통해 피로도 푸시고
2015.05.03,-,-,"2박 3일 가족여행으로 포도호텔을 선택했습니다. 나이가 들수록 사람들이 북적이는 곳 보다는 고즈넉한 곳을 찾게 됩니다. 그러한 저의 필요에는 아주 적합한 곳이었습니다. 이전에는 신라호텔을 이용했었습니다. 신라는 세련되고 군더더기 없는 곳이지만, 새소리가 들리는 진정한 힐링은 이곳에서 발견할 수 있었습니다. 장점: 숙박인원이 적고, 한적함 히노끼탕과 온천을 마음껏 즐길 수 있음 뷔페식이 아닌 조식 한 상 침대 넓음 단점: 렌터카가 아니면 불편할 듯 조식 맛은 그저... 산책로가 썩 잘 되어있지 않음 어린이 동반 시, 호텔 내 부대시설 거의 없어 지루할 수도... 단점도 있지만, 다음에 제주를 방문해도 포도호텔로 가려고 합니다. 고민 없이 다시 예약할 수 있는 그런 곳이었습니다. 자연과 함께 마음에 여유와 평안을 얻을 수 있는 곳! 다시 가고 싶네요:)"
2015.05.04,-,-,지금까지 간 호텔중에선 제일좋았습니다 가격대가 좀 있긴하지만 전체적으로 단층구조로 되어있으며 천정또한 목조 구조로 되어있어 깔끔합니다 욕실의 경우 히노끼탕으로 온천을 즐기기에 좋구요 나무랄곳 없는 호텔입니다
2015.05.06,-,-,"제주에서 3박을 보냈지만 다른 밤들은 마지막날이었던 포도호텔을 위한 날들이었다. 제주에서의 행복은 포도에서 그 끝을 보았다. 오롯이 나만을 위한 공간인 히노끼탕도 너무 감동스러웠다. 히노끼탕을 해본 후 별로 안좋아했던 일본을 가보고 싶어졌을 정도이다. 자연과 어우러지는 밤을 선물받은 포도 호텔은 최고다. 다만, 조식은 별로다."
2015.05.06,-,-,Goooooooooooooooooooooooooooooooooooooooood~~~~~~~~~~~
2015.06.01,-,-,언제가 한 번쯤 포도호텔에서 꼭 묵어보고 싶었는데 이번에 기회가 생겨 묵게 되었습니다. 일단 가격이 쉽게 접근하기 어렵더라구요. 하지만 큰 맘 먹고 1박이니까 하는 마음으로 예약했습니다. 그런데 한 번의 위기는 있었어요. 더블은 마감이 되었다고 해서...;;; 다행히 세미더블(슈퍼싱글)이라고 하길래 트윈으로 바꿔 예약했습니다. 상상하던대로 동양미가 물씬 풍기는 단아한 호텔이었구요. 욕실이 넓직해서 사용하기 좋았습니다. 온천수도 나오구요~ 객실 수가 총 36개라 일단 호텔 자체가 조용합니다. 어떤 분들은 적막하다고 할 수 있을 정도??? 비교하자면 신라호텔은 총 객실수가 459개 정도라죠?? 골프클럽하우스가 바로 옆에 있어 골프치러 오신 분들한테 특히 좋을 것 같구요. 저처럼 엘리베이터 오르락 내리락 하기 싫어하시는 분들한테 희소식인데 여긴 전부 1층으로 구성되어 있어 엘레베이터 타실 일이 없습니다. 단층이면 뷰가 안 좋을까봐 걱정하시겠지만 여긴 사방팔방이 다 자연입니다. 중산간의 자연을 오롯이 느끼면서도 15분 거리 내 중문관광단지가 인접해 있어 놀다 오시기에도 좋구요. 한 번쯤 힐링삼아 다녀오시기에 좋은 곳으로 추천해드릴게요. 가격이 좀 더 저렴했더라면 더 좋았겠지만 저는 꼭 가보고 싶었던데라 만족합니다. 그리고 조찬도 뷔페식이 아니고 한 상 차림이라 깔끔하고 특이해서 좋았습니다.
2015.06.04,-,-,"많은 분들이 올려주시는 사진들을 보면서 상상은 하였지만, 상상이상으로 힐링이 되는 곳이었습니다. 다만, 다른 부대시설은 없기 때문에 조용히 쉬고 싶은 것이 아니면 심심할 수 있을 것 같아요. 다시 가고 싶은 곳입니다."
2015.06.06,-,-,조용하고 깔끔하고 좋은데 ... 너무 조용함. 조금 시끌벅적한 분위기 찾으신다면 다른곳 알아보시는게
2015.06.08,-,-,한라산 중턱 위치. 한적하고 평화로운 분위기 넓고 깨끗한 객실. 프로모션으로 온천 사용권이 제일 좋았음.
2015.06.18,-,-,"일본 고급료칸 같은 호텔, 진짜 휴식을 할 수 있는 진정 아름다운 호텔입니다. 제주도 여행을 거의 1년에 2번 이상은 가서 15번 정도 여행을 다녀 왔는데요, 신라호텔 등 특급호텔들도 좋지만, 굳이 숙박을 하자면, 포도호텔에 더 점수를 주고 싶네요. 한라산 중턱?에 자리하고 있어서 그 특유의 분위기와 은하수 같은 별들도 보이고, 사진으로 보면 아시겠지만, 일본 고급료칸 같은 고급스러운 분위기에 온천이 매력적인 별 5개 강추인 호텔입니다. :)"
2015.06.23,-,-,"그 동안 레스토랑 방문만하다가 이번 기회에 연이어 이틀간 숙박을 하게되었는데, 조용하고 한가로운 숙박에는 최적의 장소인 것 같습니다. 중문지역처럼 번잡하지 않고 주변에 멋진 관광 코스도 있어서 방주교회,핀크스,본태박물관,카멜리아 힐도 여유롭게 즐길 수 있었습니다. 객실 내부에서 온천 수 이용이 가능한데다가 근처에 온천 annex까지 이용할 수 있어 좋았고요 체크아웃땐 온천수로 만든 미스트까지 선물해주시더군요. 조식도 타 호텔처럼 뷔페식 아메리칸식이 아니라 고등어구이 한 상 차림에 성게 미역국 등까지 선택할 수 있어 숙박비가 전혀 아깝지 않았습니다. 근처 지역은 차량 안내까지 해주셔서 정말 감사했습니다. 전체적으로 조용조용한 호텔 흐름처럼 자연스러운 서비스가 좋았습니다. 투숙객 모두의 편의에 최대한 맞춰서 신경 써주시는게 좋았구요 룸서비스 가격도 나쁘지 않은 편이고 식사는 제주 어느 식당 못지 않게 맛있습니다- 객실 사진만 봤을 때는 그냥 고급스럽다라는 느낌이였는데 투숙해보고 나니 진정 포도호텔의 진가를 더 알고 간 느낌입니다~~!"
2015.06.29,-,-,시설 좋고 조용.. 또가고싶어요!! 시설 좋고 조용.. 또가고싶어요!! 시설 좋고 조용.. 또가고싶어요!!
2015.07.13,-,-,하필 태풍때가서 개인풀 이용을 못해서 너무 아쉽고 비바람이 심했는데 로비랑 룸이랑 우천시 비를 피할 통로 같은게 없는게 아쉽 복층에 정면 통유리라 날씨가 좋지않은날엔 소음이 ㅠㅠㅠㅠㅠㅠㅠ 주변환경이 아직 정돈이 안된느낌? 그러나 객실에서 보이는뷰와 호텔 위치는 좋았어요 객실은 신축복층 오피스텔 느낌이에요;; 아마 맑은날에 스파풀 이용하고 주변 산책했다면 좋았을듯 제주도 호텔에 식상해진 분이라면 만족할듯
2015.07.15,-,-,외국인 삼촌을 위해 선물했어요.. 좋으셨답니다. 다만 한라산쪽이라서 시내와는 거리가 좀 있네요
2015.07.15,-,-,친절하고 좋은 여행이었습니다. 맘에 들었고 다음에도 또 이용하고 싶어요.. 가격이 조금 저렴해졌으면 좋겠어요
2015.07.31,-,-,"여태까지 많은 호텔을 다녀봤는데.. 이렇게 편안한 느낌을 주는 안락할 호텔은 거의 없었던 것 같습니다. 롯데, 신라 등의 큰 호텔에서 느낄 수 없는 방문객에 대한 세밀한 배려가 로비의 책이나, 객실의 곳곳에 묻어있었습니다. 객실앞에서 바로 보이는 잔디와 풍경은 지친 마음과 몸에 휴식을 제공하기에 충분하였고, 특히 1층 아침식사 레스토랑의 음식과 서비스는 최고입니다. 늘 그렇듯이 획일적인 호텔의 아침 부페와는 달리, 정해진 메뉴로 서빙되는 것이 너무 좋았습니다. 음식의 맛은 두 말할 나위가 없었구요. check-out할 때 온천수로 만든 미스트까지 챙겨주는 직원의 서비스 정신에 감사의 마음을 표합니다. 잘 쉬고 갑니다."
2015.08.06,-,-,"부모님, 언니네 가족과 6인 일박투숙 했는데 호텔 들어오자마자 다들 감탄했어요. 인근도 조용하고, 호텔에서 하루종일 있어도 좋을법한.. 호텔내 수영장이 없던건 아쉽고, 근처에 식당이 없어 머ㄹ리 나가야했던거 말고는 만족합니다"
2015.08.07,-,-,"이번에 처음으로 여름패키지를 선택해서 갔습니다. 조식+해피아워+디아넥스수영장/온천이 포함되어 있었지요. 조식은 아무거나 고를 수 있었는데, 포도조찬이 제일 나은 것 같고, 성게 미역국도 좋았어요. 조용하고, 아늑해서 쉬러 가기에 정말 좋았어요. 해피아워에는 쥬스와 스큰1개, 비스킷 1개...뭐 큰 메리트는 없었지만... 더울때 잠시 쉬니 좋더라구요. 디아넥스는 7월에 오픈한 호텔인데, 본태 박물관 바로 옆에 있었어요. 오픈한지 얼마 안되서 사람이 아무도 없어서 우리만 전세내서 사용한 것 같은... 온탕 2개와 냉탕 한개로 작아요.. 수영장도 유아풀 하나와 성인풀 한개 입니다. 포도호텔은 정말 다시 가고 싶은 곳이예요.."
2015.08.10,-,-,"지난 주 2박으로 포도호텔 다녀왔습니다. 객실 내 히노끼 온천 탕이 있어 유아 아이들이 잘 놀았습니다. 조용하고 한적한게 어른들이 쉬시기에 적합한 곳 같았습니다. 산책로나 수영장등 부대시설이 없어 아이동반가족에게는 다소 심심하였습니다. 조식도 같이 되었는데, 룸에서 식사 할 수 없는 점은 다소 아쉬웠습니다. 커피나 다과 정도는 식사하는 손님들이 가볍게 즐길 수 있도록 준비 해주시는게 어떨가 생각합니다."
2015.08.18,-,-,산 속의 조용한 핀크스. 고요하고 조용하고 차분합니다. 한실방은 매우 넓고 쾌적하며 옷장과 연결된 욕실구조가 맘에 듭니다. 히노끼탕 좁지만 흡족하구요. 비와 안개가 가득하여 꿈속 비밀화원에 머물다 온 느낌입니다.
2015.08.18,-,-,"신라보다 좋았던 핀크스 2박3일 제주 여행을 통해, 신라와 핀크스를 다녀왔는데요. 조용하고 한적한 분위기를 느낄수 있는 핀크스 포도호텔 좋았습니다!"
2015.08.20,-,-,룸에서 보는 나만의 정원은 역시 최고 였어여~ 새우우동은 먹어본 우동중에서 단연 최고 가격이 아주 비싸지만 지갑사정이 허락된다면 자꾸자꾸 가고 싶어져요 온천수도 너무 좋고 조용하고 부모님과 함께 가기 정말 좋아요~
2015.08.28,-,-,기대했던것 만큼 정말 좋았습니다. 다음에 제주도에 가면 또 투숙하고 싶은 호텔이예요!
2015.08.30,-,-,두말하면 잔소리. 대한민국 최고의 럭셔리 호텔이다. 연예인도 왔다갔다하고.. 유일한 문제는 너무 비싸다는거...
2015.08.31,-,-,객실 숫자도 적고 산 중턱에 위치한 곳이라 조용한 휴가를 즐기길 원하시는 분에게 추천합니다. 도보로 이동헤서 간단한 물품을 살만한 곳이 없이니 체크인 전에 장보는게 편하실겁니다. 호텔 숙소에서 오랫동안 쉬어본게 오랜만이라 만족스러웠습니다.
2015.09.09,-,-,저희는 디럭스 한실에서 묵었는데 히노끼탕으로 힐링..바깥뷰를 보면서 힐링.. 아넥스에서 수영과 사우나도 이용했어요. 차량으로 이동까지 해주시니 불편한 건 모르겠더라구요. 다음엔 부모님 모시고 가고 싶어요.
2015.09.10,-,-,포도 호텔 역시나 힐링하기 좋은 곳이더라구요 전반적으로 조용하고 룸에서 보는 풍경도 너무 조았고 편안했어요. 특히 직원들이 친절해서 편하게 지내다 왔어요
2015.09.11,-,-,세계적인 건축가이자 화가인 재일교포 출신의 이타미 준의 작품으로 제주의 오름과 초가집을 모티브로 자연과의 공존이라는 설계철학을 담아 만들었다는 제주 포도호텔 편안하고 조용한 휴식을 원하신다면 추천합니다
2015.09.12,-,-,"위치도 조용하고, 방마다 구분도 잘 되어있으면서도 막혀있지 않아서 굉장히 쾌적하고 조용하게 지낼 수 있었어요. 모두 1층이기 때문에 답답한 도시생활하다가 묵은 이곳은 정말 힐링~~ 객실에 나오는 온천수, 식사도 모두 만점입니다^^"
2015.09.15,-,-,부모님과 함께 한 가족여행. 한실로 선택해서 했는데요. 부모님이 너무 좋아하셨어요. 폰에서는 사진은 안올려지네요. 가족과의 여행으로 강력 추천입니다.
2015.09.18,-,-,오랜만에 한국에 가야할일이 생겨 겸사겸사 제주도를 방문하였습니다. 포도호텔의 모든것에 만족하였습니다. 아무생각없이 휴식을 취하고 싶었는데 100%이상 만족하였습니다. 1. 가장 좋았던것은 포도호텔의 음식이였습니다. 특히 아침에 일어나서 따스한 밥과 미역국 그리고 정성어린 깔끔한 밑 반찬은 배속을 따뜻하게 해줌과 동시에 마음도 따스하게 해준것 같습니다. 특히 서비스를 해주시는 모든 분들은 Professional이였고 그들의 서비스에 매우 편한한 만족을 주었습니다. 2. 호텔의 청결상태는 The Best 였습니다. 특히 보통 다른 호텔에서는 돈을 내야 하는 호텔안의 냉장고의 간단한 음료와 과일이 무료로 제공되어 작은 부분이였으나 많이 좋았고 과일은 매우 기분좋은 서비스였습니다. 3. 호텔의 워낙 한적한곳에 있어서 그 주위를 산책하는것도 또 새로만든 호텔과 연결된 온천은 워낙 사람이 없었을때라 충분한 휴식을 주었습니다. 휴식이 필요하다면. 추천 드리고 싶은 곳입니다.
2015.09.23,-,-,독채 느낌의 1층 멋진 뷰를 볼 수 있어서 좋았네요. 총 객실이 26개 밖에 되지 않고 모두 1층이라 조용하고 고즈넉하게 즐기는데 아주 그만인것 같습니다
2015.09.30,-,-,"추석 연휴 로얄 한실 1박 이용했습니다- 소문대로 시설면이나 경치 어디하나 빠지는 것 없었습니다. 특히, 룸서비스로 먹었던 우동 세트도 최고였습니다. 그리고 냉장고에 있던 모든 음료, 맥주, 과일등을 무료로 이용할 수 있었던 것도 좋았구요- 다만, 아쉬운 것은 조식이 잘 나온다고 했으나, 기대가 너무 커서 인지 제 입에는 그냥 그럭저럭 나쁘진 않았으나 딴 호텔 조식보다 와~ 할 수준은 아니라고 봅니다. 암튼 대체적으로 별 5개 중에 4개 이상은 보장드립니다. 다음에 또 이용할 겁니다."
2015.10.03,-,-,위치가좋고 주변풍광이 아름다워요. 레스토랑 음식도 맛있습니다. 조용하고 휴식하기좋은 곳이에요. 다음에제주도갈때도 꼭 가고싶습니다. 한라산 공기를 맞으며 힐링하고싶은분들께 추천합니다.
2015.10.05,-,-,청결하고 조용하고 푹쉬다 오기 좋습니다. 음식맛도 괜찮았구요. 아이스크림은 또 생각날 정도로 인상깊었어요. 미니바도 무료으로 이용해서 정말 좋았습니다. 앞 테라스는 비가 많이 와서 이용은 못하였지만. 날씨가 좋았다면 꼭 나가서 힐링하고 싶은 곳이였습니다. 다음 제주도 여행에서도 이곳을 꼭 다시 이용하고 싶어요.
2015.10.13,-,-,"제주 머무는 동안 롯데호텔 2박, 핀크스호텔 2박 하였습니다. 신라, 롯데 호텔등 대형 리조트호텔과는 조금 다른 느낌의 포도호텔. 정갈하고 조용하여 정말 휴식하러 온 느낌을 주는 호텔이었습니다. 특히나 객실에서 보이는 뷰는 그냥 바라보고만 있어도 매우 힐링되는 느낌이었습니다. 깔끔한 조식도 만족스러웠습니다. 저는 오히려 롯데호텔보다는 포도호텔이 훨씬더 편안한 느낌이 들었습니다. 다음번에 제주에 온다면 다시한번 묵고 싶은 호텔이었습니다."
2015.10.27,-,-,상품평을 이제서야 남기네요. 첫가족여행이라 다섯식구가 한방에 오붓하게묵을 숙소를찾다가 포도호텔을 알게되었어요. 부모님께서 아주 좋아하시더라구요. 고즈넉한 호텔분위기에 밖에나가기 싫을정도였어요. 가장 좋았던건 객실내 욕조에서 온천욘을 할수있었다는것! 꼭다시가고싶네요.
2015.10.29,-,-,"엄마랑 단둘이 처음 하는 여행에 제주를 선택했고, 제주 여행의 마지막날 포도호텔을 선택한건 정말 최고의 선택! 날씨도 너무 좋고 경치도 좋았지만 무엇보다도 엄마가 너무 만족하시며 좋아하시는 모습을 보며 정말 너무 행복했습니다. 친절한 직원분들과 청결한 객실. 멋진 경치와 따뜻한 온천 수. 그 무엇도 빠지지 않게 완벽했던 3박 4일의 마지막 날 밤을 기분 좋고 행복하게 보내게 해주셔서 감사합다 ^^ 엄마가 나오기 싫어하셔서 비용을 추가 지불하고도 좀 더 있고 싶었지만 그러지 못해 조금 아쉬웠어요ㅠ 그래도 공항 가기전의 일정을 취소하고 퇴실시간까지 꽉 채워서 있다가 나왔네요 ㅋ 무튼, 다음번 제주 여행에도 꼭 포도호텔에 머물자고 엄마랑 약속했어요 그땐 이번에 함께 하지 않은 아빠와 남동생도요ㅎ 그때도 친절한 서비스와 멋진 포도호텔의 전경 기대하겠습니다 ㅎ"
2015.11.24,-,-,"포도호텔...너무 좋았습니다. 방에서 보이는 바깥 풍경이 너무 멋있었고요, 마보기오름이랑 포도올레 둘다 산책하면서 힐링도 많이 되고, 조찬도 깔끔했고, 직원들도 친절하고, 온천수도 좋았습니다. 다음에 또 가고 싶네요!!"
2015.11.27,-,-,"핀크스 호텔!! 이름도 낮선 이 제주도의 호텔은 신선한 경험을 주었네요 공항에서 차로 거의 1시간 30분 정도 걸리는 거리나 비싼 가격에도 좋다는 얘기를 듣고 가게 되었습니다. 결론은 한번은 와 보면 좋다는 거네요. 명상,선 뭐 이런 관점으로 조용하고 아늑하네요 마침 또 제가 간 다음날 아침 조용하게 비가 내리는데 창으로 보이는 제주도의 풍경이 한폭의 수묵화처럼 보여요 ㅋㅎ 창으로 보이는 경치가 최고인 건 아니지만 느낌은 최고 시설은 좋지만 가격을 고려했을 때 그냥 무난한 정도니 그런 걸 기대하시면 실망하실 수도"
2015.11.27,-,-,처음 객실 들어갔을때는 좀 실망스러웠어요 고급진 한실을 생각했었는데 그냥 좀 낡은 느낌도 없지 않아있고.. 온돌이긴 하지만 불을 떼주진 않고 히터라 그것도 좀 엔지였고요. 하지만 이틀 머물며 투숙해보니 알겠더라고요 내집처럼 너무 편안했어요. 그게 이 곳의 가장큰 메리트인것 같아요. 여행지에서 내집같은 편안함을 느낀다는..부모님은 카펫보다 온돌을 익숙해서 더 좋아하셨는데 저는 카펫이 위생상 별로 좋지 않을것 같아서 온돌도 마음에 들었습니다. 특히 욕실이 너무 좋았어요. 히노끼욕조와 온천수가 여행의 피로를 말끔히 매일 씻어주었고요. 온천수질도 상당히 좋았습니다. 공간이 넓어서 씻고 하는데 너무 쾌적했습다. 조식도 정갈했습니다. 반찬 많이 나오는것 보다 몇가지 찬만 나오더라도 제대로 나오는게 좋은데 포도가 딱 그랬던것 같습니다. 튀김우동은 탁월했고요. 건축 설계의 미적 아름다움이나 가치 뭐 이런건 처음 볼때 뿐이고 실제 투숙하면서는 편의성이나 서비스를 보게되더군요. 서비스도 괜찮은 편이었습니다.
2015.12.05,-,-,포도호텔...저녁 해질 무렵 숙소에 도착했는데 산방산 너머 바다로 석양이 그림같이 예뻤습니다..웰컴프룻으로 귤과 사과.. 무료 미니바에 로아커웨하스 프링글스 페리에 생수4개 맥주2캔..등등 잘 구비되어 있어 좋았고 룸서비스로 시킨 깐풍소고기도 아삭아삭 튀김맛도 살아있고 소스도 새콤달콤 대체적으로 만족스러웠습니다..객실이 조용하고 야외로 바로 이어지는 큰창이 룸 전면으로 있어 정말 좋았습니다 한가지 아쉬운 점은 객실 천정이 높아서 그런지 따뜻하지 않아 조금 춥게 느껴졌다는 거..조식을 포함해서 그 외 서비스 등등 모두 맘에 들었어요
2015.12.16,-,-,생각보다 좀 낡은듯했지만 쉬고 온 느낌이 딱 드는 아주 좋은 여행이었어요. 온천물 좋으니 목욕 많이 하고 가세요 ㅎㅎ 물이 젤 맘에 들었어요. 그리고 아기있다하니까 범퍼 침대도 넣어주더라구요. 참고하세요
2015.12.21,-,-,휴식하기에 최고의 공간이었습니다. 덕분에 좋은여행하고갑니다 다음에도 꼭 다시가고싶은 호텔이었습니다
2016.01.05,-,-,포도호텔 이번에 1/1에 다녀왔어어요 늘 중문으로만 숙소를 잡다가 새롭고 조용한 곳에 가고싶어서 포도호텔 예약했는데 정말 만족스러웠어요 한실 양실중에 좀 고민했었는데요 양실은 뷰가 멋있긴했지만 임신중이기도하고 엄마와 함께라는 여행이라 한실로 예약했어요 방이 정말 널찍하구요 베드도 커서 더블 두개라 네분이서도 충분히 묵을수 있겠더라구요 밖에 보이는 정원도 좋고 웰컴후르츠와 미니바안에 것들 모두 무료 였구요 욕실에 온천수가 나오는데 정말 일본에 온 기분이었어요 이부분 진짜 좋더라구요 아침 조식도 훌륭했구요 주변 산책길도 좋구요 다음에도 꼭 다시가고싶은 곳이에요
2016.01.09,-,-,"생각보다 산책할 공간이 없어서(안개) 아쉬웠지만, 호텔 시설과 온천 모두 최고입니다. 밤하늘의 유성도 보일정도로 맑아요!"
2016.01.13,-,-,객실이 많지 않아 조용하고 편안한 분위기라서 마음에 들었고 직원들이 친절하였다 조용히 쉬다 오기에 좋은 곳
2016.01.14,-,-,예쁜호텔이지만 이번엔 일반패케지랑 차이가 없어서 실망했습니다 인터파크 가격보다 더저렴한금액의 패케지가 있어서 ..ㅠㅠ 레스토랑이 활성화가 안되어 있어서..좀 아쉬웠습니다
2016.01.20,-,-,주위가 한적해서 조용하게 쉬기에는 딱이였네요.. 룸마다 보이는 갈대와 돌담.. 자연을 그대로 느끼기에도 좋은 호텔입니다. 온천수에 몸을 담고 편안하게 잘 쉬다 왔습니다.
2016.01.20,-,-,진짜 진짜 좋았습니다 위치도 산간(?)이라 조용하고 갔을 때 때마침 눈이 와서 산장에 고립된 느낌이었습니다 직원들도 전부 친절하시고 온천수도 진짜 좋았습니다 다시 가고 싶어요 아 조식도 깔끔하고 맛있습니다 식당에서 보는 풍경도 진짜 멋있었어요
2016.02.11,-,-,가족여행으로 갔었는데 과장해서 말하자면 천국에 온듯한 기분? ㅋㅋ 가격대가 다소 비쌌지만 그보다 더 가치있던 여행이었던것 같네요.
2016.02.11,-,-,"신랑이 일본 온천 여행 가자는 걸 제 상황(임신 6개월이라 공항 이동 시간+비행 시간이 괜히 걱정되더라구요ㅋ)때문에 제주도로 결정한거라 제주 온천을 찾아보다 선택한 숙소에요. 포도호텔 한실로 선택했는데 대 만족이에요. 방 안에 있는 히노끼 욕조도 좋고 방도 깔끔하고 넓고 편안한 느낌 이더라구요. 미니바(과자 과일 생수 술ㅋㅋ) 무료인 것도 좋았어요ㅋㅋ 조식을 포도조찬(?)인가 한식으로 선택했는데 깔끔하고 맘에 들었어어요. 디아넥스 호텔은 둘째날 갔는데 기대 별로 안했는데 깔끔하고 좋더라구요. 수영장은 시간이 늦어서 이용 못했구요 사우나(온천) 이용했는데 사람이 얼마 없어서 좋더라구요. 조식은 종류는 적지만 구성이 깔끔하고 맛도 괜찮았습니다. 예전에 친구들이랑 중문에 있는 신라 호텔 이용한 적이 있긴한데 그때 부대 시설을 이용안해서인지는 모르겠지만 저는 신라호텔보다 포도 호텔이 맘에 더 드네요ㅎㅎㅎ(조식은 신라호텔 뷔페..엄청 나기는 하죠ㅋㅋ)물론 위치는 중문에서 조금 더 가야하는 점은 걸리지만 주변에 방주교회도 있고 오설록이나 까멜리아 힐을 숙소들어오기 전 후에 다녀오면 좋을 것 같았어요. 단, 밤에 찾아가기는 쉽지 않습니다ㅋ (사진을 여러 개 올리고 싶었는데 하나밖에 안올라가네요. 포도호텔 한실 욕조에요. 물론 옆에 샤워시설도 따로 있어요. 세면대도 현대식으로 따로 있구요.)"
2016.02.17,-,-,"연로하신 어머니와 함께한 첫 제주여행이 비바람에 자칫 고통이 될뻔 했으나 포도호텔이 숙박지였기에 2박 3일 꼬박 객실안에서 먹고 자면서도 만족스럽고 오히려 다행스러웠습니다. 호텔건물이 단층이고 객실도 많지 않아서 계단이나 엘리베이터도 없이 평면으로만 이동하는 편안함과 아늑함이 좋았고 방안에 들어서는 순간 정면에 전면 통유리창이 펼쳐주는 바깥 산과들의 풍경에 감탄했습니다. 머무는 내내 일곱 끼니를 모두 호텔 식당에서 해결해야 했는데 각각 다른 메뉴들 대부분 만족스러웠고, 특히 왕새우 우동정식에 감동했고, 옥돔구이 정식도 맛있더군요. 이 호텔, 객실 내 욕실에서 온천욕 할 수 있는 것도 장점입니다. 로비에 비치된 서가에 책들 수준과 구성이 꽤 좋아서, 비바람 치는 날 독서의 즐거움도 누렸네요. 직원분들 매우 친절하셔서, 제대로 손님 대접 받는 느낌 들었습니다. 덕분에 명절 제사 준비하느라 지친 몸과 마음 푹 쉬면서 어머니와의 첫 추억여행 행복하게 마무리 할 수 있었네요. 감사합니다."
2016.02.22,-,-,"위치는 좀 한적한곳에 잇지만, 경치좋고 너무 편안하게 잘 쉬다 왔습니다. 직원분들 모두 친절하시고, 많은분들 강추하셨던 우동도 너무 맛있었어요. 미니바도 무료라서, 따로 물이나, 간단한 음료 준비 안해도 되구요. 웰컴과일, 간단한 과자도 있어요. 선물로 주신 온천미스트도 써보니 좋은것 같아요. 방주교회도 가까워서, 주일예배보러가기에도 좋았고, 또 조용히 쉬고 싶을때 다시 가고싶네요."
2016.02.28,-,-,100점중에100점만점을주고싶은호텔입니다.관광이목적이라면 조금불편할수도있지만 관광후 휴양이목적이라면 최고의호텔입니다.
2016.03.07,-,-,인터파크투어에서항공권예매가가장저렴하고시간대가좋음 매번호텔이나항공권은무조건인터파크투어에서예매함앞으로도더많이좋은상품올려주셍
2016.03.15,-,-,"제주도 특급호텔 하면 롯데 신라 하얏트 해비치정도밖에 모르고 있던 저에게 포도호텔은 색다른 즐거움을 맛보게 해주었습니다!!! 저희 가족은 한실을 이용했는데 방도 넓고, 방을 나가자 마자 펼쳐지는 한라산 중턱의 풍경때문에 힐링되는 하루였습니다. 특히 욕실은 그 어마어마한 크기에 한번 놀라고 또 우리나라 최고 중 하나라는 온천물에 감동했답니다!! 전원적이지만 고급스런 힐링을 테마로 여행하시는 분들한테 강추랍니다!!!"
2016.03.16,-,-,많은 인원이 편하게 묵기에는 정말 최고인거 같아요 조용하고 음식 맛있고 온천 물 좋고 ^^ 이번에도 잘 다녀왔어요
2016.03.21,-,-,오랫만의 제주여행에 최고의 선택이었던 포도호텔. 너무나도 좋았고 좋았고 또 좋았습니다. 조용하고 푸르렀고 상쾌한 공기로 가득찼던 자연경관과 더할나위없이 좋았던 내부시설 들로 시간이 어떻게 흐르는 줄 모를 정도였습니다. 제주여행은 네다섯번정도 갔었지만 단연 최고의 숙소였습니다. 좋은기억 좋은추억 만들어주어서 너무나도 좋았습니다.
2016.03.24,-,-,친구추천으로 가게된 포도호텔~~꼭 전원주택 같은곳에서 하루를 보내는 기분이었습니다^^ 특히 밤하늘의 별까지도 잘 보이는 전망까지ㅎㅎ 근데 약간 나이들어서 오면 좋은곳 같이 조금 올드한 느낌은 들었습니다~~
2016.03.30,-,-,직원분도 친절하고 분위기도 괜찮앗어요 정원 조망도 괜찮앗고 욕실에 온천수도 좋습니다. 조식도 맛잇엇고 특히 우동이 환상적이엇러요
2016.04.10,-,-,실내바닥이 카펫이 아니고 히노끼욕조 때문에 한실을 선택했어요.. 전망은 양실이 좋다고 하던데. 한실은 트인전망이 아닌 차소리도 가끔들리는 앞마당 전망이더군요.히노끼는 약간의 검은색을 띤 부분이 보였고 하수구 냄새가 온종일 나긴하더군요. 나머지 부분은 대만족이었어요. 맑은공기.조용함.친절함.넓고 천장높은 객실에 퀸 두개의 넓직한 침대.아라고나이트 온천등등
2016.04.13,-,-,제주의 내륙 풍광 향유와 자연 친화적인 1층구조의 소규모 럭셔리 호텔입니다 바깥 자연을 바로 접할수 있는 개방형 테라스가 있는 넓은 객실은 진짜 제주 온천수도 나옵니다 레스토랑 음식맛도 훌륭하고 주변이 조용한 제주 특유의 정취를 느끼기에 손색이 없는 호텔~
2016.04.13,-,-,3살 5살 아이들과 숙박하였습니다. 조용히 휴식하며 온천욕을 하고 싶었고요 예상대로 한실이 편하고 좋았어요. 더블룸 마감으로 트윈침대였지만 범퍼침대도 준비해 주시고 트윈침대도 넓은편이라 신경을 좀 쓰면 아이와 둘이 자기에 괜찮았습니다. 제일 기대했던 히노끼탕은 욕조와 샤워가 같은 부스 안에 있어서 편했고 따뜻해서 좋았습니다. 아이들 때문에 식당은 좀 신경쓰여서 룸서비스로 우동도 맛있었고 편하게 지내다 왔네요.
2016.04.13,-,-,단층이라 엘리베이터나 긴 복도 이동이 적어서 편했고 아이들과 지내기에는 한실이 더 좋은거 같아요. 양실은 샤워룸에서 욕조로 이동하기 좀 미끄럽기도 하고 욕조도 아이들이 미끄러져 물에 빠질 것 같아 조심 스럽네요. 어른이 생활하기나 테라스 풍경은 양실이 좋았고요. 포도올레길이 안내되어 있었는데 가보지 못해서 다음에 또 가보고 싶네요. 체크아웃 후에 두고 온 물건이 있다고 연락도 주시고 친절하게 응대해 주셨어요.
2016.04.24,-,-,"지친 일상에서 조용히 쉴 수 있는곳을 고민하다 제주도를 선택하였고, 그 중에서도 보다 마음 편하고 더 잘 쉴 수 있는 곳을 찾다가 포도 호텔을 기억했습니다. 객실에서 제주도의 풍경을 그대로 볼 수 있다는 점과 많지 않은 객실, 객실마다 나오는 온천수는 Refresh 하기에 최적의 장소가 아니었나 합니다. 아래 사진에 첨부된 것과 같이 창밖으로 노란 유채꽃과 파랗고 깨끗한 제주의 하늘을 볼 수 있었습니다. 테라스에 가만히 앉아 풍경을 바라보는 것 만으로 기분이 좋아지기도 하였습니다. 체크인 시 친절한 호텔리어의 안내를 받아 들어 간 객실에 놓여있었던 웰컴과일과 손글씨 카드는 호텔의 배려가 돋보였습니다. 저녁식사는 호텔 내 식당에서 하였는데 맛은 만족할 만한 수준이었으나, 직원들의 사적인 대화 소리가 너무 커서 좀 신경이 쓰였습니다. 식사 후에는 포도 올레길을 걸으며 동백과 유채꽃, 튤립과 함께 산책을 할 수 있었습니다. 처음 숙소를 선택한 목적대로 조용히 잘 쉬다고 돌아온 만족스러운 1박 2일 이었습니다."
2016.05.04,-,-,시설 인테리어 훌륭했으며 부모님이 매우 만족. 특히 욕실 시설이 일본에 온거같은 착각을 일으킴 근처에 편의점이 없어 들어가기전에 준비하시고 웰컴 과일과 음료 만족 정말 또 가고싶은 호텔임
2016.05.06,-,-,핀크스 골프장 입구에서 멋진 경관을 구경할 수 있는 호텔이렀습니다. 조식 또한 훌륭한 한식으로 매우 만족스러웠어요
2016.05.10,-,-,평이 너무좋아서 선택한호텔 조용함을 원하시는 분들에겐 완전강추입니다 너무 고즈넉해서 특별히 할일은 없는듯.. 아침조식은 맛있는편입니다
2016.05.20,-,-,최고의 힐링 호텔! 호텔안에서 밖을 보면 제주도 풍경이 너무 멋지고 마음이 편안해져요. 침대도 편해서 숙면을 취했고 미니바도 무료여서 더 좋았습니다.
2016.05.31,-,-,포도호텔 여유롭게 휴양하기에 좋네요 사람도 붐비지않고 방에서 온천나온다는게 가장큰장점인거같네요 조식도 괜찮고 직원분들도 친절합니다 1박하니 아쉽네요 다음엔 더 길게 머물고싶어요
2016.06.06,-,-,"어머니 모시고 다녀왔는데요, 고즈넉한 자연 속에서 진정한 힐링을 만끽하는 시간이었습니다. 가을의 억새가 가득한 제주의 풍경도 좋았고, 방안이나 호텔 곳곳에서 이런 잔잔한 풍경을 즐기기에 좋았어요. 호텔의 분위기와 환경 자체가 휴식과 힐링에는 최고였습니다. 히노끼탕에서 즐기는 온천욕도 좋았고, 호텔 내의 산책로도 참 좋았어요. 공기도 좋고... 산책로를 찾는게 좀 어려워서 처음엔 좀 헤매기도 했지만, 식사 후나 호텔내에서 휴식하며 중간중간 산책하기에는 부족함이 없었어요. 다만 조식은 조금은 기대에 못미쳐서 아쉬움이 남습니다. 엄마가 너무 좋아하셨고, 여기에서 몇일 푹 쉬면 참 좋갰다고 하셨었어요. 모든 것이 안정되고 평온한, 정돈된 느낌 가득했던 스테이였습니다. 조금만 가격이 저렴해진다면 또 숙박하고 싶네요~"
2016.06.08,-,-,친절한 서비스. 깨끗한 객실. 깔끔한 조식 등 좋았습니다. 모바일 예약 서비스도 편리했습니다.
2016.06.08,-,-,다른곳과 동떨어진 느낌으로 그 안에서 조용하게 쉬다 올 수있는 곳이었습니다. 주변 경관도 예쁘고 산책하기 좋았으나 아무래도 산속?이라 벌레가 많더라구요. 온천수는 매우 만족스러웠고 나중에 체크아웃할때 온천수 미스트 주신것도 잘 쓰고 있습니다. 다만 각 방들이 파티션으로 나뉘어져 있어서 문을 열어도 옆쪽이 안보이도록 되어 있는데 안심하고 있다가 어떤 사람들이 거길 넘어서 지나다니길래 깜짝 놀랐습니다. 여기에 대해서는 자제해달라고 안내문에 써 있던데 조금 더 강력하게 제제를 가해야 하는 것이 아닌지요. 아무튼 그것을 제외하곤 매우 만족스러운 숙박이었습니다.
2016.06.16,-,-,제주도갈때는 신라호텔만 이용하다가 객실이 없는관계로 이용하기 전날 저녁무렵에 인터파크를 이용해서 급히 예약했는데 인터파크에서 빠르게 처리해주셔서 잘 이용하고왔습니다. 호텔은 워낙 평이 좋아서 갔는데 정말 조용하고 편안하게 잘 쉬고 왔습니다. 직원들 모두 친절하시고 산속에 있어서 조용하게 쉴 수 있었습니다.
2016.06.17,-,-,"인터파크 통한 애매는 처음이라 걱정했었는데, 아주 만족스러웠습니다. 아이와 둘만의 여행이었는데, 둘이서만 즐기기 넘 아쉬울 정도로 좋았던 포도호텔에서의 1박이었어요. 호텔측에서 객실 업그레이드를 해주셔서 한실 트윈룸에서 묵게 되는 행운까지! 히노키탕에, 온천수, 자매호텔 수영장에서의 물놀이, 친절한 픽업서비스까지 넘 감사했습니다. 가족여행이나 커플여행으로도 적극 추천해요 :)"
2016.06.17,-,-,제주가면 들리지만 전체작으로 편안하다. 온천물이 좋다. 조식은 만족스럽고..편안하게 쉬었다 오기좋은곳. 주변산책 및 경관은 그다지
2016.06.22,-,-,패키지가 나와있어 당일예약으로 다녀왔어요 건축물 자체를 감상하는 맛도 맛이지만 히노끼탕에서 온천하는 기분은 정말 최고입니다 온천수도 매우좋아 피부가 부들부들해지더군요 정말 돈이아깝지않았고 다음에 또가고싶다는 생각뿐이네요 조식도 부페가 아니라 깔끔하게 건강식 한상차림으로 나와 아이들과 함께 하기 좋았고 골프장 옆으로 돌아오는 산책로도 아침을 상쾌하게 해주었습니다 직원분들도 매우 친절하게 응대해주셔서 편안한 여행이 되었어요~ 다녀와서 주변에 꼭 다녀오라고 여러번 추천했습니다~
2016.06.28,-,-,"여동생의 이른 여름휴가로 인해 모든 가족이 여동생에게 휴가를 맞추는 상황이 발생한 이번 휴가.... 연로해지시는 부모님을 위해 온 가족이 해외여행을 갈 예정이었으나...귀여운 아들의 감기와 아버님의 건강악화로 제주도 여행으로 급전환... 부모님이 연로해지시는걸 보며, 이번 여행은 약간의 무리가 있더라도 럭셔리 컨셉으로..1박은 포도호텔 스위트 한실, 1박은 롯데아트빌라로 구성함(아트빌라 평가는 별도로..^^)....동생아 왜 휴가는 2일 밖에 안되는 거니..ㅠㅠ 포도호텔은 진작부터 가보고 싶었으나 아들이 놀기에는 너무 한적한 것 같아 항상 외면했었는데.. 이번에는 부모님을 촛점에 두고 숙소 선정함에 따라 당첨..... 포도호텔 도착하니 오후 3시 정도....정말 한적하구나....사람이 별로 없다.....좋다... 객실 외관은 딱 이런느낌....수국이 시즌이가 보네... 왼쪽으로 길이 있기는 한데 사생활보호 때문에 못들어가게 해논 듯.... 들어가서 바로 체크인하고 스위트 한실로 가는 중에 있는 정원.. 정원도 정원이지만 건물 내부 사이사이 내져있는 유리창으로 제주의 풍경이 들어오는 모습이 더 아름다 운 듯...사진으로는 표현이 안되니 직접 한번 보시는게 어떨지... 스위트 한실들어가는 입구에서 찍은 한 컷 인원이 6명이라 침구 2채를 추가하였더니...벌써 가져다 놨다..빠른다..ㅋㅋ.. 거실은 요렇게 아늑하고 고급지며 천장이 높아 마음이 뚫리는 느낌.... 뭐...일단 거실 엄청나게 넓고 거실에서 보는 바깥 뷰가 넘 좋다....... 그리고 거실에서 테라스로 나가면..애들이 딱 좋아하는 공간이 예쁘게 펼쳐진다... 부모님도 울 귀여운 아들도 너무 좋아하는 모습에 나도 왠지 기분이 좋아진..ㅎㅎ 침실은 총 2개고 요런 침대가 4개가 있는데....방 가운데 문이 있어 1인실로도 사용 가능하다..하지만 방음은 전혀 안된다는 점.... 방문도 각 침실 별로 2개라는 점..참 아이디어 좋다....그리고 우리 어머니가 격하게 아끼시던 아라고나이트 온천수가 나오는 히노끼 욕조.. 침실에 1개씩 붙어 있으니 두개의 히노끼 욕조가 있는 셈...굳이 디아넥스까지 가서 온천욕 할 필요 없이 물 받고 온천 했다는....흰 모래같은 알갱이(유황성분이랍니다)가 남는 특이함 까지... 저녁은 비오토피아에서 먹고 풍,수 박물관 산책 후 호텔로 들어와 음주 후 숙면....... 총평 : 가족과 함께 사람들에게 부대끼지 않고 휴식을 취하기에는 최고의 호텔인 듯....부모님도 넘 편하고 좋아라 하시고 귀여운 아들이 호텔 카펫 뒹굴땐 못하게 하느라 정신 없었는데..온돌이라 아이들 있는 가족에게는 더 좋은 듯...(총점 4.5/5) 0.5점 차감은 약간은 노후화된 바닥 장판과 비싼 가격...^^ 레스토랑에서 바깥 제주 풍경을 흠뻑 담은 아름다운 풍경을 보며 먹는 조식은 참으로 별미....."
2016.06.29,-,-,일년에 한번쯤... 좋은 호텔에 묵으며 좋은 추억을 만들고 싶었는데... 포도호텔이 내맘을 안것처럼 느껴진다... 이타미준이라는 건축가의 작품이라고 해도 좋을... 포도호텔... 내부와 외부 모두 정갈하고 제주제주 하는 느낌이었다. 오래되어 낡은 부분도 있겠지만 그래도 그 세월까지도 좋아할수 있을 포도호텔... 포도호텔의 건축가가 계획하고 디자인한 비오토피아 박물관... 타운 하우스...방주교회... 난 하나의 작품들을 관람 하고 온 기분이었다... 굳이 호텔의 평을 하자면... 서비스 너무 좋구 직원분들 친절하시며... 냉장고 바의 모든것들이 이용할수 있고 어매니티도 록시땅... 눈과 맘과 입이 호강하고 온... 포도호텔이었다 안타깝게 조식을 이용 못해 아쉽고 그 유명하다던 우동도 못먹어서 더욱 아쉬운 맘만 가득... 몇년뒤... 훌쩍 떠나오고 싶을때 여기로 다시오겠다고 다짐하며...
2016.06.30,-,-,"기념일을 맞이하여 다녀온 포도호텔, 오래된 룸 이지만 좋았어요. 한실 깔끔하고, 부분 색이 변한 부분은 있지만 서비스도 좋고 , 미니바도 무료로 이용가능하고. 또한 음식도 맛있게 특별하게 하루 보내고 왔습니다 ;)"
2016.06.30,-,-,"중문의 특급호텔과는 느낌이 다른 곳입니다. 너무 조용한 곳이라 재잘대는 유아를 데리고 머물기 신경쓰일 정도^^.. 하지만 객실 내에 욕조에서 아라고나이트 온천수가 나오기에 면역력 약한 어린 아기들도 온천을 즐기기 좋은 곳이기도 하네요. 수영장이 없는 것은 크게 문제가 되지 않는 것이, 셔틀타면 5분 거리 디아넥스 호텔 수영장을 유료로 이용 가능합니다. 객실테라스에서 밖으로 나갔다가 옆객실들 사생활에 방해된다고 경고전화 받았습니다. 객실창의 뷰는 감상용이고, 포도올레길 산책로가 따로 있으니 참고하세요."
2016.07.06,-,-,"진짜 어느 하나 부족함이 없었습니다. 헬스장이 없는 것 빼고는..? 직원들도 친절하고 크고 깨끗하고, 테라스 문만 열면 쉴수있는 공간과 탁 트인 마당 너무 좋았구요. 또 가고 싶습니다."
2016.07.11,-,-,"포도호텔, 진짜 좋아요!! 중문관광단지랑은 거리가 있지만, 차를타고 이동하는데 잔혀 불편함이 없습니다, 공기도 좋고 조용히 쉬기 딱 좋아요! 객실도 넓고 화장실도 넓어서 만족만족~ 다음 제주도 여행시 꼭 일정에 포함할 예정입니다!"
2016.07.11,-,-,"토~일요일동안 1박 묵었습니다. 가격이 다소 비싸기는 했지만, 그만큼 고급스러운 호텔이고 시설이나 서비스 등 전반적으로 좋았어요. 방안에 히노끼탕이 있어서 이용할 수 있었던 것이 특히 좋았고, 어메니티 같은 것도 좋고, 미니바 등 무료로 사용 가능해서 비용이 높은 만큼 만족도도 높았던 것 같아요. 주변 산책로는 좀 짧고 골프장과 닿아있어서 불편한 부분이 있었지만, 호텔 주변 시설물이나 박물관 등 관광지도 저희들에게 잘 맞고 즐거운 시간 보낼 수 있었어요. 조식은 하지 않고, 늦게 일어나서 점심식사만 하였는데요, 식사도 좀 비싸기는 하지만 편안하고 맛있게 즐길 수 있었어요. 비용이 부담되어 아주 길게는 묵기 어려울 것 같지만, 짧게 와서 기분전환하고 쉬기에는 적절한 것 같아요. 감사합니다^^"
2016.07.12,-,-,방크기나 풍광 모두 기대이상입니다. 다만 청소상태가 조금 미흡한것이 아쉽네요. 온돌방의 개별 온천이 가장 훌륭했습니다~전반적으로 일본요칸과 흡사해요. 다시가고싶네요
2016.07.13,-,-,태교여행으로 떠난 제주도 비가왔지만 그래서 더 멋진 포도호텔 조식도 맛있고 직원들 친절에 정말 감동 뱃속 아가가 태어나면 또한번 방문하고싶은곳 고급퀄리티가 느껴지는 호텔
2016.07.13,-,-,태교여행으로 왔는데 애기가 태어나도 또 오고싶습니다 따뜻한 온천수 편안한침구 맛있는 한식조식 진정한 힐링느낌으로 잘 쉬었다왔습니다 베리 굿
2016.07.13,-,-,객실에서 왼쪽에는 바다가 보이고 오른쪽에는 산방산이 눈에 들어왔다. 일본인 건축가가 설계한 객실 앞 가레이산스식 정원이 제주의 자연환경을 액자 속으로 끌어와 한 편의 그림으로 담아내고 있었다. 초저녁부터 객실의 모든 전등을 소등하고 초승달이 다른 객실의 지붕뒤로 넘어갈 때까지 작품을 감상하듯 창 밖만을 바라보았다. 소리없는 바람소리를 들으며 온갖 소음에 시달려온 귀에게 오랜만에 휴식을 선물했다. ..... 이런 허세 섞인 느낌의 글을 상품평에 달게 만드는 호텔이라면 다른 말이 필요하지는 않을 것 같다.
2016.07.13,-,-,맛있는조식 호텔같지않고 별장같은 느낌 화려하지않지만 고급스러움 내몸에 딱맞았던 온천수 편안하지만 친절한 직원 웰컴밍 과일 나만알고싶은 호털
2016.07.15,-,-,조용하게 힐링하기에 좋은 포도호텔. 우연히 알게된 곳이라 평판에 걸맞게끔 친절 .청결도 모두 좋은 점수를 줄수 있는곳 온천수도 완벽하고 미니바에 과일 . 손수 직접 쓴 엽서~~음식도 모두 생각했던거 이상이였습니다. 담에도 꼭 가족들이랑 오고싶은곳~포도호텔
2016.07.16,-,-,"이번 제주도 여행에서 호텔 선정의 기존은 ''히노키탕'' 이었습니다. 포도호텔 한식룸에 히노키탕이 있고, 탄산온천수가 나온다는 것을 확인하고 예약 했구요. 단층 건물에 고급스러운 인테리어를 한 산속의 호텔 입니다. 정말 편안하게 잘 쉬다가 왔어요. 다만 한가지 단점은.. 창문을 통해서 벌레가 좀 들어와요. 방충망도 있고 모기향도 피워 두었지만, 완벽하지는 않네요. 그 외에는 다 좋았습니다. 유명한 왕새우튀김 우동도 맛있었구요. 온천욕으로 여행의 피로도 풀고 참 재밌는 여행 이었습니다."
2016.07.20,-,-,"다른 호텔에 비해 취소 시 예약금 환불 정책이 제주도 내 다른 특급호텔에 비해 합리적이라고 생각됩니다. 비록 사정상 이번에 이용을 못하고 취소했지만, 다음에 믿도 예약할 수 있는 호텔이라는 생각이 들었습니다. 감사합니다."
2016.07.20,-,-,온천이 좋았어요. 조용히 쉬기 정말 딱 좋은 공간이라 생각해요. 가격은 살짝 사악하지만요~^^
2016.07.21,-,-,온천수가 나와서 온천도 즐겼고 조용하고 포도올레길 걸으면서 산책도 잘 했어요!!! 잘 쉬고 리프레쉬 잘 했어요!!!! 넘넘 좋았어요
2016.07.29,-,-,두번째 방문이었는데 역시나 기분좋은 휴식을 할 수 있었습니다 다음에도 다시 방문하고 싶어집니다
2016.08.02,-,-,"제주 여행 둘째날 포도호텔에서 숙박했습니다. 날이 뜨거워서 실내에서 보내는 시간이 많았는데요, 한실이 아이들 놀기에 최적이었습니다. 온천수도 좋았구요. 식당 음식도 좋았습니다. 박물관 나들이도 좋지만, 숙소에서 온천하면서 뒹굴뒹굴.. 저희들에겐 최적의 장소였습니다."
2016.08.03,-,-,객실내 온천수가 나와 수시로 담그니 피부도 좋아진 느낌이구. 특히 음식이 참 맛있었어요~또 쉬러가고싶네요
2016.08.04,-,-,정말 말 그대로 힐링이 가능한 곳이었습니다! 일본에 온 것 같은 객실과 온천을 객실에서 이용 할 수 있다는 것도 너무 즐거운 경험이었습니다 :)
2016.08.07,-,-,처음 도착해서 숙소안내 받았는데 방도 크고 단층 구조라 창문열면 정원도 있어요. 무었보다 히노끼 욕조에 온천수 대박이었습니다. 정말 좋았어요. 한가지 단점은 중앙냉방식이라 좀 더웠네요
2016.08.10,-,-,2인 추가 요금을 내고 4인 1실을 예약하면서 방이 너무 좁으면 어떡하나 걱정을 했습니다. 그러나 4인 1실로도 충분할 정도로 넓고 쾌적한 환경이었고 유명한 호텔인 만큼 호텔 뷰도 너무나도 좋았습니다. 무엇보다 멀리 나가지 않고 호텔 방 안에서 온천을 할 수 있다는 것이 너무나도 행복했습니다.
2016.08.13,-,-,"8월에 최성수기에 큰맘먹고 예약을 했습니다. 하루비용이 만만치 않았지만, 지금은 후회없을만큼 잘 쉬다왔습니다. 너무 잘 꾸며놓아서 아이들도 좋아하고, 찾아가는 것도 어렵지 않게 갔습니다."
2016.08.25,-,-,"골포호텔로 유명한 호텔이지만 이번 제주 가족 여행으로 포도호텔을 선택한 건 정말 잘한일 같습니다. 좋은 레스토랑, 산책길, 룸 까지 모두 만족스러웠습니다."
2016.08.25,-,-,"방도 넓고 깨끗했고, 공기도 좋고 가족들과 잘 지내다가 왔어요! 호텔도 이쁘고 내부 구석구석도, 그리고 정원 등 너무 잘 꾸며둔 것 같아요!! 가족들과 오기 좋을거 같고, 너무들 친절하시고 완전 만족스러운 여행이였어요!"
2016.09.05,-,-,"포도호텔 한실 저렴하게 구매했습니다. 조식없었지만 별도로 사목어도 더 저렴했습니다. 호텔도 진짜 만족스럽고, 담에 또 방문하려구요!"
2016.09.05,-,-,핀크스 골프장이 있는 포도호텔은 포도올레길도 있어서 아이와 산책하기너무 좋았습니다 아쉬운점은 호텔내 수영장이 없어서 근처에있는 디아넥스 호텔수영장으로 가야했지만 온천도 경험할수있어서 만족스러웠구요
2016.09.07,-,-,"6월 23일 단 하루 숙박을 했지만 포도호텔은 저에게 좋은 추억이였습니다. 비용에서 주저 되었지만 예전부터 투숙하고 싶었던 호텔이라 예약했습니다. 시설 면에서나 주변 환경 너무 만족했습니다. 다만, 욕조에 온천수가 뿌옇게 나올꺼라 했는데, 그냥 투명한 물이였다는.. 온천수가 아쉬웠지만 나머진 너무 좋았습니다. 다음에 기회가 된다면 또 방문하겠습니다."
2016.09.10,-,-,"호텔위치,호텔주변 경관,객실 분위기가 딱 힐링하기 좋은 호텔이네요 한적함까지 느끼며 시골어머님댁에서 푹 쉬었다온 기분입니다 객실 컨디션 좋습니다 힐링숙소로 강추 합니다"
2016.09.12,-,-,"부모님모시고 1박머물렀는데 다른곳과달리한적하고조용해서좋았습니다. 조식도 깔끔하고정갈하게나왔구요. 한실에히노끼탕도 잘이용했습니다. 단지,정원과연결되어있다보니 창문을열면 벌레가조금많았고 밤에조명은안켜주시더라구요.바깥조명을 저녁부터한밤10시까지켜주셨으면좋았을텐데 창문을여니너무어두웠네요."
2016.09.12,-,-,"한실, 트윈침대로 묵었는데 방과 욕실이 굉장히 넓어서 아주 맘에 들었음. 트윈침대로 아주 넓고 편안해서 밤에 한번도 안깨고 잘잤음. 전체적으로 프라이빗한 공간이며, 아주 조용하고 편안한 분위기. 욕실에서 온천수로 온천목욕하고 쉬면 피곤이 사라집니다. 그런데, 베란다쪽은 전혀 관리가 안되는것같음. 베란다쪽에 큰 거미줄이 처져있고, 잡초와 풀들이 너무 무성해서 베란다쪽으로는 나갈수가 없었음."
2016.09.13,-,-,편안한 뷰와 럭셔리한 룸컨디션에 매우 만족했어요. 온천이용 할 수 있는 점이 가장 좋았어요. 기회가 되면 또 가고싶어요
2016.09.14,-,-,포도호텔 이름만 듣고 처음왔는데 정말 만족스럽습니다 안내 해주시는 분들도 매우 친절하고 객실상태는 말할 것도 없고요ㅎㅎ 식사도 맛있었습니다! 다음에도 기회가 되면 또 오겠습니다^^
2016.09.17,-,-,"정원 전망과 테라스, 넓은 룸과 온천 히노끼탕은 특색있고 좋았습니다. 다만 테라스와 룸의 청소상태가 기대보다 너무 좋지 않아 다소 실망했습니다."
2016.09.19,-,-,예전부터 궁금했었던 포도호텔~! 그치만 제주여행 동선상 아직까지 경험못해봤었는데 이번 제주여행 코스에는 수풍석 박물관을 포함한터라 1박해봤습니다~ 너무 조용해서 부담스러워하는분도 계신듯 하지만 저는 그 조용하고 고즈넉한 환경이 너무 맘에 들었어요!! 호텔들이야 기본적으로 다 조용해야 당연한거지만 포도호텔에서의 조용함은 일반 호텔들이 갖춰야할 무소음의 기본조건과는 다른 차원...ㅠ 테라스에 그냥 앉아 바깥풍경을 바라보기만 해도 그저 좋은..ㅠ 다음에 기회된다면 한 일주일정도 길게 머물러보고 싶어요~!!
2016.09.25,-,-,"룸컨디션 매우 만족스러웠어요.^^ 직원들은 친절합니다만, 매우 분주하였고.......... 그리고 룸서비스는 저녁6시부터만 가능하다는 점... 그래서 조식은 반드시 식당에서 먹어야하는데,공간이 협소하여 착석시간까지 10분 이상 대기해야 했으며,테이블이 비워져있어도 치우지 않아 대기할수밖에 없었던 팀들이 있었네요. 이런 상황이라면 조식을 룸서비스해주는 편이 좋지않을까 생각해 봅니다."
2016.09.26,-,-,체크인나우통해 당일예약 비교적 저렴한 가격으로 숙박기회를... 룸내 온천수가 나와 온천욕을 즐길수 있었음... 평소피부질환이 좀 있어 도움이 상당히 된거 같음. 편안하고 조용한 룸컨디션 미니바 무료라해서 봣더니 물한병과 귤2개사과1개 ㅎㅎ
2016.10.08,-,-,제주 핀크스 포도호텔 너무 너무 좋습니다 조용하고 아름다운 그곳! 다음달 언니 생일에 또 가보고 싶습니다 ?
2016.10.09,-,-,시설도 맘에들고 태풍이 와도 조용히 잘수있고 편한하네요 욕실 너무 맘에 듭니다. 우동을 못먹고와서 아쉽군요 또 방문예정입니다
2016.10.17,-,-,여름에 다녀온 핀크스는 무엇보다 아늑하고 프라이빗한 숙소였네요 ㅎㅎ 우동도 맛나고 직원분들 정말 친절했습니다
2016.11.06,-,-,호텔시설좋고 스파있어서좋아요 교총은 불편한데 진짜호텔에서쉬면서 힐링하고왔네요. 아침 너무 맛있구요
2016.11.12,-,-,"조용한 시설과 맛있는 호텔식사, 단독으로 사용하는 객실과 뷰가 너무 맘에 듭니다. 록시땅 어메니티는 물론, 냉장고에 비치된 음료, 다과, 맥주 등이 무료이며, 웰컴과일도 너무 맘에 듭니다. 단점이 있다면 숙소 근처에는 별다른 시설이 없습니다. 정말 조용히 휴식 즐기려면 포도호텔로 숙박하는 게 좋을 것같습니다."
2016.12.10,-,-,포도호텔 소문대로 너무 좋았어요~!! 침대도 편하고 욕실에 온천수도 바로나오고 테라스에 나갔더니 잔디밭이 딱~!! ㅋㅋ 경치도 좋고 공기도 좋고 레스토랑 만원이라고 방으로 룸서비스처리도 해주고 친절한 서비스 맘에 들었어요~ ^^
2016.12.11,-,-,고즈넉하고 쉬는 분위기가 좋다고 들었던 곳이라 선택했습니다 골프클럽이라 그런지 조용한 분위기에 시설이나 분위기도 만족해요 색다른 경험을 원하시면 추천드려요
2016.12.22,-,-,제주 포도호텔 이번 제주도 여행에서 제일 좋았습니다 다음에 부모님이랑도 오고싶네요~~~ 제가 갈때 눈이 왔었는데 친절하게 전화 주신것도 감사했어요^^
2016.12.26,-,-,너무 좋은 경험이었습니다. 이타미 준 건축가의 자연과 함께 공존하는 건축 장소장소가 다 매력이 있는 공간 제주도에서 꼭 한 번 더 머물고 싶습니다.
2017.01.03,-,-,"2016년 연말과 2017년 연시를 제주여행 계획을 잡으면서 가장 신경썼던 숙소.. 시기가 시기인지라 가격은 예상보다 훨씬 비쌌지만, 이제까지 국내와 해외 가본 호텔 중 가장 만족도가 높았던 호텔이었다. 이 시기엔 다른 특급 호텔도 4인 가족이 묵으려면 최소 5-60만원을 넘어서기 때문에 이 가격에 이 시설에 이 서비스는 만족도 면에서 엄지척!!!! 우선 건물과 시설이 예술이다. 재일 건축가 이타미 준 선생의 작품이라는데 외관뿐 아니라 내부 곳곳에도 예술 작품이 놓여있어 굳이 박물관을 가지 않아도 박물관에서 숙박을 하고 온 느낌. 게다가 국내에서 유일하게(근처 아넥스 호텔과 함께, 같은 회사인걸로 알고있음) 아르고 나이트 온천수가 객실마다 나오는 호텔이다. 우린 로얄 양실에서 묵어서 한실인 경우엔 히노끼 탕이라고... 물이 우유를 탄 것처럼 뿌연데, 몸을 담갔다 나오면 확실히 뭔가 다르다. 제일 만족했던 부분.... 욕실 어메니티도 록시땅. 그리고 체크 아웃때 온천수로 만든 미스트를 준다. 로얄 객실이라 두개 받았음. 식당의 퀄리티도 최상.. 가기전부터 여러 곳에서 유명했던 튀김새우 우동이 단연 최고... 다른 메뉴도 좋았지만, 기똥차다는 말이 절로... 재료를 일본서 공수해 온다는 말이 있기도.... 하지만, 가격은 싸지 않다. 23000원!. 우동 하나에... 저녁에 먹은 제주옥돔구이정식은 48000원. 그럼에도 모든 음식을 맛을 보면 역시 엄지척이 된다. 그리고 객실 투숙객은 10% 할인을 해준다는 것이 약간의 위로가 될 수도... 또 마지막 한가지.. 체크 아웃하면서 받은 영수증을 부근의 본태박물관에 제시하면 입장료 반값 할인을 해준다."
2017.01.08,-,-,디럭스한실객실 언제가도 최고입니다 넓은방 온천수 조용한호텔분위기 위치도좋습니다. 인터파크통하여 좋은가격에 이번에도잘쉬고갑니다. 제주도를 다시간다면 다시또갈포도호텔입니다~
2017.01.11,-,-,"장점 - 베드 최고 - 욕조에서 온천수 콸콸콸 최고 - 미니바 무료이용 옵션 최고 - 객실에서 바라보는 view 최고 - 직원 친절도 최고 - 위치 말고는 단점이 없는게 장점 단점 - 제주시, 서귀포시와 거리감이 있음 - 내부식당의 메뉴요금이 지나치게 비싸서, 고기를 먹으려면 나가야 하는데, 술한잔하고 돌아오기에 좀 멀고 어두움 - 치약,칫솔,면도기 등 가벼운 세면용품이 없음"
2017.01.13,-,-,"단정한 분위기와 넓은 객실, 특별한 건물과 조경. 돌 막 지난 아이와 히노키탕에서 목욕하며 즐거운 시간을 보냈답니다. 제주에 들르신다면 꼭 한번 방문해보시길 권해드립니다."
2017.01.14,-,-,정말 조용하고 편안해요 B tv도 있어서 심심하지도 않고 객실에서 온천되는 곳도 좋아요 좋았습니다
2017.01.15,-,-,"엄마와 단둘이 여행 포도호텔 선택했습니다. 연박을 하면서 쉬고 싶었는데, 동선 때문에 1박 한실로 이용했습니다. 나중에 기회가 된다면 다시 방문해서, 여유롭게 호텔만 이용할 생각입니다. 조식은 깔끔했고, 직원들 서비스나 응대도 만족입니다. 워낙 조용한 곳이니 쉬기에도 손색없고, 제주 여행 시 재방문 예정입니다."
2017.01.20,-,-,1박2일 하루 숙박 했는데 소문대로 편하게 잘 쉬다 왔어요 핀크스 골프장 안에 위치해 있어서 주변이 조용해서 힐링할수 있는 곳이였어요
2017.01.23,-,-,이용한 호텔이었는데 시설이 정갈하고 넓고 아늑하면서 쉬기에 아주 좋은 장소였습니다!!!^^ 기회가 되면 다시 찾고 싶네요~~~^^
2017.01.26,-,-,갑작스럽게 여행 계획이 바뀌어서 못 갈뻔 했던 포도호텔이었는데 역시... 안갔으면 후회할 뻔 했어요. 한실로 예약했는데 너무너무 좋았구요. 어른 아이 다 만족한 호텔이었어요. 눈까지 내려서 운치있고 아침 새소리는 아직도 기억에 남네요
2017.01.31,-,-,"핀스크 단지 내에 있는 이타미준 박물관도 가고싶어서 겸사겸사 예약했는데, 탁월한 선택이었습니다. 전통의 멋과 조화된 객실도 맘에 들었고, 히노키 욕조도 좋았고 호텔 내부에 볼거리가 많아 미술관에서 하룻밤 묵은 것 같은 느낌이었습니다. 조식 훌륭한 것은 뭐 말할것도 없구요. 다시 제주여행 할 기회있으면 또 숙박할 계획입니다!"
2017.02.01,-,-,"가격만 빼고 모든게 만족스럽습니다. 입구에서 산방산까지 뷰가 탁 트여 너무 좋구요... 객실, 온천, 조식, 직원 친절함 등등 모든게 만족스러웠어요... 곧 리뉴얼 하던데... 다음에 또 재방문의사 있습니다."
2017.02.09,-,-,뷰도 좋고 직원분고 친절하고 좋았지만 미니바 안에 과자가 유효기간이 지나있었고 방안에 전등 나간곳도 있었네요
2017.02.15,-,-,"4년전 가족과 방문했던 포도호텔. 가족들이 처음엔 비싼 가격에 놀랐지만, 직접 숙박하고 나서는 아름다운 제주의 자연환경을 그대로 담아낸듯한 환경으과 고급스러우면서도 소담한 이타미준의 설계에 더욱 놀랐던 호텔이에요. 남자친구와 함께한 두번째 방문엔 조금 무리해서라도 다시 한번 묵게된 숙소. 포도호텔. 맛있고 정갈한 조식 또한 대접받는다는 느낌을 받게합니다. 조금 무리해서라도 다음 제주여행에 다시 한번 방문할 호텔이에요"
2017.02.15,-,-,가족여행으로 제주도 자주 가게되는데 그동안 숙소 중에 가장 좋았어요 객실후기- 우선 한실로 업그레이드해서 객실에서 자쿠지를 이용할 수 있어서 아이들이 신나게 놀았어요. 물도 온천수라 부드럽고 좋았어요 웰컴과일과 미니바는 애들 재워놓고 부부가 함께 이야기하며 주전부리로 좋네요 프론트에 미니 도서관이 있어서 아이들이 읽고싶은 책 빌려서 읽은 것도 좋은 경험이네요 어른들이 읽어보고 싶은 책도 많았는데 시간이 없어서 아쉬웠어요 바람이 많이 불어서 주변을 많이 둘러보지 못했는데 숙소에서 프라이빗하게 넓은 창으로 자연풍광을 감상하는것도 운치있고 좋았어요 조식도 깔끔하고 과일주스도 좋았고요 주변후기- 주변에 음식점은 많진 않지만 중문이나 서귀포시청이 가까워서 괜찮았어요. 근처에 승마장이 많아서 제주도가면 큰아이 필수코스인 승마장 즐기기 좋았어요 카멜리아힐이나 우유부단 헬로키티아일랜드 같은 아이들과 가기 좋은 곳도 가까웠고요 다음번에도 포도호텔로 가고싶네요- 리모델링 한 후가 기대돼요^^
2017.02.20,-,-,"아르고나이츠 온천수때문에 선택한 숙소였는데 양실과 한실 예약하면서 양쪽 욕실에 모두 히노끼 욕조가 있는 줄 알았는데 한실에만 있더군요. 그래서 비용이 더 드는 줄도 몰랐네요. 비용을 더 지불해도 한실의 히노끼 욕조 좋았고 온천수도 좋았습니다. 대신에 한실 테라스쪽은 산전망이어서 뷰가 환상적이지 않았는데 양실 테라스에서 보는 풍경은 멀리 보이는 바다가 아름다웠고 특히 밤하늘의 달과 달무리, 별이 인상적이었어요. 직원분들 친절하시고 선물로 받은 아르고나이츠 미스트로 아쉬움을 달래봅니다. 리모델링 마치면 다시 묵고싶어요."
2017.04.17,-,-,친절도 청결 환상적인 구름위의 산방산 뷰 온천수의 황홀함 감기다나았어요^^ 무엇보다 체크인나우 어플로 저렴하게 다녀왔어요 또가려구요 진짜 좋았어요♡
2017.04.24,-,-,정숙한분위기.. 나마저여유로워지던곳.. 한실에꽂힌요즘 ..룸컨디션맘에쏙들었고 히노끼탕참마음에들었음 가까이에 편의점 마트없는게아쉬움
2017.04.27,-,-,시댁식구들이랑 어머니생신을 맞아 모두 힐링다운 힐링을 하고 왔습니다 오름에 올라 고사리도 꺾어보고 체험다운 체험 이었어요 넘친절하신 직원분들 온천물도 짱 좋았습니다 담에 가족들과 한번더 가려합니다 즐거운 여행이었슴다
2017.05.01,-,-,세련된 호텔은 아니지만 고풍스러운 느낌이 압도적입니다. 무엇보다 객실 안에 나오는 아르고나이트 원수가 이 호텔을 꼭 가야할 이유가 되었네요. 뷰는 양실이 좋은것 같고 한실은 그 자체가 너무 자연스럽습니다. 다음에도 한실을 이용할 것 같습니다. 골퍼들에게 최적화된 호텔입니다. 다만 다른것에 비해서 조식 서비스와 퀄리티는 개선이 필요합니다. 비싸고 맛이 없는건 사실입니다. 그 이외의 다른것들은 만족합니다. 전기차를 이용하였는데 호텔 내에 충전기가 없도 근처 디 아넥스에 완속만 있는점은 불편함이었습니다.
2017.05.01,-,-,"숙소도 너무 좋았고, 함께 제공되는 수영장도 사람이 적어 너무 행복하게 즐기다 왔습니다. 비수기시즌이라서 상대적으로 저렴한 가격에 힐링할 수 있는 시간이었습니다! (다만 산 속이라서 매우 춥습니다!)"
2017.05.04,-,-,객실요금이 비싸지만 제주도에서 젤 만족하는 호텔이예요 음식두 하나같이 맛있구요 직원들 넘 친절합니다 ? 포도호텔우동이랑 아이스크림 아이가 너무좋아했어요 같이 연계되어있는 디아넥스호텔수영장두 쵝오였어요
2017.05.08,-,-,명성만큼 예쁜 곳이예요. 조용하게 제대로 쉬는 시간 좋았습니다~ 식사도 훌륭하고요~ 온천수가 객실에서 나오는 것도 좋아요.
2017.05.13,-,-,"40대이상 여자 좋아함. 온천 중독성 있음. 부모님 동반이라면 강력하게 추천한다. 일정중 마지막으로 추천, 조용하게 온천에서 여독을 풀고 공항일정이 좋다. 1.직원서비스 ☆☆☆☆☆ 2.시설 ☆☆☆☆ ☆ 초중포함4명 침대가넓어 부족함 못느낌 3.주변편의시설 ☆골프장주변이라 이질감. 4.주변환경 ☆☆☆☆ 5.조식 ☆☆☆☆ 6.가격☆☆☆☆☆ 초중포함 총4명 추가요금 없음. 디럭스한실 400,000원"
2017.05.14,-,-,"눈 앞의 대형창을 열면 바로 나오는 프라이빗 정원. 뽀송뽀송한 하얀색 침구. 최고급 히노끼 욕조와 중국 당나라 현종. 양귀비가 애용했다던 서안(시안) 온천과 같은 온천수. 웰컴 과일(사과. 한라봉)과 맥주. 과자류. 생수. 오렌지 주스로 가득찬 미니바(무료 이용) 네스프레소 캡슐 커피,,, 건축가 이타미 준(유동룡)의 작품이라 더더욱 특별했습니다~ 포도호텔 투숙하면 본태박물관 50%할인. 수풍석박물관 5000원 할인도 덤이에요~~"
2017.05.18,-,-,제주도 내에서 가장 제주 다운 호텔 같네요. 전 객실이 1층이라 소담스러워서 좋았고 조식도 맛있고 직원들도 정말 친절합니다. 선물로 주신 온천미스트도 잘 쓰고 있습니다. 제주에 다시 방문한다면 그 때도 포도호텔을 이용할거에요. 감사합니다.
2017.05.18,-,-,서비스도 좋고 조용하게 쉬다 오기 좋은 곳 새로 오픈하는 호텔들보단 시설적인 부분에서 조금 떨어지는 부분이 있지만 그걸 상쇄할 만한 메리트가 있음 단층에 테라스가 있어 더 좋음
2017.05.19,-,-,포도호텔은 듣던대로 경치가 정말 아름다웠어요. 저멀리 바다까지 보이는 전망과 밤에는 수없이 많은 별들이 반짝이는 하늘을 보며 힐링하고 왔습니다. 조용히 쉬고 싶을 때 더 없이 좋은 호텔인 것 같아요.
2017.05.22,-,-,좀 외진 곳에 있긴 하지만 덕분에 너무 조용하고 공기도 좋았습니다. 방도 넓었구요. 어머니 모시고 갔는데 주변 환경을 너무 마음에 들어 하셨어요. 조식도 맛있었고 너무 평화로워서 테라스에 그냥 가만히 앉아만 있어도 좋았네요.
2017.05.24,-,-,"분위기도 너무 좋았고, 건물 구석구석 둘러보는 재미도 있었습니다. 방 자체도 넓고 창 밖에 작은 정원 풍경도 고즈넉해서 좋았습니다. 히노끼 탕 안에서 온천수 욕은 와이프며 아기며 저까지 전부 만족하며 즐겁게 했습니다. 기회가 된다면 꼭 다시 묵고싶은 호텔입니다."
2017.06.04,-,-,매번 한실이용하다가 양실 처음 이용하는데 욕실이 조금 아쉽지만 만족하고 왔네요. 다만 밤에 옆방분들이 술을 많이 드시고 야외문을 열고 시끄럽게 떠들어서리 ㅡㅡ 한마디하려다가 참았네요. 공치러오신분들이 무슨 술을..그리고 수압이 너무 약해요. 리모델링한걸 잘 모르겠더라구요. 문이랑 벽지는 새거같은데 예전과 다른건 잘 못느끼겠더군요. 한실은 많이 바뀌었을라나..어쨋든 편하게 쉬고왔네요 수건도 많고 침대도 편하고 좋아요.
2017.06.08,-,-,"기대를 많이 하면 만족하기 어려운데 오히려 기대 이상의 만족감을 준 호텔입니다. 완전 한옥식으로 꾸며진 객실은 아늑하면서도 쾌적했고요, 한지 장판의 느낌은 너무 좋아서 집 방바닥을 바꾸고 싶을 정도입니다. 방에 들어서자 마자 히노끼 욕조에서 나는 코 끝을 감싸는 나무 향도 너무 좋았고... 분명히 꾸민 조경인데도 완전히 자연 속에 와 있는 듯한 느낌을 주는 바깥 풍경은 평상에 앉아 있으면 산 속에 와 있는 듯한 느낌을 온전히 줍니다. 한옥이 주는 따뜻함과 자연 환경을 중시하면서 조용히 쉬다 올 계획이라면 최고의 선택이 될 것입니다만, 편리한 부대시설과 놀이를 바란다면 만족스럽지 않을 수는 있겠네요. 건축에 관심 있는 사람이라면 호텔 건물 자체를 감상하는 재미도 큽니다. 구석구석 정말 잘 설계되고 잘 지어진 건축물입니다. 식사는 조식은 좋은 편입니다, 맛있고 퀄리티도 높아요. 석식 코스는 가격대비 별로 추천하고 싶지는 않네요. 제주도는 워낙 맛있는 음식이 많으니까 식사는 밖에서 먹는 것이 좋을 듯합니다."
2017.06.20,-,-,제주도 올때마다 와야지 와야지 했었는데 객실이 많지 않아서 항상 만실이었던거같아요 이번에는 미리 계획세우고 오니 쾌적하게 합리적인 가격으로 지내고 왔습니다 모기땜에 좀 고생은 했네요 바다만 보이는 제주 말고 산을 느끼는 제주 여행이라면 강추합니다
2017.06.21,-,-,산 중턱에 있어 레저를 즐기기엔 그냥 그렇고 골프치시는 분들은 괜찮을거 같네요 저는 골프 안쳐서 조용히 책읽고 호텔에만 있기엔 갠찮았어요
2017.06.21,-,-,제주 핀크스 포도호텔 온천수가 가장 장점인 호텔이며 주변 경관이 우수함 호텔음식또한 칭찬하지 않을수 없는 수준으로 왕새우튀김우동 + 아이스크림 조합은 모두를 만족시킬 조합임. 다른 음식또한 매우 만족스러움.
2017.06.22,-,-,엄마랑 한실묶었는데 비오는 날이었는데 분위기도 너무 좋았구여 히너끼탕도 마음에 들어하셨습니다 사람도많이없고 한적해서 좋았습니다 차없이 택시타고들어갔었구요 나중에 디아넥스 호텔이동할때도 차 대기시켜주셔서 편하게 이동했습니다 감사합니다 또 가고싶은 호텔입니다
2017.06.30,-,-,히노끼탕에서 개인적으로 온천욕할 수 있는 점이 가장좋았습니다 레스토랑 음식도 매우 맛있어요 중산간의 풍경과 고요함 속에서 돌아다니지 않고 호텔에 머무르며 쉬기에 좋았어요 직원분들도 친절해요
2017.07.02,-,-,"바쁘게 움직이지 않고 온천욕하며 쉬기에 좋습니다. 친절하고 조용하고 근처에 본태미술관, 비오토피아, 방주교회가 있고 호텔 산책로도 예뻐요. 비오토피아에 있는 수풍석박물관은 미리 예매하지 않으면 관람이 어렵습니다. 커플이나 2~3명은 디럭스룸이 적당한데 양실은 객실에서 바다와 산방산이 보이고, 한실은 히노키욕조를 사용할 수 있습니다. 온천수는 전 객실에 나온다고 합니다. 미니바는 모두 무료고 간단한 과일도 있습니다. 매우 만족하고, 부모님 모시고 다시 한번 갈 계획입니다."
2017.07.03,-,-,한라산 기슭 구름속에 자리잡은 신비로운 느낌이 좋았습니다 .. 겨울에 다시 한번 가보고 싶은 곳입니다
2017.07.03,-,-,"제주도에 오면 포도호텔에서 꼭 숙박해 보라고 해서 부모님과 포도호텔서 숙박했어요, 기본 2인인데.. 1인 추가비용 33,000원 들었어요. 총 객실이 26개여서 붐비지도 않고 조용해서 지내기 너무 좋았어요. 전 한실서 묶었는데 온천욕이 정말 너무 좋았어요. 아침에는 포도 올레 코스로 30분? 정도 산책길인데 걸었어요. 넘 좋으네요. 미니바 무료에 월컴과일, 그리고 에스프레소 캡슐머신까지.. 커피 너무 맛있어요. 포도호텔의 섬세한 배려가 정말 느껴집니다. 왜 사람들이 포도호텔 포도호텔 그런지 알겠어요. 포도호텔 조찬도 너무 추천해 드리구요. 콩가루 아이스크림, 새우튀김우동은 정말 최고입니다. 조용히 정말 제주 그대로의 힐링을 원하시는 분에게 추천해드려요. 다만 안개가 많이 껴서 운전을 조심해서 하셔야해요. 가격은 비싸지만 지내면 왜 가격이 비싼지 충분히 이해하는 호텔입니다. 제주도 숙박을 하면 명성에 비해 별로인 숙박업소들이 많습니다. 하지만 포도호텔은 다음번 재방문 의사 200%입니다."
2017.07.07,-,-,아기와 친정엄마랑 다녀왔어요 조용하고 프라이빗 한게 넘 좋았어요 아침조식도정갈하게 맛있게 먹고 나왔네요 다음에 또 기회가 된다면 또가고 싶은곳
2017.07.12,-,-,프라이빗한 분위기와 호텔 구조로 편안하게 쉬었습니다. 특히 테라스 전망이 참 아름답네요. 아침에 일어나 방안에서 창문넘어 테라스 밖 풍경을 보며 요가를 했는데 참 편안하고 즐거웠습니다. 어메니티는 평소에도 즐겨 사용하는 에이솝 제품이라 반가웠네요. 무료 미니바 서비스도 좋았습니다. 좋아하는 스낵류로만 가득해서 맛있게 먹었네요ㅎㅎ 성수기에 복작이는 인파를 피해 조금은 심심함을 즐기며 조용하게 편안한 제주여행을 하고싶다면 이 곳이 최고입니다.
2017.07.12,-,-,"조용하고 아늑해서 편안하게 쉴 수 있는 곳입니다. 창문을 열면 숲이 펼쳐져있고, 새소리가 들리네요. 온천수는 정말 최고네요. 모처럼 피로를 맘껏 풀고 잘 쉬었다 갑니다. 비온 후 안개는 멋지기는 한데, 도로운전시 위험했습니다. 객실시설, 어매니티, 직원 친절 등 정말 좋았습니다. 다시 방문하고 싶네요."
2017.07.14,-,-,조용하니 휴식을 취할 수 있는 최고의 호텔 객실 컨디션 서비스 직원 친절도 음식 모두 다 특급입니다 단 여러사람들과 어울리면서 시끌벅적한 휴가를 꿈꾸시는 분들에게는 맞지 않을 듯 합니다
2017.07.17,-,-,직원 응대서비스는 특급 호텔 수준임 아무래도 객실 수가 적다보니 개인별 맞춤서비스 만족도는 더 높을 듯 전망을 고려하는 투숙객이라면 결정을 재고해 보시길... 관리가 잘 안된 정원 전망은 그다지 매력적이지 않습니다. 차라리 비올땐 운치라도 있겠지만... 객실 컨디션은 좋은 편입니다. 일반 호텔보다 넓은 편이고 무엇보다 객실에서 온천욕이 가능합니다. 온천수와 히노끼탕을쓸 수 있다는 메리트로 예약할 만 합니다 조용한 휴식에는 어울리나 재방문 의사는 그리 높지 않습니다
2017.07.18,-,-,전체적으로 룸은 너무 좋았습니다 하지만 서비스는 부족하였습니다 어메니트도 네명 숙박했는데 셋트한개만 주었고 온천수는 첫날 나오지 않았지만 통지만 하였습니다
2017.07.18,-,-,이틀간 잘 숙박하고 왔습니다 나름 만족하였습니다 다음에는 더오래머무르고 싶습니다 자연과 함께한 호텔이였습니다 하지만 네명숙박에 어메니티는 셋트로 한개씩 주었고 미스트 인터파크 특가 준다는것은 안주었습니다 온천수가고장이나 하루만 한것은
2017.07.24,-,-,6개월 아기와 함께하는여행이였어요~~ 음식도 모두 너무 맛있구~~ (생맥도 맛있었어요) 수영장과 온천도 너무 좋았어요. (차타고 2분거리지만) 가을에 또 가려구요~^^
2017.07.28,-,-,"방에 들어가면 나는 히노끼향과 창을 열면 나는 숲속향이 합쳐져서, 정말 힐링이 되는 숙박체험을 제대로 했음. 무조건 한실 추천!!!"
2017.07.28,-,-,고급스런 별장이미지를 기대하고 갔었다. 창문을 열어놓으면 느껴지는 풀내음과 벌레들의 울음소리가 깊은밤 제주의 한가로운 풀숲을 느끼게 해주었다. 보통의 호텔과 달리 단층으로 이루어진 포도호텔만의 정취라고 할수있다. 온천수가 나오는 욕실도 매력적이다. 다만 좀 오래된 느낌의 객실에 대한 아쉬움이 있고 2명이 이용하기에는 넓은 평수 때문에 가격이 높다는 점이 옥의 티?
2017.07.28,-,-,"제주 핀크스 포도호텔, 좋은 숙소에서 잘 보냈습니다. 특히 히노끼 욕조 + 온천수 목욕은 정말 만족했습니다."
2017.07.31,-,-,비싼 만큼 정말 좋았습니다. 방이 2개에 중간 미닫이 있어서 더블침대 4개여서 공간이 충분했어요. 시설도 리노베이션을 해서인지 아주 깨끗하고 좋았어요. 만족스러운 여행이였습니다.
2017.08.03,-,-,여름 최성수기 시즌에 2박3일 짧은휴가여서 숙소 선택에 고민이 많았습니다. 중문쪽 L호텔 예약했다가 좀더 한적하고 조용히 쉴수있는 포도호텔로 변경했는데 선택에 후회는 없습니다. 음식도 만족스러웠고 객실에서 온천욕을 할수있어서 다른 호텔과 차별화된 점 좋았습니다. 단 수영장ㆍ사우나ㆍ스파시설이 없다는 부분을 모르고가서 좀 당황했지만 가까이에 있는 같은 계열 디아넥스호텔 수영장 등 이용할수있어서 큰 불편함은 없었습니다. 객실에서 보이는 멀리 산방산과 전객실이 단층이라 정원같은 아름다운 풍경은 저에겐 포도호텔을 다시 찾고싶은 마음이 들게하는 중요한 포인트입니다.^^
2017.08.04,-,-,원래 포도호텔 좋다는건 알았지만 직접 투숙해보고 감탄했습니다. 호텔이 너무 좋아서 어디 따로 안가고 새우우동먹고 해지는 풍경 구경하고 마무리로 온천했는데 완벽한 휴식이었네요.
2017.08.05,-,-,"역시 포도호텔! 생각했던 것보다 훨씬 더 좋았어요. 초록초록한 뷰도 좋았고 조용히 쉴 수 있어서 만족스러웠습니다. 어메니티도 고급지고 룸 컨디션도 좋았습니다. 제 개인적으론 비슷한 가격이면 신라, 롯데 보다 나은 거 같아요. 부모님 모시고 갔는데 너무 좋아하시더라구요. 다음에 제주 가면 또 묵을 예정이에요!"
2017.08.15,-,-,원래 다른 여행사로 예약했었는데 바로 전날 방이 없다고 연락왔어요 부랴부랴 인터파크 투어로 예약했는데 바로 확정해주셔서 다행히도 포도호텔에 방을 잡을 수 일었어요 담당자분 너무 감사합니다. 그 이후엔 항상 인터파크투어 사용하고 친구들에게도 추천 중이랍니다! 포토호텔은 다른 체인호텔과 다르게 단층호텔이라 객실에서도 자연을 충분히 느낄수 있는 호텔이었어요. 객실수도 별로 없어서 붐비지 않고 조용한 여행에 딱이랍니다. 그리고 유명한 건축가가 설계한 곳이다 보니 호텔 곳곳이 갤러리 같은 느낌이 물씬!! 한실에서 묵었는데 생각보다 넓었고 인테리어도 간결하면서도 고급스러워서 좋았어요 특히 외국인들이나 부모님을 모신 여행에 추천드립니다. 가장 좋은 점은 방마다 하노끼탕이 있어서 여행 후 몸을 담그면 피로가 완전 풀린답니다. 피부도 매끈매끈 윤이나서 저녁이랑 아침에 두번이나 온천을 즐겼지요 ㅎㅎ 마지막으로 조식은 깔끔한 정식부터 아메리칸블랙퍼스트까지 다양하게 선택할 수있습니다. 왔다갔다 퍼와야하는 뷔페형 조식보다 앉아서 먹을 수있어서 훨씬 좋았어요. 제주 여행을 생각하신다면 포도호텔 강추드립니다.
2017.08.21,-,-,중문단지의 북적임이 싫다면 조용하게 머무를 수 있는 곳으로 추천합니다. 객실안의 히노끼탕도 아이와 함께하기엔 딱 좋습니다. 유명한 새우튀김 우동도 추천!!
2017.08.24,-,-,한실에서 2박함. 객실도 넓고 침구가 완전 푹신함. 온천탕 너무 좋았음. 객실에 있는 미니바 무료 라서 너무 좋았음. 맥주 2캔 과자 몇개잇고 음료수 2개잇고 물2개잇엇음. 주위에 산책로가 있는데 간단하게 걷기좋았고 편의점은 내부에 없고 밖에 조금만 가면 편의점있음 여기호텔 이용시 렌트카 추천. 하나도 흠 잡을것없이 레스토랑 음식도 맛잇었음. 재방문 의사 100프로!
2017.08.24,-,-,"제주의 풀벌레 소리 들으면서 잠들었습니다. 포도호텔 말만 들었는데 이렇게 좋을 줄 몰랐네요. 깔끔한 조식도 좋았고 무엇보다도 온천수로 피로를 풀 수 있어서 좋았습니다. 직원분들 모두 너무 친절하셨고, 여유와 여백이 넘치는 호텔이었습니다. 가는 곳 마다 새로운 풍경이 보이고 마음을 차분하게, 휴식과 힐링을 돕는 호텔이었습니다. 다음에는 하노끼 욕실이 있는 방으로 꼭 가보고 싶네요. 삶이 지치고 피곤할 때 꼭 찾아갈 겁니다. 조용히 휴식과 여유를 즐기고 싶으시면 무조건 포도호텔입니다."
2017.08.31,-,-,"해발 높은 곳에 위치하고 있어 시원해요 주변 경관 좋고 인접 산책로 있는데.. 별로 추천하고 싶진 않네요ㅎ 시설, 직원분들 친절도 모두 만족하였으나 온수 냉수 조절이 잘 안되는게 조금 아쉽네요 잘 쉬다 갑니다"
2017.09.05,-,-,"호텔이지만, 다른 호텔같이 번잡스럽지 않고 조용해서 너무 좋았습니다. 히노끼 욕조에 온천수, 조식도 만족스러웠어요. 가족이 함께 지내기에 이만한데도 없지않을까 싶네요."
2017.09.18,-,-,"무척 만족스럽습니다. 특히, 주변 자연경관에 어우러지는 단층 호텔은 단지 숙소가 아니라 휴식을 위한 최종 목적지로도 손색이 없었어요. 비록 마지막날 조찬에 메뉴 주문이 잘못 들어가서 당황스럽긴 했지만, 바로 정중히 사과하고 제대로 가져다 주었구요^^ 운좋게 레스토랑에서 너무 예쁜 무지개도 보았네요. 신랑과 함께여서 물론 더 좋은 2박3일 이었지만, 설혹 혼자만의 휴식이 너무너무 필요할때도 망설임 없이 예약 할 수 있을 것 같아요."
2017.09.25,-,-,"오래 전 건축 전공 친구에게 추천 받은, 제주도에서 꼭 다시 가고 싶은 건축학적으로 아름다운 호텔 예약 할때 마다 방이 없거나 해서 기회가 없었는데 이번에 기회가 되었다. 한실은 처음이라 침대가 없을까 걱정 했는데 온돌인데 침대도 있고 창밖 나무 마루 테라스는 경치가 너무 아름다와 티비 볼 생각을 못 하게 하는 곳 고요하고 신비롭기까지 하다. 히노끼로 만든 객실 전용 온천 객탕은 하얀 온천물이 너무 좋다. 꼭 다시 가고픈 곳"
2017.09.26,-,-,이번 주말 여행으로 제주 다녀오면서 엄마와 애들 데리고 가는 거라 로얄 한실로 다녀왔습니다 역시 포도호텔이네요 객실컨디션 온천 음식 모두 만족이에요
2017.09.26,-,-,"깔끔하고 조용히 물소리, 새소리 들으며 잘 쉬다 왔어요 음식도 깔끔하고 맛있네요 아쉬운게 있다면 산책할수 있는 코스가 좀 부족해요 주위에 갈곳도 없구요"
2017.10.02,-,-,조용하고 창문 밖으로 보이는 경치도 좋고~ 온천수도 좋았어요 참 조식은 그닥... 그냥 멀리가기 귀찮아서 먹었는데 돈 아까웠어요 방은 정말 굿! 가격만 저렴하면 좋을 듯 ㅋ
2017.10.03,-,-,해변가 리조트와는 다른 산속 조용한 풍취가 있다 골프장이 붙어 있는건 골프 안 치는 나로서는 별로이지만.. 마일리지를 시간이 지났다고 소멸시켜 버린건 아쉽다 다음 여행이 기다려진다
2017.10.05,-,-,한실에서 하루 쉬었습니다. 온천수로 스파도 하고 넓은 객실에서 춤분한 쉼이 되었습니다. 식당도 조용하고 좋은 분위기에서 만족스러운 식사도 즐거웠습니다. 산책로가 없는 부분이나 부대시설이 적은 부분은 다소 아쉬웠습니다. 어르신들에는 아주 좋은 분위기와 룸컨디션이였습니다.
2017.10.07,-,-,부모님 모시고 한살짜리 아이와 다녀왔어요 모두 만족했고 아이도 너무 좋아했습니다 식사도 만족스러웠고 예상보다 호텔에 더 오래 머물었어요. 날씨가좋아 경치도 무척 좋았고 노을도 아름다웠습니다. 직원분들도 친절하게 대해줬습니다. 산책로도 아주 예뻤어요
2017.10.17,-,-,이타미 준 설계 최고의 걸작 고요 위의 적막 단순하고 곡선미를 가미한 안온한 설계 자연친화적 호텔 앞 오름의 억새가 일품 새우튀김우동 새우도 대형 맛있었으나 너무 고가
2017.10.18,-,-,한적한 곳에 멋진 풍경 그리고 호텔 건물과 실내 마지막으로 최고의 룸 컨디션 최고의 1박이었습니다. 직원분들도 매우 친절하셨고 디너와 조식 식사도 좋았습니다. 다음에 또 제주에 오면 머물고 싶은 호텔입니다.
2017.10.28,-,-,부모님이랑 아기랑 갔었는데 조식불포함 상품이라 음식값이 의외로 많이 나왔어요 싼상품인지 구석방을 주셔서 음침했어요 숲속이라 더 그랬구요 친절도는 그냥 모텔보다 나은정도 식당직원분이 친절했고 음식은 괜찮은편이었어요 제일좋은건 매일 온천욕 실컷했었다는거에요 부모님이랑 가기엔 괜찮은것 같아요 미니바 무료라 젤 좋았어요
2017.11.02,-,-,이라는 건축가 작품 이라는 것 .. 위에서 보면 포도모양이라는 것 객실들은 포도 모양 둘레에 배치했다. 이 곳 레스토랑 우동이 유명하다 정도 알고 갔어요. 테라스 에서 보는 제주도 돌담과 정원과 억새가 아름답네요. 온천도 좋고. 탁 트인 방 구조도요.
2017.11.03,-,-,부모님께 방을 잡아드렸습니다. 좀 외진 데 있어서 으슥한 기분이 드는 것 빼고는 다 좋다고 하셨습니다. 추천합니다.
2017.11.14,-,-,갑자기 당일로 예약하게 되었는데 예약 체크도 빨리 도와주셔서 좋았습니다. 부모님과 여행에 추천합니다.
2017.11.23,-,-,나지막하고 객실수도 적어서 맘여유롭게 머물다 갈 수 있는 곳이에요 조용하고 조식도 깔끔하고 저도 다른 후기분들처럼 잘 쉬다 왔어요.. 비오토피아 박물관 사전 예약제인지 몰라서 못들른게 아쉬워도 다시 또 방문하고 싶네요
2017.11.24,-,-,"직원분들도 친절하시고,서비스도 너무 좋았습니다 다음에 또 이용할거예요!! 엄마도 너무 좋아했어요~"
2017.11.27,-,-,만족스러웠습니다 다만 호텔 위치는 좀 아쉬웠네요 객실 나부에서 히비키탕을 이용할수 있는점이 매력적이었습니다
2017.11.27,-,-,만족스러웠습니다 다만 호텔 위치는 좀 아쉬웠네요 객실 나부에서 히비키탕을 이용할수 있는점이 매력적이었습니다
2017.11.30,-,-,북적이는 대형 호텔들과 달리 아늑하고 조용해서 제대로 힐링하고 왔습니다 한실 히노끼탕은 그중에서도 베스트 오브 베스트 교체한지 얼마 되지 않아서 그런지 나무향이 은은하고 온천물도 너무 좋았네요
2017.12.02,-,-,조용하고 한적한 곳이어서 세상모르게 잠도 푹 잘 수 있었고요. 객실 욕조로 바로 연결되는 온천수도 좋았습니다. 피부가 매끈해져요. 오롯이 쉬고 오기에 더할나위없는 곳이에요.
2017.12.20,-,-,매번 한실만 이용하다 양실은 처음이었는데 뷰가 넘 예뻐서 보는것만으로도 힐링이 되는것같았어요 온천도 너무좋고 조식도 맛있었습니다
2017.12.20,-,-,소중한 추악 만들고 갑니다. 좋았습니다. 편안하게 잘 지내다 갑니다. 미니바도 좋고. 커피도 아주 맛있네요
2017.12.28,-,-,"포도호텔은 꼭 한 번 이용해보려 하다가 이번에 가보게 되었어요 저는 히노끼 온천을 위해 한실을 이용했는데, 정말 최고의 선택이었던 것 같습니다 조용한 분위기에 편안하게 쉴 수 있었습니다 다시 방문하고 싶은 곳이어요~ ^^"
2017.12.31,-,-,"제주 올때마다 거의 포도호텔에서 일박을 했었는데 요근래 몇년 가격대비 훌륭한 숙소가 많아 한참 발길을 끊었다가 2년?만에 다시 예약해서 갔습니다. 늘 양실만 이용하다 한실예약해서 갔는데 리모델링을 했다고 들었는데 뭔가 애매한 경계선에 있는것같았습니다. 바닥이 뭔가 얼룩덜룩해서 깨끗한 느낌이없고 밖에 조경을 봐도 양실에 비해 그닥이고..가격이 일박에 40만원이 일단 넘는데 그것에비해 서비스가 뭔가 아쉬운 느낌?새로진 왠만한 풀빌라나 신라를 비롯해 다른 5성 좋은 호텔을 봐도 거의 30후반에 가격입니다. 이정도 가격이면 뭔가 특출나야하는데 딱히 그런게없네요. 직원들 서비스가 딱히 친절한것도 아니요(정말 웃으면서 맞아준 직원이 단한분도 안계셨어요) 아침조식이 딱히 맛있는것도 아니고 그렇다고 호텔시설이 삐까뻔쩍한것도 아니고.. 이제는 이돈주고 더이상 여기올것같지않네요. 단한가지, 골프 퍼블릿 2인예약할때 그냥 전화했을때는 마지막 타임밖에없다더니 체크인하고 프론트직원분이 전화했을때는 타임많으니 원하는시간말씀해달라고해서 체크아웃시간에 맞춰 퍼블릭이용하고 왔네요. 아침 조식때보니 다들 나이지긋하신 노부부나 가족단위 분들이 많이계셔서 여전히 영업은 성업중인것같았으나 제가 느끼기에는 예전에 비해 음식맛이나 직원서비스 퀄리티가 상에서 중하로 다운그레이드된 느낌입니다. 가격대비 가성비가 떨어지는것 같으니 이용에 참고하세요."
2018.01.03,-,-,태교여행으로 이용했습니다. 조용하고 한적해서 휴식하기 좋은 호텔이에요 룸도 깔끔하구 뷰도 좋구요^^ 온천수도 콸콸나와 반신욕도 자주하고 다음에 또 이용하고싶네요
2018.01.03,-,-,"가족들과 편안하게 잘 쉬다 왔습니다. 한실은 욕조가 히노끼탕이라 아주 운치있고 좋았어요. 온천물도 성분 좋고,,, 프라이빗한 욕실에서 조용히 온천욕하는 기분 말로 표현하기가 힘듭니다. 아침 조식도 정갈하게 나와서 맛있게 잘 먹었구요! 다음에 또 가고 싶은 마음이 드네요."
2018.01.09,-,-,5인갔는데 베드각4개 ~~엑스트라베드도나름괜찮음 각베드당중간가벽파티션도있고 아라고나이트온천수받는욕조2개 소파 식탁도있슴다 아쉬웠던건 레스토랑메뉴에 양식이빠져있다는것..특히 그 맛나던 카레가없어졌음 골프장카트길산책로도이용하고 아넥스호텔대중탕도 할인해주고셔틀도있고..정원같은 밖도 즐길수있는..역시굿입니다
2018.01.09,-,-,룸 컨디션부터 각종 용품 및 서비스가 완벽하네요 한실 창문을 열고 비내리는 정원만 바라보고 있어도 마음이 정화됩니다 히노끼 욕조에서 즐기는 온천은 너무 좋아서 두번이나 다시했네요. 조식은 깔끔한 한식으로 아주 만족했습니다. 편안한 휴식을 원한다면 강추합니다.
2018.01.14,-,-,"잘 확인하지못한 투숙객의 불찰도 있지만, 기본적으로 체크인시 조식여부안내를 못받은 적은 10년동안 처음입니다. 긴 여행여정으로 호텔 여러곳을 동시에 몇달전에 예약진행해서 깜박했는데, 투숙후에 나오면서 알게되니 기분이 별로네요. 그 이후 타 호텔이용시에도 체크인시 조식여부에 대한 컨펌이 항상 최우선으로 물어보시던데..포도호텔 데스크의 고객응대는 참 많이 아쉽네요..이번 여행에서 가장 비싼 객실요금이였는데, 그것에 맞지않는 서비스 수준입니다. 체크인,체크아웃 다 데스크는 불친절하더군요..좀 나아졌으면 좋겠습니다. 같은 회사인 디아넥스 호텔 데스크의 친절도와 너무 비교되네요."
2018.01.18,-,-,"눈이 많이 온날, 차량에 눈쌓인것도 치워주고, 스노우체인 못채우고 끙끙거릴때 내일처럼 도와주는 모습에 감동 받았음."
2018.01.23,-,-,"잘 쉬고 옵니다. 주기적으로 방문하게 될것같네요. 폭설 있었지만, 요람 같이 고요하고 따뜻하게 보냈습니다."
2018.01.28,-,-,"결혼 기념여행을 포도호텔로... 올해 결혼기념일은 5주년으로 목혼식 (木婚式)이다. 나무로된 선물을 주고받는 결혼 5주년을 기념하려고 제주도 포도호텔을 예약했다. 나무구조가 드러나있고 건물 내부의 대부분이 목조로 이루어진 이 호텔은 목혼식(결혼5주년) 기념으로 최고라 생각했다. 포도호텔은 이타미준(한국명 유동룡 1937~2011 ) 생애중 말년에 만들어진 걸작품 중 하나다. ''98년부터 진행된 제주도 프로젝트 중 핀크스 클럽하우스, 수,풍,석 박물관과 두손미술관, 방주교회와 같이 연이어 지어지고 수발리에상, 김수근 문화상 등 큰 상을 받게된 작품이다. 나무와 돌같은 자연재를 활용하여 제주의 멋을 담은 작품으로 내가 특히 좋아하는 부분은 건물내에서 조망되는 외부경관이 너무 멋지고 정갈하다. 약간 일본스럽지만 포도호텔은 제주도만의 조망을 담아서 설계되었다. 특히 아라고나이트 온천수를 활용한 히노끼탕을 객실마다 갖고있는 한실은 특히 가보고싶었다."
2018.02.01,-,-,제주도 호텔 중 제일 좋았어요 조용하고 좋네요 ~ 방도 정말 넓고 정말 잘다녀왔어요 다음에도 또 꼭 가고싶네요
2018.02.05,-,-,정말 최고의 호텔입니다 일본의 온천호텔에 묵은 것 같은 느낌이에요 정원을 바라보는게 바다 뷰랑 또 다르긴 하지만 고즈넉하고 조용하고 정말 좋았습니다 히노끼 탕에서 아침저녁으로 온천을 즐겼는데 온천물 정말 좋은 것 같아요 피부가 매끈매끈 어메니티라던지 서비스도 정말 좋았습니다 그런데 방이나 복도에서 기계음이 약간 있는데 그 부분은 좀 조정하시는 게 좋을 것 같네요 다음에 제주도에 가면 또 묵을거예요
2018.02.06,-,-,부모님 모시고 여행하기 좋습니다. 객실이 많지 않아 조용하고 직원분들 친절하고 서비스도 좋습니다. 히노끼탕에 온천수만 나오는 수도밸브가 따로 설치되어 있어 개인 온천욕을 즐길 수 있는 장점이 있습니다. 인근 디아넥스에 탄산온천탕을 이용하실 계획이 있으면 포도호텔에서 셔틀버스로 3분만에 데려다 줍니다. 편리합니다. 조식포함되는 상품이였는데 식사도 괜찮고 조용히 휴식하기 좋은 호텔입니다.
2018.02.10,-,-,음식 별 5개 친절도 별 5개 온천수 별 5개 청결도 별 3개 전체적으로 만족스러웠습니다. 산간에 눈이 많이 왔는데 문자메시지로 차량 이동 주의사항을 알려주었습니다. 한실에서 묵었는데 바닥 청소상태가 별로였습니다. 보말우동?과 흑돼지돈까스는 정말 맛있었습니다.
2018.02.17,-,-,조아요 진짜 힐링할수있는곳 온천도하고 조용히 쉴수 있는곳 어르신들이 좋아할듯 꼭 가보세요 날따뜻해지면 또 가고파요
2018.02.20,-,-,조용하다못해 고요한.. 미니바에있는 맥주한캔과 따뜻한 온천욕 눈내리는 정원을 따뜻한 방에서 보면서 너무나 편안했습니다 제주도에 가면 또 머무를것같습니다
2018.02.22,-,-,"재방문한 포도호텔. 중문과 15분거리이고 본태박물관, 방주교회등이 유명하지만 이번에는 한적한 호텔내 휴양을 위해 아무곳도 안 갔습니다. 우선 조용히 쉴수있어서 좋았구요. 저녁은 코스요리로 하려했으나 깜빡하고 2시까지 예약을하는걸 잊어서 그만.. 단품도 괜찮으니 상관없었구요. 40은 4인기준 불가리 어매니티, 칫솔까지 잘갖추어져 좋았습니다. 객실 전망 좋구요..(폰이라 사진업로드가 안되네요..) 단, 디아넥스호텔이 생겨그런지 갈수록 온천수가 조금 변하는 느낌이.. 약간 덜따셔졌고, 흰가루가 남던것이 약간 황토색을 띄고.. ... 그냥 느낌인듯도 하구요. 그럼에도 정말 좋은 물이거든요.. 최고급이 아니라면 웬만한 일본 온천료칸 보다 훨 나아요."
2018.02.25,-,-,눈이 많이 와서 체인달고서 힘들게 갔으나 방도 넓고 깨끗하고바깥풍경도 좋고 온천하려고 일부러 한실 택했는데 탁월한 선택이었어요 본태박물관 입장료도 50%할인받고~~ 가격은 좀 비쌌으나 또 가고 싶네요
2018.02.27,-,-,여행 첫날 편히 쉴곳을 찾다가 포도호텔에 묵었습니다 방음도 안되고 애기들 울음소리 그대로 들리는 타호텔과는 달라서 너무 좋았습니다 온천은 말할것도 없이 하루의 피로가 풀리는 느낌 미니바 무료제공에 선물까지 감동~~^^ 좋은곳에 좋은사람과 또 가고 싶네요!!
2018.03.02,-,-,1. 조식 괜찮음 2. 가을에 방문해 비가 오는날 식사를 하는데 밖같풍경이 너무 운치있고 좋았음 데이트 코스로 추천함 프로포즈 하기에도 조용하고 분위기 있음
2018.03.06,-,-,내부는 베리굿 주의에 놀곳이 없음 디아넥스에 부대시설이 많음. 한적하고 조용한곳이 필요 하시다면 강추
2018.03.07,-,-,포도호텔..눈찜만 하다 엄마 환갑여행으로 함께 방문했어요 겨울에 가서 바로 방 앞에 눈이 온 풍경 예술이었고 히조키탕 정말 너무 좋았습니다. 다만 식당 음식이 그렇게 맛있지는 않았던 것 같아요. 조식은 먹을 만 했지만 석식은 다른 곳에서 드시길 추천드려요.
2018.03.12,-,-,"sk직원 할인 같은 걸 전혀 못 받아서 인터넷 구석구석을 다 뒤졌는데 체크인나우가 제일 싸서 여기서 예약했어요. 31만원대에 트윈룸 한실 예약했고 전반적으로 매우 만족스러웠습니다. 주변에 디아넥스 호텔 내 편의점 말고는 소소한 주전부리를 구입하기 쉽지 않은데, 마침 제공된 과일과 과자를 아주 요긴하게 즐겼어요. 하이네켄도 두 캔 들어있었는데 목욕을 즐기며 마시는 하이네켄이 이렇게나 맛있는지 처음 알았네요. (하지만 짐 여유가 있으면 과일이나 맥주 같은 건 간식으로 더 챙겨가도 될 거 같아요.) 어메니티 이솝도 좋았어요. 욕조는 사진으로 볼 때 얕아 보였는데 실제로 안쪽은 더 깊어서 전신욕을 하는 데에도 매우 충분했습니다. 일정이 길지 않아 핀크스 안팎 문화시설들과 자연 위주로 일정을 짰는데 동행자가 만족스러워 해 뿌듯했습니다. 방주교회, 본태 박물관, 비오토피아 수풍석, 포도호텔 내 갤러리 전시, 오름 하이킹 코스, 포도호텔 레스토랑에 갔고 할인도 받았어요. 시간이 더 있었다면 디아넥스 수영장과 온천도 갔을 거예요. 차없이 택시로 이동을 했지만 포도와 디아넥스 사이를 오가는 셔틀이 있어 정말 좋았습니다. 참고로 카운터에서 콜택시를 불러 중문까지 갔더니 요금은 1만5천원이었습니다. 직원분들도 매우매우 친절하셨고 숙박객들이 여유로운 분위기를 즐길 수 있도록 분위기 조성을 잘 해주셔서 좋았습니다. 다만 커플 이용객이라면 저녁식사 같은 건 밖에서 즐기는 것도 좋을 것 같아요. 가족 단위 이용객이 많다보니 어린이들이 변수가 될 수도 있어서요. 물론 포도호텔에서만 볼 수 있는 멋진 석양과 맛있는 음식도 훌륭합니다. 다음에는 넉넉하게 2박이나 3박으로 오고 싶어요."
2018.03.13,-,-,가족들과 갔는데 조용하고 편안하게 제주에서 묵을 수 있었습니다. 근처 오름도 올라가고 객실상태도 너무 깨끗하고 온천수로 목욕할 수 았어 좋았습니다. 최고의 호텔이었습니다. 다시 온다면 포도호텔을 찾을 예정입니다
2018.03.20,-,-,주변에 아무것도 없고 공기 좋고 편안하게 잘 쉬다 왔어요 한실 자쿠지와 온천수가 너무 좋았습니다 다음에 또 가려고 해요
2018.03.27,-,-,숙소 객실도 좋았습니다 음식도 좋았구 풍경 서비스도 아주 만족했습니다.. 날씨만 조금만 더좋았더라면 환상이었을 곳입니다ㅜ 처음에 포도호텔 찾기가 조금 헤깔렸습니다ㅠ 다음에 또 제주도를 가면 이용하고 싶어요
2018.03.27,-,-,숙소 객실도 좋았습니다 음식도 좋았구 풍경 서비스도 아주 만족했습니다.. 날씨만 조금만 더좋았더라면 환상이었을 곳입니다ㅜ 처음에 포도호텔 찾기가 조금 헤깔렸습니다ㅠ 다음에 또 제주도를 가면 이용하고 싶어요
2018.03.29,-,-,"제주도에 많은 좋은 호텔들이 있지만, 포도호텔에서의 숙박은 잊지 못할 경험이 될 것 같습니다. 시설, 위치, 서비스 모두 만족합니다."
2018.04.02,-,-,간만에 방문한 포도호텔. 몸과 마음을 한없이 풀어놓고 쉴 수 있는 공간. 특히나 온천수 목욕은 뭐라 말할 수 없을 정도로 좋은...
2018.04.04,-,-,"제주여행을 준비하면서 숙소를 못고르고 있던중 우연히 포도호텔을 알게 되었어요 평도 좋고 사진으로 봤을 때 괜찮아보여서, 또 1+1특가로 이용할 수 있어 한번 이용해보자는 생각으로 예약!! 너무 기대하면 실망이 크다는 생각으로 최대한 기대를 안하려고 노력하면서 여행 첫날 숙소에 도착!! 정말 깜짝 놀랐어요 정말 좋아서. 기대 이상이었어요 외관도 멋지고 로비(두번째 사진)부터 객실까지 이어지는 길 모두 고풍스러운 분위기에요 객실은 말할 것도 없이 매우 좋았죠 한실로 이용했는데 화장실에는 히노끼 욕조가 있답니다(첫번째 사진) 온천수도 이용할 수 있어요! 침대가 큰 것 하나 작은 것 하나였는데 작은 침대에서도 충분히 성인 두명 잘 수 있을 것 같았어요 아이가 있어서 침대이용을 걱정했는데 침대가 정말정말 커서 걱정없었어요 방도 정말 넓고요.. 그리고 조식은 이틀 중 하루는 제공되어서 포도조찬으로 잘 이용하였네요 첫날 저녁식사도 호텔에서 이용했는데 맛도 훌륭, 좋은 재료를 이용하는 느낌을 받았습니다 또 미니버를 무료로 이용할 수 있는 것도 매우 좋았어요. 이제 다른 호텔은 이용못할 것 같다는.. ㅎㅎ 흠잡을 데 없이 모두 것이 좋았어요 아이도 대만족!! 강추 합니다"
2018.04.04,-,-,한실의 바닥까지 뜨끈한 느낌이 너무 좋네요. 힐링하고 오기에 완벽한 환경입니다. 예약이 쉽지 않아 일 박 밖에 못한 게 아쉬울 정도예요.
2018.04.06,-,-,호텔 굉장히 좋습니다 ㅋㅋ 깨끗하고 정갈하고 너무 예뻐요ㅋㅋ 어머니랑 쉬러 갔었는데 다음엔 공도 쳐보고 호텔을 더욱 만끽하고 오고 싶네요
2018.04.07,-,-,여행목적이 오직 쉬러가는것이기 때문에 저에게는 너무 적합했습니다.특히 온천에서 목욕한후 어머니께서 아프던 허리와 무릎도 좋아지셨는지 맘에 드신다 하셨어요^^ 호텔이 단층이고 한라산에 위치해서 그런지 공기가 더 좋았어요~직원분들 다 친절하시고 미니바도 프리로 다 이용해서 기쁨이 두배였습니다.ㅋㅋ 아침에 일어나면 초록색이 먼저보이면서 눈이 편안해서 좋았구요~^^ 다음에 제주도 가면 포도호텔로 고고씽~!!!잘 쉬다 왔습니다~^^
2018.04.08,-,-,"숙박일-2018년 04월 04일~06일(2박) 룸상태: 한실 바닥에 낮은 침대 둘 한 침대는 폭이 넓고 한 침대는 좁아요. 어른 2인에 애기 하나는 충분히 가능 한 룸인듯. 청소상태:매우 좋음. 잡냄새 하나 없음. 화장실 및 욕실도 매우 좋은 상태. 주차장 및 주차도 편하게 할 수 있습니다. 바로 앞에 마보기오름 입구도 있어 왕복 40분 정도면 가능하니 꼭 들러 보시길. 중산간 지역에 위치한 전체 객실수 26개 이다보니 대단히 조용한 분위기가 지배적 입니다. 위락시설 없고 주변 가게 없습니다. 필요하시면 차로 10분 이상 나가셔서 구입해 오셔야 합니다. 호텔에는 딱 하나 조그마한 레스토랑이 있습니다. 여기서 조식, 점심, 석식을 드실수 있습니다. 추천, 비추천은 주관적이므로 노코멘트 합니디. 아! 최근에 오픈한 갤러리가 있습니다. 꼭 구경하시길. 설명도 큐레이터를 통해 들으시면서요. 이 호텔에서는 오후 4시 부터 큐레이터와 함께 호텔 투어를 투숙객을 상대로 하고 있습니다. 매우 유용한 투어이니 4시 이전 체크인 시 꼭 물어보시고 참석 하시길 바랍니다. 그리고 아 호텔에 투숙 하실 분이라면 비오토피아 내 수풍석 박물관 투어도 인터넷으로 예약하시어 관람하시면 좋을 겁니다. 특히 늦 가을 맑은날이라면 더 없이 좋을 듯 합니다. 조용한 휴식과 할링을 원한다면 이 호텔을 추천 합니다. 제주 서남부 및 중문과 가까운 곳에 위치한 호텔입니다. 2018년 04월 08일 작성"
2018.04.10,-,-,"제주 핀크스포도호텔 시설도 훌륭하고 깔끔하고, 어메니티, 미니바 무료제공에 아주 만족스럽네요. 특히 온천수와 히노끼욕조의 조합은 대만족 입니다."
2018.04.10,-,-,"포도호텔 명성 그대로 힐링하는 여행이었습니다~ 아라고나이트 온천수도 좋고, 고즈넉한 느낌도 좋고 아넥스에서 이용한 수영장도 좋았습니다~"
2018.04.14,-,-,제주 타 특급호텔들과 구별되는 아기자기하고 조용하고 편안히 쉴수있는 포도호텔을 인터파크 통해 착한 가격으로 이용할수있어서 굿입니다~^^
2018.04.17,-,-,한라산 중간산 지역에 위치한 포도호텔. 별다른 생각없이 쉬고 오고싶을 때 꼭 선택하지만 매번 갈때마다 후회하나 없는 시설과 서비스에 만족합니다.
2018.04.28,-,-,자연을 침범하지 않고 그 곳에 안겨있는 듯한 전망이 그저 앉아있는것만으로도 힐링이 되는 곳인거 같아요 온천수는 덤으로 너무 좋았습니다!!
2018.05.01,-,-,"양실 한실 모두 묵어본 솔직 후기 양실은 일반적인 호텔 바닥인 카펫에 탁트인 뷰가 있고(전체적으로 1층 뷰)일반 욕조가 있는데, 한실은 온돌방에 숲 뷰, ‘히노끼 욕조’가 있습니다. 두 방 모두 온천수가 콸콸콸 나오고요. 퇴실 시네 온천수로 만든 미스트도 주더라구요~~^^ 한실의 하이라이트는 역시 온돌바닥과 히노끼 욕조 였습니다. 온돌 바닥은 아늑한 느낌이 들었고 히노끼 욕조는 일반 욕조보다 깊고 1.5배 넓었습니다. 온천수 받아놓고 굉장히 여유롭게 쉴 수 있었습니다. 포도호텔을 안에서 더 즐기고 싶다면 한실을 추천해요 ㅋㅋ 티비도 sk b티비 설치되어 있어요. usb충전잭도 기본으로 있어요. 식사는 맛있고 가격은 근처 비오토피아와 비슷해요 진짜 츄천하고 싶은 호텔, 호텔 건물 투어도 참여해보세요~~"
2018.05.01,-,-,사진은 홈페이지에서 보는게 가장 정확해요 ㅎㅎ 양실과 한실을 묵었어요 기본적으로 룸에 침대가 2개입니다. 슈퍼싱글+퀸. 2명이 묵었는데도 저 조합은 굉장히 좋았습니다. 호텔이 전체적으로 1층으로 되어 있어서 엘리베이터를 탈 필요가 없습니다. 방도 거리가 많이 떨어져 있어서 독립적이고요. 베란다로 나가면 바로 밖으로 이어져있습니다. 풍경을 보며 앉아 쉴 수 있는 의자가 있고요. 개인적으로 양실 풍경이 한실보다 좋았습니다. 유채꽃과 탁트인 뷰. 체크인이 3시 체크아웃이 11시. 한시간이 아쉬울정도로 좋았습니다. 정말 한적함으로 힐링을 느끼는 분이라면 강추!!!
2018.05.08,-,-,좋습니다.좋습니다.좋습니다.좋습니다.좋습니다.좋습니다.좋습니다. 좋습니다.좋습니다.좋습니다.좋습니다.좋습니다.좋습니다.좋습니다. 좋습니다.좋습니다.좋습니다.좋습니다.좋습니다.좋습니다.좋습니다.
2018.05.08,-,-,"전날 디아넥스호텔묵고 사실은 근처 좀 구경하다 가려 했는데 안개가 넘 심하고 비가 많이와서 운전도 못하겠구 구경도 못할거 같아 디아넥스 체크아웃하구 11시 좀 넘어 바로 갔음. 역시나 준비 중이라 최대한 빨리 준비 부탁드렸음 ㅠㅠ넘 일찍가서 좀 많이 죄송했는데 빨리 준비해주셔서 감사했음~~ 예전에 양실에서 묵었었는데 최대인원이 3이라 그런지 공간 별로 없었는데 한실은 최대 인원4인이라 공간도 넉넉하고 매우 흡족했음~ 역시 유일한 단점은 가격 ㅠㅠ 초성수기에 가서 가격은 사악했으나 부모님이 만족하셔서 좋았고, 다음에 기회가 있으면 2박으오 다시 묵고 싶은 곳일 정도로 만족도 높았음~. 밥값도 비싸긴한데 맛은 있. ㅠㅠ 새튀김우동으로 유명하다는데 그것도 괜찮긴한데 가격은 비싸나 보말우동을 부모님은 더 좋아하심. 맛도 특히하고 다른데서 못먹어볼 메뉴라 2번이나 먹을 정도~~비오는날 방에 앉아 정원 보면서 멍때리고 푹쉬었고 온천도 잘해서 매우매우 만족했고 잘 쉬었습니다"
2018.05.23,-,-,"신혼여행 첫 호텔이었던 포도호텔. 지은지 좀 되기는 했지만 자랑인 온천수 실컷 이용하였고 디아넥스쪽의 온천도 잘 이용했습니다. 2박했는데 둘째날 안개가 워낙 심하여 아쉬웠지만 날씨는 어찌할 수 있는 부분이 아니니까요. 아무튼 방도 넓고, 한적한 곳에서 좋은 숙박 하였습니다. 투숙객이 적어서 조용한 곳 좋아하는 분들에겐 아주 좋습니다. 그리고 음식은 더할나위없이 맛있었습니다. 와이프가 또 오고싶어하니 다음에 또 방문하겠습니다."
2018.05.29,-,-,비오는데운치있고조용하고 수영장도 한산하고 아침도맛있었음! . . . . . . . . .. . . . . . . . . . . . . . . .
2018.06.04,-,-,"양실 묵었는데 진짜 너무 너무 쉬기 좋은 호텔입니다 ㅠㅠ 하루종일 안나가고 호텔에만 있어도 전 너무너무 좋았어요! 저녁도 호텔에서 먹구, 조식도 호텔에서 먹었는데도 굿굿 차 소리도 안나구, 들리는 건 새소리...ㅠㅠㅠ 너무 좋았어요 ㅠㅠㅠ 근데 아침엔 무슨 단체 관광이 왔는지.. 호텔 숙박하는 사람들 밖에 못들어오는 구역이 있는데 들어와서 단체사진 찍구 ㅡㅡ 시끄럽더라구요.. 암튼간에 너무 좋았습니다. 다만 주변이 식사할만한데가 별로 없어요~~ 글고 여기선 아무것도 안하고 호텔에서만 있어도 너무 좋은 호텔입니다."
2018.06.04,-,-,이번 두번째 방문을 했습니다 이번에는 한실을 했는데데역시ㅡ말로만듣던 히노끼끼 매력에 푹빠지고 왔습니다:)
2018.06.04,-,-,"일단 저는 한실방 트윈룸 사용했는데요~ 장점: 방이 진짜 넓어요 / 미니바 모두 무료 / aesop제품으로 세면제품 구성 / 방 안 히노끼탕+온천수 조용하고 아늑한 호텔 내부(전층이 1층이고 투숙고객이 상대적으로 적어 조용해요) 단점: 한실 방은 사진에는 보는 것 같은 잔디밭이 이용이 안되요(양실만 가능하다고 하네요) 위에 단점 빼고는 너무 다 좋았어요~ 무엇보다 봄봄팩키지에는 2일 조식과 1회 새우튀김우동 점심권(2인), 디아넥스호텔 수영장 및 사우나 이용 가능권이 다~~ 포함되어있어서 가격 대비 너무너무 만족스러운 여행이었어요 특히 포도호텔 내 레스토랑의 신메뉴 보말우동!!! 과 보말성게해장국!!!(조식)이 정말 너무너무 맛있어서 언젠가 제주도에 다시 간다면 꼭 다시 먹으러 갈 것 같네요 또한 걸어서 갈 수 있는 오름길이 있지만 나름 좀 걸어야되서 24개월 아이를 동반한 저로서는 일단 엄두가 안났구요.. 위에 썼듯이 한실 사용했던 저로서는 잔디밭을 진입할 수가 없어서 아이와의 공놀이를 예정했었던 저로서는 산책길이 없고 여유시간을 즐길 공간이 없어서 다소 아쉬웠어요 하지만 모든 것(서비스, 룸 컨디션, 식사 등등)을 종합해봤을때 아이 동반 여행이라면 포도호텔은 한 번쯤은 꼭 가볼만한 곳이라고 생각합니다. 강추!!"
2018.06.12,-,-,좋아하는 스타일의 숙소 조용하고 편안하고 매우 좋아하는 곳 중에 한곳인데요. 직원분 친절하시구요. 뛰는 걱정안해도 되어 좋습니다. 우동이 맛있다고 합니다~~
2018.06.25,-,-,"부담되는 가격이라 생각했었는데, 역시 포도호텔이라는 생각이 들었습니다. 온천수와 깨끗한 룸 컨디션, 어메니티, 식사까지! 다음에 또 오고 싶다는 생각이 들었습니다. 잘 쉬다 왔습니다."
2018.06.25,-,-,"부담되는 가격이라 생각했었는데, 역시 포도호텔이라는 생각이 들었습니다. 온천수와 깨끗한 룸 컨디션, 어메니티, 식사까지! 다음에 또 오고 싶다는 생각이 들었습니다. 잘 쉬다 왔습니다."
2018.06.27,-,-,"해외 바이어 사장님의 가족동반 제주여행에서, 핀크스 포도호텔에 만족하며 후기 남깁니다. 한국전통의 천장과 온천탕에 반해 예약을 고려하다가, 초등학생 이하 어린이도 1객실당 2명씩 있어서 최대입장허용 인원을 체크하고 모두 합격!! 저와 같은 호텔에 함께 투숙한 외국 가족분들은 안락한 시설에 반했고, 프론트 데스크의 직원분은 영어가 조금 서툴렀으나 제가 보충하였고, 모든 위치의 직원분들이 서비스 태도가 좋아 편안하게 잘 쉬다 왔습니다. 4 객실을 함께 예약하여 동반가족 간 이용에 불편이 없도록 객실을 붙여주신 점, 감동입니다^^"
2018.06.28,-,-,제일교포 건축가가 설계햇다는 포도호텔... 죽기전에 꼭 가야할 세계휴양지 1001에도 소개된 포도호텔 전체적인 분위기는 독채인듯 하지만 지붕으로 연결되어 있는 초가집 같은 구조... 하늘에서 보면 포도송이처럼보인다해서 포도호텔... 아래는 한국식 위에는 일본식 창호로 되어있는 두가지 느낌
2018.06.29,-,-,포도호텔 자체는 굉장히 만족스러웠습니다 . 도착 당일 같은 계열호텔 비오토피아 레스토랑을 갔는데 불쾌한 경험으로 여행을 망쳐버렸네요 어머님을 모시고 간 여행이었는데 어머님께서 회가 비리다라고 말씀하시니 최명호 지배인이 초라 그래요 라고 아주 퉁명스럽게 내밷고 음식을 던지듯 서빙하고 갔습니다 . 자식된 입장으로 굉장히 무례하고 여행까지 망치는 기분이어서 주의 하시라고 말씀드렸으나 사과 한마디 없어 인터넷과 본사에 컴플레인 드리겠다 말씀드렸더니 네 알겠어요 라고 대답하더군요 그저 함부로하는 말투와 대처에 진실된 사과만이라도 바랬었는데 당황스러운 태도에 한번더 기막혀 이 글을 남깁니다 . 포도호텔은 매우 만족스러우나 비오토피아 레스토랑은 전혀 추천하지 않습니다 .
2018.06.30,-,-,숙소가 조용하고 비오는 날 특히 운치있는 호텔입니다. 편안하게 잘 쉬고 돌아왔습니다. 온천도 너무 좋았고요.
2018.07.03,-,-,엄마 동생 조카 이렇게 여자들ㄲ기라 3대여행을 다녀왔어요.. 호텔 분위기가 편안함을 안겨주는곳입니다다한실을 예약해서 욕실 온천수도 맘껏 이용했구요 너무 잘쉬다 왔어여여단점이라면 주변 관광지나 편의시설이 없다는거.. 조용한 쉼을 원한다면 강추입니다다제고하는 과일도 좋았어요요조식 굿굿
2018.07.05,-,-,제일교포 건축가가 설계햇다는 포도호텔... 죽기전에 꼭 가야할 세계휴양지 1001에도 소개된 포도호텔 전체적인 분위기는 독채인듯 하지만 지붕으로 연결되어 있는 초가집 같은 구조... 하늘에서 보면 포도송이처럼보인다해서 포도호텔... 아래는 한국식 위에는 일본식 창호로 되어있는 두가지 느낌 외가집 앞마당에 나와있는 듯한 아날로그식의 분위기 호텔.... 우와우와~~ 만 남발하게 하는 포도호텔~~
2018.07.05,-,-,"장점: 침대도 편하고 시트도 깨끗했음. 기본적으로 어메니티와 슬리퍼, 목욕가운등이 잘 비치되어있음. 에머니티에 칫솔 치약과 일회용 면도기도 비치되어있음. 기본적으로 제공되는 물과 커피.티 외에 미니바에 맥주와 몇가지 과일 과자등 무료로 제공됨. 객실 천장이 높고 넓은 편이여서 쾌적하고 블라인드도어를 열면 뷰가 좋음. 가장 좋은점은 구조상 에어컨이 천장높이에 멀찍이 달려있어서 에어컨켰을때 건조함이나 냄새등 찬바람이 직접적으로 닿는등의 불편함이없어서 좋음. 객실내 욕실에 온천수가 나와서 좋음. 단점: 방음이 잘 안됨. 옆방에서 크게 떠들지 않는데도 말소리가 너무 잘들려서 놀랐음. 옆방이 시끄러운 손님이 아니여서 그나마 다행이라고 생각했지만 운 나쁘면 방음문제가 생길수있을것같음. 환기 시스템이 이상한 구조인지 다른 객실에서 피운 담배냄새가 화장실 변기가있는 방으로 심하게 넘어옴. 분명 금연이라고 알고있기에 설마했지만 점점 심해지고 따로 환기용 Fan 버튼이없어서 문을 닫아놓을수 밖에없었음. 밤늦게 화장실 갈때마다 스트레스에 너무 피곤해서 룸으로 사람부를 기운도없어서 새벽에 프론트에 연락하기도 힘들었음. 아침에 창문을 열었는데도 아침부터 밖에서도 담배를 피워대서 창문도 못열었음. 무개념 인간이 가장큰 문제이지만 무엇보다 화장실 환기 시스템이 다른객실 냄새가 넘어올정도로 이상함. 객실내 금연을 조금더 철저히 했으면 좋겠음. 화장실 샤워부스안 타일틈에 검게 곰팡이가 여러군데 피어있음. 잘모르는 사람은 대리석의 패턴인가 헷갈릴수있지만 타일사이 그라우트와 샤워실 선반구석 틈에도 심해서 비위생적이엿음.... . 화장실청소에 좀더 신경써준다면 다시갈 의향있는 숙소입니다."
2018.07.13,-,-,포도호텔을 선택한건 건축적인 아름다움도 있지만 한실에 있는 편백나무 온천이 가능하다는 점 때문이었어요 덕분에 하루 2번 이상 온천을 하면서 휴식을 할 수 있었고 가격은 비쌌지만 만족했던 숙박이었습니다 휴식을 원한다면 추천합니다
2018.07.16,-,-,"올봄에 1박하고, 1박은 너무 짧다 싶어 이번에는 2박 했는데 2박도 너무 짧네요. 다음 기회가 있다면 좀 더 격렬하게 아무 것도 안하며 온천욕하고 툇마루에서 하늘 보고 뒹굴며 지내보고 싶습니다."
2018.07.18,-,-,온천도 좋았고 공기도 좋고 만족하는 여행이었습니다. 온천도 좋았고 공기도 좋고 만족하는 여행이었습니다.
2018.07.18,-,-,온천도 좋았고 공기도 좋고 만족하는 여행이었습니다. 온천도 좋았고 공기도 좋고 만족하는 여행이었습니다.
2018.07.18,-,-,객실이 매우 깔끔하며 히노끼탕도 매우 좋았다 우윳빛깔 온천수~ 저녁식사로 먹은 레스토랑도 괜찮았고 어메니티도 훌륭함 다만 부대시설이나 산책로가 없어 좀 섭섭 ㅎㅎ??
2018.07.27,-,-,"주위에 좀 아무것도 없고 관광지랑 먼것이 단점, 한적하고 조용하고 넘나 좋은 온천과♡ 맛있는 조식, 힐링을 위한 호텔이었습니다. 심지어 여기 냄새도 좋아요ㅎㅎ"
2018.08.09,-,-,기대를 많이하고 가서 인지 처음엔 좀 심심하게 느껴졌으나 한참을 있어야 가치가 느껴지는 세련되기 보다 편안한 호텔입니다 주변 편의시설이 아쉬운 자연을 가깝게 느낄수는 있지만 좀 단조로운 곳입니다
2018.08.11,-,-,"5성급 호텔이라기 보단 부띠크호텔에 가까웠어요. 식사할 수 있는 레스토랑은 한 곳 뿐이고, 그나마도 투숙객 아닌 일반 관광객들이 북적이는 통에 식사하기 매우 불편했습니다. 저희 가족은 점심에 대기인원 9팀이란 얘기 듣고 결국 근처의 디아넥스 가서 식사했어요. 다아넥스, 본테박물관 등 주변시설과는 거리가 꽤 떨어져 있어 반드시 차로 이동해야 합니다. 숙소 내부는 깔끔하고 운치있었어요. 하지만 그것이 기대할 수 있는 전부같네요."
2018.08.11,-,-,자연속에서 조용한 휴식을 원하시는분께 추천드립니다. 주변에 즐길거리가 없는게 단점이긴하나 디아넥스호텔에서 간단한 물품구매가능합니다.
2018.08.21,-,-,"첫 번째 방문 시 양실을 택했었는데 이번엔 한실을 택했다. 순전히 히노끼 탕이 있기 때문인데 정말 좋았다. 온천물도 좋았고 풀벌레 소리, 바람소리, 제주의 자연을 그대로 갖다 놓은듯한 호텔이다. 건축가의 멋진 철학을 배울 수도 있는 곳이었다. 양실과 한실의 장단점이 극명하게 드러나기 때문에 사람마다 선택이 다를 수 있겠다. 아침 조식 후 가벼운 산책도 좋았고, 골프를 좋아하는 사람은 가장 아름다운 홀에서 여유롭게 골프를 즐길 수도 있겠다."
2018.09.06,-,-,건축물 자체가 예술작품인 듯 여겨지는 아름다운 호텔이었습니다. 쾌적한 숙박 환경 및 서비스 전반이 훌륭합니다. 다음에도 머무르고 싶은 곳입니다.
2018.09.12,-,-,친절하고 깨끗하고 자연친화적인 호텔 입니다. 저녁에 테라스에 앉아 하늘을 볼때 너무 아름답고 좋았습니다.
2018.09.12,-,-,"디럭스 한실에서 투숙했습니다. 숙소 자체가 매우 조용하고 고즈넉합니다. 24개월 여아와 함께 투숙했는데 객실에 있는 침대 2개가 킹침대만큼 큰 침대 2개라 전혀 불편함이 없었습니다. 3일간 호텔 내에서 모든 아침, 저녁을 해결했는데 매우 만족스러웠습니다. 레스토랑에서 먹을 수 있는 메뉴를 거의 동일하게 룸서비스를 하여, 24개월 딸과 함께 방에서만 저녁 식사를 2번 했네요. 수영장 및 사우나는 아넥스호텔을 가야하고, 호텔 내 부대시설이라는게 전혀 없지만 불만이 없었습니다. 아이를 데리고 호텔에 투숙하면서 늘 큰 방이 아쉬웠는데(형편상 스위트에서 투숙하지는 못하니) 포도호텔은 객실이 넓고 바닥이 한실이어서 아이와 함께하기 매우 좋았습니다."
2018.10.02,-,-,예전에 우동맛집이라 다녀왔는데 꼭한번 묵어보고 싶어서 예약했습니다. 히노끼탕을 너무 원해 한실로 예약햇고. 3명이 머물기에 더블_싱글베드라서 너무 좋았고요. 일단 3시넘어 체크인하고 4시에 포도호텔투어를 했는데 너무 좋았습니다. 호텔에 묵는동안 하나하나 주목해서 보게되어 좋았습니다. 양실뷰도 한번 경험하고 싶네요. 세심한 배려에 즐거운 여행 할수 있엇습니다.
2018.10.03,-,-,"어렸을 때부터 제주여행을 다녀봤지만 이번 포도호텔이 숙소 중에 최고 였어요!!!! 한실에 머물렀는데 처음 포도호텔의 복도의 고급스러움에 반하고 일층에 널찍한 공간을 두고 예술작품들과 함께 존재하는 방, 그리고 방에 들어갔을 때 마치 일본 고급 료칸 호텔에 들어온 것 같은 느낌! 이 날 일정이 너무 빡세서 힘들었는데 숙소를 둘러보는 순간 힐링 그 자체였습니다! 침대도 어떤 침대인지 푹신하고 온몸을 감싸주는 느낌이었어요!! 그리고 포도호텔 한실의 시그니쳐 하노끼 온천탕! 개인 욕조탕이라니 ㅠㅜ 누가 이런 생각을 하셨을까요! 우윳빛깔 물 속에서 힐링 시간 제대로 보냈습니다 ㅠㅜ 온천 넘나 조아용!! 아침에는 준비해주신 차와 계절과일을 먹으며 정원을 보는데 새 지저귀는 소리와 곤충들 찌르르 거리는 소리에 정말 행복했습니다. 좋은 시간 보내게 해주셔서 감사해요! 다음에 다시 꼭 방문하고 싶은 훌륭한 호텔이었어요!! 최고!!!"
2018.10.05,-,-,"물이 엄청좋은 온천, 탁구, 분위기 좋은 호텔, 정갈한 조식, 환영-퇴실 자그마한 좋은 품질의 선물... 가족 모두 편안한 휴식을 즐겼습니다."
2018.10.10,-,-,트윈룸이지만 킹베드에 퀸이 있어 좁지 않았고 히노끼 욕조도 좋았어요. 갤러리 돌아보고 골프장 쪽으로 산책도 하구요. 프라이빗하게 쉴 수 있는 느낌이라.. 다음에도 재방문 할 의사있습니다.
2018.10.18,-,-,프라이빗해서 전체적으로 조용하고 직원분들도 친절하고 서비스도 좋아요 음식도 맛있습니다 추천합니다~~~
2018.10.28,-,-,오션뷰를 선호하지 않고. 프라이빗하게 조용히 쉬기에는 좋은 선택. 인테리어 등은 만족스러움 그러나 조식은 별로. 선택지도 적고 맛도 그렇게 뛰어나다고 할 수 없음 외부 제주 맛집에서 먹는게 더 나음
2018.11.02,-,-,"포도호텔은 우동만 먹으러 가봤지 묵어본 건 처음이었는데요. 결론부터 먼저 말하자면 정말 너무 좋았어요. 12개월 아기를 데리고 한 이번 여행에서 한적하고 조용하고 여유롭게 여행을 즐길 수 있어서 너무 좋았습니다. 아기가 아직 어리니 한실을 할까 고민하다가 마루바닥과 히노끼탕을 버리고 저희는 뷰를 택했어요. 아기가 걸어다니니까 양실도 나쁘지 않더라구요. 맑은 공기, 탁트인 뷰, 지저귀는 새소리, 온천수까지.. 어디하나 빠지는게 없어요. 국내 유일의 온천 호텔이라고 들었는데 방사능 걱정하며 굳이 일본 온천 여행을 가지 않아도 되겠다는 생각이 들더라구요. 아기용품은 아기 침대 대여 가능하구요 스펙트라 젖병소독기를 컵소독기용으로 객실에 비치해두었더라구요 아기 엄마야 완전 땡큐죠^^ 저녁을 호텔에서 드실거리면 미리 예약하시는 걸 추천해드려요. 저희는 한적해서 안해도 될거라 생각했는데 진작부터 마감이 되어서 처음에는 못했어요. 수영하고 돌아가는 길에 혹시나해서 물어보니 취소한 손님이 있어 운이 좋게 식사를 할 수 있었습니다. 음식도 너무 맛있었구요 특히 스키야키 우동 추천해요 조식은 포도조찬 먹었는데 정갈하고 깔끔했어요^^ 포도호텔 내에 수영장은 없고 5분 거리에 디아넥스 호텔 수영장을 이용하는데요 사람이 많이 없어서 짧은 시간이었지만 사진도 찍으며 잘 놀다 왔어요. 지금껏 국내, 해외 좋다는 호텔 많이 다녀봤지만 포도호텔은 이곳만의 특별함이 있어요. 저는 다음에도 또 묵고 싶은 의향이 있습니다. 그래서 강력 추천해드려요!!!"
2018.11.16,-,-,"2번째 이용입니다. 객실 상태 호텔 분위기, 식당 음식 맛, 온천은 좋습니다. 다만, 직원들이 전문성이 좀 떨어지는 느낌입니다. 호텔의 가격은 5성급인데, 직원은 4성급이라고 할까요...? 전문호텔체인이 아니라 그런지는 모르겠지만...전반적으로 직원교육에 좀더 신경쓰셔야 할 듯 합니다. 첨가하자면, 식당에서 먹는 음식맛에 비하여 룸서비스의 질이 좀 많이 떨어졌습니다. 과일 플레이트를 주문했는데, 과일에서 튀김 기름냄새와 생선 비린내가 나더군요..."
2018.11.19,-,-,"말로만 들었던 포도호텔에 다녀왔어요. 편안히 쉬는 여행을 테마로 잡았던 이번 제주 여행... 포도호텔을 선택한건 정말 신의 한 수 였어요. 저희는 한실을 선택했어요. 온돌바닥에 히노끼 욕조였죠. 온천수를 히노끼 탕에 받아두고 몸을 담그고 있으면 세상 편한 감정을 느낄 수 있답니다. 또한 웰컴 과일로 준비된 사과와 귤도 맛나게 먹었어요! 포도호텔의 미니바에 준비된 물과 맥주 쥬스, 과자는 모두 무료! 테라스로 나가면 있는 예쁜 마당을 바라보면서 커피도 내려마셨답니다.(캡슐커피머신이 있어요^^) 칫솔을 비롯하여 모든 세면도구가 비치되어있구요. 컵과 잔의 경우, 객실 내 미니 살균기에 들어 있어 한번 더 진한 감동을 느낄 수 있었어요. 저희 부부는 포도호텔의 산책로로 마련된 포도코스와 마보기오름도 걸어보았는데요. 20분 동안 걷는 포도 코스는 골프장을 끼고 돌아 눈이 맑아지는 느낌이고, 마보기 오름은 40분 코스로 조금 경사가 있지만 정상에서만 볼 수 있는 억새밭이 정말 장관입니다. 포도호텔에서 4시에 무료로 진행되는 30분 정도의 포도호텔 건축물에 대한 투어도 너무 좋았어요.그냥 지나치기 쉬운 요소요소를 딱 찦어주셔서~ 그 이후에 포도호텔 한 장소 한 장소가 너무 의미 있었답니다. 뭐 식사는 이루 말할 것 없이 맛나요. 저희는 조식, 저녁 코스, 점심 새우튀김우동 다 먹어보았답니다. 포도호텔은 4계절이 모두 기대되서 저희 부부는 다음에는 다른 계절이 와보기로 했어요^^ 다른 호텔은 조식 때도 붐비고, 엘레베이터 붐비고, 항상 그런 기억 하나쯤은 가지고 있었는데 포도호텔은 그냥 다 좋았네요...^^"
2018.11.27,-,-,위치도좋고 온천물이 특히 좋아요. 방도크고 조용하고 모든것이 훌륭한데 많이 노후되어 구석구석 좀 쿰쿰하네요. 비싼가격만큼 관리도 좀더 신경쓰면좋겠어요
2018.12.07,-,-,히노끼 욕조 이용했는데 기대 이상이었어요. 좋은 온천물을 마음껏 쓸 수 있어 좋았습니다. 미니바도 필요한 것들로만 잘 구비되어 있었어요.
2018.12.24,-,-,"이타미 준의 건축물로 유명한 호텔~ 투숙객을 위한 건축투어도 좋았고, 아침 조식도 맛있고, 근처 포도올레와 마보기 오름도 호텔이 관리하고 있어 아침 산책하기 좋았다. 무엇보다도 단층 객실이라 문을 열면 바로 제주의 풍경이 눈앞에 들어와 동틀 무렵엔 무아지경~ 객실간 구별이 없어 조심스러웠지만 고즈넉하고 한적한 이런 느낌을 받을 수 있는 것으로 만족. 예전의 명성과는 달리 이젠 낙후되어가는 듯한 인상이 들었지만 이런 내 집 정원 같은 객실에서 하루를 보낼 수 있는 장소는 찾기 쉽지 않을 듯하다. 비수기 평일 테크로 저렴하게 다녀왔다."
2019.01.02,-,-,"한 해를 마무리할 겸 ''쉼''의 미학을 느낄 겸해서 선택한 포도호텔은 그러한 목표에 적합한 호텔이었습니다. 조용하면서도 우아하고 고급진 객실과 식당, 온천수는 소확행의 정수였지요. 룸에서 먹는 식사도 괜찮았고, 아침 조식도 여유롭고 편안하게 먹을 수 있었습니다. 개인 욕조를 이용한 온천수로 한 해의 힘듦을 싹 씻을 수 있었습니다. 연말이라 가격이 비쌌지만, 비싼 가격만큼 만족도도 높은 호텔이었네요. 다음에도 꼭 방문하고 싶어요."
2019.01.03,-,-,제주에서 하기 힘든 온천여행으로 추천드립니다. 특히 물이 너무 좋아 아이들이 재미있다며 매우 행복해 했습니다.
2019.01.07,-,-,정말 다녀온 호텔중 에서최고네요 시설 서비스 뭐하나 빠지는거없고 조식 석식모두 맘 에드네요 가격이비싸긴하지만그정도에가치가잇네요최고!
2019.01.07,-,-,"굉장히 편하게 만족하며 묵고 갑니다. 서비스, 시설 모두 만족하고 갑니다. 다시 가보고 싶은 곳이네요."
2019.01.07,-,-,부모님과 함께하는 여행을 위해 큰맘 먹고 예약한 포도호텔 비싼 가격이지만 매우 만족스러웠습니다. 아름다운 풍광을 볼 수 있는 곳에 위치한 조용하고 편안한 분위기의 호텔입니다. 아름다운 미술관과 같은 건축물인 포도호텔을 자세히 구경할 수 있어서 무엇보다 좋았습니다. 조식도 맛있고 직원분들 모두 친절하십니다. 온천수를 즐길 수 있는 점도 큰 장점입니다. 포도호텔 추천합니다.
2019.01.10,-,-,"좀 더 세련되고 잘 꾸며진 숙소들도 많지만,,, 포도호텔만큼 편안함을 주는 호텔이 많지는 않다고 생각합니다. 객실에서 즐길 수 있는 온천의 행복이 늘 포도호텔로 발길을 옮기게 만드는 것 같습니다. 인원 수에 따라 다르겠지만,,, 개인적으로 디럭스 한실을 추천합니다. 히노끼 탕에서 느낄 수 있는 그 편안함과 행복감이란 정말 말로 표현하기 힘듭니다. 제주 여행을 고려하는 많은 분들의 결정에 조금이나마 도움이 되었길 바래봅니다."
2019.01.12,-,-,"엄마 모시고 갔는데, 너무 좋았어요. 워낙 아침을 안먹는 집안인데, 조식도 너무 맛있어서 노치지 않았고요. 친절하고, 조용하고, 경치도 좋고, 객실내 과일에 온천물도 너무 좋았어요. 기회되면 엄마 모시고 또 가야겠습니다."
2019.01.13,-,-,"십년전에 와보고 다시한번 꼭 묵어보고 싶은 호텔이었는데 역시나 만족감 매우 높아요!! 히노끼탕은 물론이고, 침구가 정말 신라호텔보다 더 포근하고 넓고 룸앞의 작은 정원의 고즈넉함까지.. 엄마아빠 모시고 오고 싶다는 생각이 절로 나더라구요. 우동, 돈까스, 망고빙수 등 식사 역시 너무 맛있게 잘 먹었어요. 앞으로도 포도호텔의 명성에 맞는 서비스와 컨디션이 유지되기를 꼭 바랍니다."
2019.01.28,-,-,갔다온지는 1년됐는데 ㅋㅋ 너무 좋았었어요 담에또 제주도온다면 여기는꼭 다시오자고 했네요 있는자체로 그냥 힐링되는 기분 꼭 다시 또 갈게요 수고하세요^^~~
2019.02.03,-,-,"건축에 관심이 많아서 건립할 때부터 언젠가 가봐야겠다고 생각하고 있었는데, 이번에 가족과 함께 투숙했습니다. 리뷰를 보면 부모님들이 그렇게 좋아하신다고들 쓰여 있었는데, 역시나 저희 어머니 엄청 좋아하셨습니다. 그래서 만족스러웠습니다. 제주도를 10번 이상 다녀본 저로서는 이제 제주도에 쉬러 오고 싶다는 생각이 강했는데, 이곳이 바로 그런 곳이었습니다. 태고의 제주도에 있는 듯한 느낌. 객실이 26개밖에 되지 않아서 공용공간마저도 너무나 조용해서 정말 너무 좋았습니다. 공용공간 곳곳은 이타미 준의 건축, 기증된 작품들로 볼꺼리도 있습니다. 체크인하자마자 오후 4시 건축 투어 가이드 설명을 들었습니다. 생각보다 많은 사람들이 함께 들었고 설명을 듣고나니 포도호텔이 더욱 더 매력적으로 보였습니다. 24시간 이용할 수 있는 포도갤러리 이번 작품들 개인적으로 너무 좋았습니다. 그리고 뭐니뭐니해도 온천수. 객실에서 온천수가 나옵니다. 저희 어머니는 체크아웃 당일 두 번이나 이용했구요. 저는 테라스에서 산방산과 제주 바다, 오름을 보며 너무나 너무나 좋았습니다. 객실에서 온천수가 나왔지만 아넥스 호텔의 사우나도 이용했습니다. 투숙객은 15,000원으로 할인받아서. 그곳도 좋더군요. 참 포도호텔과 아넥스 호텔까지 제가 원하는 시간에 무료로 이동시켜주십니다. 차가 없는 사람들까지 배려해준 센스! 그리고 저희는 있는 동안 포도올레 코스와 마보기오름도 올랐습니다. 부담없이 이용할 수 있어서 Good! 히노키탕이 있는 한실이 인기가 많긴 하지만 저는 산방산과 제주 가파도, 마라도가 보이는 양실 뷰가 더 좋은 것 같습니다. 다음에 제주도에 온다면 저는 포도호텔로 올 것 같습니다."
2019.02.04,-,-,예전에 우동을 먹으러 한 번 가고 호텔의 디자인에 반해 이번에는 투숙을 했어요. 가이드투어를 통해 이토미준 선생의 디자인 철학을 살펴볼 수 있었고 고즈넉한 느낌이 너무 좋았어요. 온돌방에 히노끼탕과 피부가 매끈해지는 온천수도 좋았고 레스토랑의 아침 점심 저녁 다 맛있었어요. 마음까지 여유로워지는 휴식을 제대로 취한 여행이되었어요. 다음에 또 방문할계획입니다.
2019.02.07,-,-,"처음 이용하였는데 친절하고 서비스도 만족스러우며, 룸 컨디션, 조식 등 또한 좋은 기억으로 남아 있습니다."
2019.02.08,-,-,아주 좋은 호텔입니다. 그런데 근처 더 좋은 호텔이 있다고 합니다. 그래서 다음에는 그 호텔로 가려고 합니다. 그럼 다른 분들도 여기보다는 그 호텔로 가시기 바랍니다.
2019.02.08,-,-,언제 가도 정갈하고 따스한 느낌 정말 좋습니다. 한실의 히노끼 욕조 아주 마음에 쏙 들었어요!
2019.02.08,-,-,"부모님 온천욕을 위해 예약해드렸는데,,, 정말 좋아하십니다. 효도 선물로도 정말 좋아요! 강력 추천합니다."
2019.02.28,-,-,"첨 가본 곳인데, 깨끗하고 편안했어요. 가족들과 좋은 곳에서 보내다 오게 되서 감사요~~~"
2019.03.14,-,-,"접근성은 조금 떨어졌지만, 호텔에 들어가보니 전혀 문제가 되지 않았어요. 호텔 전체가 하나의 작품 같았고 온천욕도 즐길 수 있고 침대 사이즈 및 모든 것이 피로를 풀고 쉬어가는 여행객에게 좋았어요. 그리고 레스토랑에서 유명한 우동까지 즐길 수 있어서 더 좋았어요."
2019.03.16,-,-,"비오는 날의 제주, 포도호텔은 역시 자연을 고스란히 담은 최고의 호텔이었습니다^^ 빗소리에 잠들고, 지저귀는 새들의 소리에 잠에서 깰 수 있어서 너무 행복했어요~ 다만 대중교통 이용으로는 이동이 불편하니, 반드시 자가 이용하시는게 좋을듯^^ 무엇보다, 히노끼탕을 객실 내에서 즐길 수 있어 좋고, 테라스에서 커피를 마시며 자연 경관을 바라보며 힐링 할 수 있어서 참 좋았습니다^^ 가족, 소중한 연인, 오랜 친구들과 묵기에 의미있는 호텔이에요, 추천합니다!"
2019.03.18,-,-,정말 너무 만족했습니다. 깔끔하고 친절하고 조식도 맛있고 제주도에서 가본 호텔 중 손에 꼽히는 곳 같아요 조용하고 너무 좋았습니다.
2019.04.02,-,-,딱 도착했는데 엄청난 화장실(?) 냄새가 나서 첫인상이 안 좋을뻔 했지만.. 다행히 결론은 좋았습니다 ㅋㅋㅋㅋㅋ 프론트에 직원분들 엄청 친절하시고 짐도 옮겨주셔서 짐이 많았는데 너무 감사했습니다. 그리고 제일 좋았던건 엄청 조용합니다. 소음 많고 공기 안좋은 서울에서 스트레스 많이 받다가 호텔에 있는데 조용하고 힐링되는 느낌이 들었습니다. 다소 낡고 오래된 냄새도 중간중간 나긴 했는데 여행의 피로를 풀기에는 충분하고 문제되지 않을 정도라고 생각됩니다 ㅎㅎ 다음에 제주도로 여행가게 되면 또 방문할겁니다 :)
2019.04.07,-,-,"조식 제외구요. 한라산을 좋아하는 분이라면 추천합니다 음식은 간이 적당하고 재료가 좋아서인지 맛나요 비싼게 흠이죠 ㅎㅎ 조식도 돈내고 먹었어요 욕조 있어서 좋았네요 물도 좋고 성수기 비쌀때는 못갈듯 해요 신라호텔과는 다른맛이 있어서 경험해보시길,,,"
2019.04.09,-,-,주변에 아무것도 없습니다. 호텔에서 완전히 휴식하는 컨셉의 여행이시면 좋습니다. 히노끼가 있어 좋습니다.
2019.04.26,-,-,한국에서 가장 일본료칸같은 호텔이라고 생각합니다. 온천이 특히 좋습니다. 꼭 중국 서안의 화청지의 물색과 같고 일본 유후인에선 오야도 이치젠의 원탕 물색과 같습니다. 욕조바닥에 물이 빠지면 가루들이 남네요. 둘다 미인탕이라고 하든데 여기도 그렇게 써있습니다. 식당은 작지만 점심때는 투수객 외에도 늘 사람들이 많네요. 인기가 많은 식당입니다. 좀 점심에는 기다려서 먹느라 힘든 점이 있은게 옥의 티입니다. 가격은 사악하지만 아깝지는 않다고 생각되네요.
2019.05.07,-,-,"5월 어린이날에 2박을 했는데, 건물 로비에서부터 숙박하는 객실 내부까지 특이한 구조의 건축구조에 기분이 좋았네요. 특히 건물 중앙의 화단 같은 것이 있는데 상당히 인상적이었고 객실내부 시설은 넓고 좋았습니다. 다만 객실내부의 가구들이 너무 뾰족해서 애들이 넘어져서 다치는 바람에 마음이 좀 상했네요. 객실에서 바라보는 외부 뷰가 한적한 시골분위기여서 그냥 객실내부에서 쉬게 만드네요. 온천수는 수질이 괜찮았고, 디아넥스 호텔 수영장을 함께 이용할 수 있어서 좋았네요. 조식먹는 식당은 한적하고 포도조찬과 아메리칸스카일 조식은 모두 훌륭했습니다. 숙박시 본태박물관 50%할인해서 1만원에 갈수 있었고 근처의 카멜리아힐도 도민가격인 6천원이었나.. 할인 받아서 갈수 있었네요."
2019.06.04,-,-,"지난 여름에 다녀온 포도호텔입니다. 문을 열자마자 테라스로 통하는 문 사이로 들어오는 풍경을 보고 찍은 사진입니다. 식사, 침실, 서비스 모두 만족했습니다. 다음에는 한실을 이용해보고 싶습니다."
2019.06.19,-,-,핀크스포도호텔 시설은 조금 오래됐지만 주변 풍경 때문에 고른 호텔이라 문제없이 잘 머물다 왔어요~
2019.06.25,-,-,"가격이 만만치는 않지만, 진정한 힐링을 원한다면!! 혹은 어르신을 모시고 일본 료칸 같은 환경을 원한다면 단연코 이곳을 추천합니다!! 식사가 가격대가 좀 있지만 훌륭하고, 아름답고 고즈넉한 정원과 객실내 온천은 정말 최고입니다"
2019.07.02,-,-,Great Great Great Great Great Great Great!!!!!!!!!!!!!!!!!!!!!!!!!!!
2019.07.04,-,-,"우선 인터파크를 통해 예약하니까 공홈보다 더 저렴한 가격으로 이용할 수 있어서 좋았구요. 포도호텔이 객실이 몇개 안되다보니까 조용한곳에서 힐링할 수 있겠구나 기대가 컸습니다. 우선 단점부터 말하자면, 1. 숙소 바로 옆으로 도로가 지나가서 차가 지나가는 소리가 들리구요. 당연히 숙소 안에 들어가면 방음이 잘되어 들리지 않지만 평상이 있는 테라스에 나온다거나 작은 정원으로 나가면 바로 앞이 도로라 나무들로 벽을 세워뒀어도 좀 생각했던 조용한곳에서의 힐링은 힘들었어요 2. 산책로가 총 2개인데 포도호텔 입구부터 바닥에 그려진 초록색 선을 따라서 도는 포도올레길이랑 (20분소요) 약간 경사로가 있는 길(40분소요)가 있는데 저희는 포도올레길로 돌아봤는데 작게 산책로처럼 조성되어 포도호텔을 작게도는 코스인데 아기자기하게 꾸며놨더라구요 그런데 리턴되는 길은 골프장이랑 연결되어 골프치는 팀과 자꾸 마주쳐서 민망했어요;;; 아 그리고 포도호텔 주변으로 골프코스가 3개가 연결되어 있어서 조금만 나가도 골프장이 나와서 어딜 나가기가 힘들었어요. 그게 좀 아쉬웠습니다. 장점은, 1. 객실이 정말 좋았어요. 워낙 유명한 건축가가 지은거라 익히 알고는 있었지만 한옥스러운 천장과 창호지와 창살이 어우러져 아늑하게 느껴졌구요 조명기구나 테이블도 한데어우러져 안락함을 많이 느꼈습니다. 2. 히노끼욕조와 욕실에서 바로 물만틀면 온천물이 나온다는게 제일 메리트가 컸어요. 방에 들어서면 히노끼욕조의 향이 진하게 풍기구요. 욕실에서 바로 온천물 받아서 즐겼습니다. 너무너무너무너무너무 좋았어요! 체크아웃할때 온천수로 만든 미스트도 선물로 줘요. 역시 욕실에서 바로 온천수가 나온다는거 이게 포도호텔의 가장 큰 장점같습니다. 조식도 한식으로 먹었는데 괜찮았고 침구도 컨디션이 너무 좋았구요. 저는 제주도 다시오면 온천수때문에 재방문할거같아요."
2019.07.07,-,-,3대모녀가 정말행복한 여행을하고왔습니다 특별함만 가득차있는 포도호텔 아침이되어 창문을열었을때 뛰어놀수있는 아름다운 가을풍경이 잊혀지지않아요 조식도특별했고 룸서비스도 웰컴카드 과일도 친절함도 식당 디아넥스수영장 잊을수없답니다 여유만되면 제주1순위 호텔은 저희모녀에겐 언제나 포도호텔이에요~
2019.07.22,-,-,"객실 타입 디럭스 양실 (더블베드2개) + 2인조식 + 1인인추비무료 (1인 인추비 무료라고 써있는데 (13세 미만 아동 만) 이라고 하네요, (괄호)하고 써주던가ㅠㅠ +1인 인원추가비 33,000원 현장 지불 -추가 생수는 제공되지 않아요, 샤워 가운 수건 정도) 위치 제주 핀크스 포도 호텔 (위치 : 제주 서귀포시 안덕면 산록남로 863) https://www.thepinx.co.kr/podo/mobile/index.px (자세한건 포도호텔 홈페이지 참조하세요) 제주 오름과 초가지붕을 모티브로 설계한 단층으로 된 26개의 객실만 있는 프라이빗한 곳 핀크스 골프 클럽과 포도호텔 입구 포도 호텔의 낮과 밤 구름이 지붕에 닿을것만 같아요. 밤엔 풀벌레 소리와 과하지 않은 조명으로 달도 별도 잘 보이네요. 1일 1회 오후4시 (40분소요) 진행 되는 건축예술 가이드 가 있는데 외출하고 오느라 참여는 못했고 호텔을 조용하고 자유롭게 둘러봤답니다. 다음번 포도호텔 방문 할때는 세계적인 건축가 이타미준의 예술철학을 들어봐야 겠어요~ 그냥 보는것도 여유롭고 자연과 어우러져 아름다운데 알고 보는거랑 또 틀릴듯 해요 프론트에 체크인 한다고 하니 직원분이 객실로 직접 안내를 해주시네요. 저희 객실은 이곳을 조금 지나 있었어요 바닦 돌이 고급스럽고 오일을 바른듯 반짝 거려서 직원분께 물어 보니 철평석 이라고 하네요 객실 이제 궁금한 객실로 들어가 볼까요~ 룸에 들어서면 창으로 자연까지 이어지는 초록 들판이 보여요 정원으로 나있는 미닫이 문이 열리면 센서가 있어, 에어컨이 자동으로 멈추게 되어 있다고 하네요 전력 낭비를 막을수 있겠네요~ 주변에 온통 풀인데 모기나 벌레가 별로 없었어요 (관리 잘 하나 봄.) 제주 돌담이 어우려진 풍경 지붕 위 구름도 어우러져 조각 같네요 냉장고 미니바 무료 네스프레소 커피 캡슐4개 (디카페인도 2개) +차 무료생수 총4병 포함 (2병은 네스프레소 용, 생수2병) 어메니티 슬리퍼도 포도 호텔 답게 쑥색 (독특한 색에 푹신한 슬리퍼는 소장각) 불가리 (향이 좋았어요) (사진엔 없지만 칫솔,치약,면도기 등) 욕실 옷장사이로 객실과 욧실을 이어주는 숨은 공간이 있어요 욕조와 샤워부스가 따로 인 넓은 욕실 아라고나이트 온천 객실내 욕조에서도 온천을 즐길수 있다는 사실 양실 욕조는 대리석 욕조예요 (한실은 히노끼 욕조) 온도도 너무 뜨겁지 않고 적당하고 우유빛 온천수가 바디 로션 바르지 않아도 피부가 부들부들 건조하지 않아요 제주도에서 온천은 처음이네요~ 굳이 비행기 타고 해외 멀리 가지 않아도 될것 같아요! 아라고나이트 온천 1박2일 동안 객실 내 욕조에서 즐기는 온천이너무 좋아서 저녁, 아침으로 온천욕을 즐겼네요 (33,000원 인원추가비가 아깝지 않았어요) 좋은 공기 마시고 객실로 들어오니 담배냄새 같은 쾌쾌한 냄새가~ 전객실 금연인데..이성하네요 프런트에 얘기하니 카페트 고유에 냄새라는둥, 디퓨져 냄새라는둥 그냥 공기청정기 주세요!! 인원추가비를 냈음에도 인원 추가 생수는 제공되지 않았아요 이러면 더 갈증나고 물과 음료가 먹고 싶어지죠 24시간 오픈이지만, 디아넥스호텔 편의점까지 차량 3분거리에도 있고.. (지도어플 켰더니 차량1분거리에 저녁9시까지인 다른 리조트 편의점이 있어 거기 이용한건 안비밀) 조식 2인조식 포함 1) 아메리칸 조식 2) 성게 미역국 정식 한명은 보말 ·성게 해장국 (￦32,000) 추가했어요 조식은 깔끔하고 정갈하고 맛있어요 (우동은 런치메뉴라 못먹어봐서 아쉽네요ㅠㅠ) 아메리칸 조식 성게미역국(위) 성게 ·보말 해장국(아래) 총평 조용하고 프라이빗 한 곳 숙박 동안 다른 숙박객과 부딪히지 않고 온천욕도 하며 조용한 휴식을 즐겼어요 주변에 아무것도 없긴 하지만 한적하고 조용한 여유를 느끼고 싶다 하면 추천드려요 2주가 지났음에도 다시 가고 싶고 함께여행한 일행도 너무 좋았다고 담에 또 가자 하네요 저도 내내 앞으로 또 가고 싶어질것 같아요 다음엔 한실로 가보고 싶네요 그땐 못먹은 포도호텔 시그니쳐 메뉴인 우동도 꼭 먹어봐야죠! 다음엔 디아넥스호텔에 수영장과 온천도 함께 즐겨봐야 겠어요"
2019.07.30,-,-,우선 조용하고 공기 좋은 곳에 위치하고 있어 맘에 듭니다. 새소리가 들리는 한적한 온천에서 쉬다 온 느낌이네요. 힐링하기에 딱 좋은 곳이고 직원분들도 친절하고 음식도 맛있었구요. 객실 소개에 있던 리모델링한 스위트룸도 예약할 구 있으면 졸겠네요. 기회가 되면 또 방문하고 싶어요.
2019.08.20,-,-,제주도가서 올레길 가고 숙소에서 쉬는데 넘조았어요 근데 살짝 뭔가 무섭기도해요 ㅋㅋ 솔직히 가격대비는 모르겟구요 좀 비싸지않나 싶네요 호텔에서 즐길거리가 전혀없으므로... 그냥 쉬고 힐링.. 확실히 소음이 전혀없어서 잘잤어요 조용해요 정말정말 소음이 1도 없었어요.. 체크인하고 맥주마시고 뒹글거리다 저녁먹고 또뒹글거리다 밤에 차마시면서 마당에서 바람소리(태풍) 들으면서.. 남편이랑 좋았어용 그리고 체크아웃하면서 안씻고...ㅎㅎㅎ바로 디아넥스가서 셔워하고온천하고 가니 아주 조았습니당! 온천물 진짜 부드러워용 !
2019.08.24,-,-,"중문에서 10분 정도 떨어진 산에 위치해 있어서 호젓하니 좋아요. 객실에서 온천수를 이용 할 수 있어 편리합니다. 디 아넥스 호텔 수영장은 물온도가 너무 추웠고, 락커실 안내인도 별로였어요. 부대시설인 본태박물관 이용시 호텔객실관련증빙서류를 요구하던데, 안내를 좀 더 상세히 해줬으면 합니다."
2019.08.26,-,-,너무 좋았어요 조용하고 여유롭게 보내다 왔어요ㅋㅋㅋ 온천수가 나와서 너무 좋앟어요 물이 너무 저아요 ㅋ또 가고싶어요
2019.09.09,-,-,우울한시기에 진짜 쉼을 깨닫게 됩니다 비와도 고즈넉하고 좋아요 베드도 넓고 불편함없음 조식도 맛있어요
2019.09.11,-,-,한적하게 휴식을 취하기 좋았습니다. 근처 산책을 하기에도 좋았고 조용하게 스파를 즐기기도 좋았습니다.
2019.09.21,-,-,포도호텔 가봐야지 가봐야지 늘 생각만 하고 아이들이 심심해할까봐 에이 다음에 가자하고 미루다가 이번에는 꼭가야겠다싶어 갔어요 역시나 듣던대로 직원분들 모두 친절하셨고 룸도 운치있어서 저는 너무 좋았어요 룸서비스로 먹은 밥들도 전부 다 맛있었어요 방안에서 온천도 참 좋았고 심심해하는 아이들을 위해 디아넥스수영장도 이용했는데 물이 진짜 너무 깨끗하다고 아이들이 얘기해주었어요^^ 다음에 다시 또 갈거에요
2019.10.15,-,-,포도호텔이 처음생길때부터 관심많았는데 드디어 숙박해볼 수 있게 되었어요. 객실이 26개 밖에 없어서 예약하기 힘들었는데 공식홈피에서도 만실이라고 예약안됬었는데 우연히 인터파크에 뜬걸 보고 예약하게되었네요! 3시에 체크인하고 4시부터 40분간 진행되는 가이드님과함께하는 호텔투어 넘 인상깊었어요. 투숙객분들은 다른곳 관광도좋지만 꼭 한번쯤 들어보시는거 추천합니다^^ 설명하나하나 듣는데 역시 설명을 듣고 보니 보이는것 많은 것들 넘 멋있었네요. 새소리 풀소리 물소리와 함께하는 여행 최고의 여행이었습니다! ^^
2019.11.07,-,-,가족여행으로 편안한 여행되었습니다 . 직원분들도 친절하시고 뷰도 좋아서 즐거운 제주 여행이 되었습니다
2019.11.30,-,-,자연속에서 정말 편안한 휴식을 취하고왔습니다 단 사우나가 5분거리에 디아넥스 호텔로 이동하여 간다는것이 좀 불편했읍니다
2019.12.01,-,-,2번째방문에도 역시나 하는생각이드는호텔입니다 이타미준작가의숨결이 살아있는듯하고 무엇보다 욕실이너무~맘에듭니다 히노끼탕에서 모든피로가 풀리는느낌이며 무료미니바와 조식도 너무감동이였어요 다만 객실가구가 많이낡은느낌이있지만 이역시도 세월의흔적이라 생각했어요 앞으로도 고품격의호텔로서 좋은서비스부틱드립니다
2019.12.03,-,-,"일년을 마무리하고 여유를 느끼고자 선택한 곳 그야말로 한점의 후회없이 200% 민족하고 돌아왔다 몸도 마음도 힐링이되었고, 따뜻하고 맛있는 조식까지 풍성하게 즐기기에 충분하다 조식은 한식, 아메리칸스타일,국밥(?)정식 등 다양하게 선택할수있어서 좋았고, 이곳의 시그니처인 왕새우 튀김우동까지 맛볼수있어서 너무나도 행복한 시간이었다는 ^^ 가격이 좀 부담스럽기는 하지만 객실도 충분히 여유롭고 무엇보다도 욕실이 세면데와 히노키탕 화장실(건식) 이 각각 분리되어있는부분이 참 마음에 들었고, 한겨울이었는데 화장실 바닥까지도 난방이 들어와서 참 훈훈하고 좋았다 히노키탕에서 반신욕을 즐기고있노라니 신선놀음이 따로없다 숙박한지 벌써 일년이 지났지만, 또 생각나는 곳이다"
2019.12.22,10,시설(객실/부대시설) 좋아요,"조용한 휴식이 가능한 위치, 품격있는 서비스가 돋보이는 최고의 호텔.. 건축디자인 감상이라는 이번여행 마지막 일정에 백미로 다가온 곳, 영원히 잊지못할 가족여행에 호텔선택이 이렇듯 기여할 줄은 미처 몰랐네요~"
2020.01.18,10,시설(객실/부대시설) 좋아요,호텔이 아늑하고 조용해서 나무 좋아서요.
2020.01.26,10,시설(객실/부대시설) 좋아요,자연을 그대로 느낄 수 있는 호텔이라 처음 도착하고부터 머무는 내내 마음이 편안하고 좋았습니다. 룸 컨디션도 훌륭했고 직원들 모두 친절해서 매우 만족스러운 시간이었습니다
2020.01.29,10,시설(객실/부대시설) 좋아요,한식에서 2박 힐링패키지로 쉬었다. 우동세트 2인 무료제공 조식 2인 2박 제공. 온천 무료. 근데 한실에 욕탕이 있으니 온천은 따로 가지 않음. 안가되 되고 돈도 아깝지 않았다. 호텔 컨디션 최상. 특히 건축 가이드 투어에 참가했었는데(투숙객 무료) 그냥 지나칠 수 있는 건축의 의미를 확실히 알 수 있었다. 서비스도 직원들 친절도도 최상. 돈 생각하지 말고 정말 꼭 가봐야 할 호텔이다.
2020.03.09,10,시설(객실/부대시설) 좋아요,조용하고 힐링하기에 좋았습니다. 스파도 좋았습니다. 다음에도 재방문의사 있습니다.
2020.03.12,10,시설(객실/부대시설) 좋아요,"아무것도 하지않고 흘러들어오는 바람소리, 새소리, 물소리를 천천히 들으며 시간을 보냈습니다 :) 호텔 곳곳에 자연이 녹아들어있어서 공간이 주는 가치가 돋보였습니다. 창에 제주의 자연을 가득담고있는 레스토랑의 풍경만큼 맛도 자연스럽고, 훌륭했습니다 포도호텔에서의 시간은 제주도에서의 일정 중 가장 기억에 남는 순간들이였습니다 :)"
2020.03.22,10,시설(객실/부대시설) 좋아요,좋아요 ㅅㅅㅎㅅ ㅅㅅㅅㅅㅅㅅㅇㅇ ㅇㅇ
2020.03.31,10,시설(객실/부대시설) 좋아요,"오래 일하던 직장 퇴사 후 기념으로 제주여행을 계획했는데, 하필 코로나 때문에 마지막까지 취소해야하나.. 고민하다 포도호텔 예약한게 너무 아쉬워서 강행했어요. (청정제주에 민폐 안되려고 마스크 잘 착용하고 손소독도 열심히 했어요!) 주차해서 첫 대면한 포도호텔은 프라이빗한 공간에 초대된 느낌이랄까요.. 체온체크 꼼꼼하게 하시더라고요. 체크인하고 방 안내도 친절히 해주셨어요. 방은 양실이었는데 널찍하고 깨끗하고.. 어매니티 맘에 쏘옥 들고, 무료 미니바 내용물 모두 다 맛있더라고요. 와인 챙겨갔어서 준비된 와인잔으로 밤마다 잘 마셨습니다. 아주아주 조용해서 푹 쉴 수 있는 분위기에요. 베딩도 좋았습니다. 완전 꿀잠ㅎㅎ 조식은 포도조찬, 아메리칸으로 하루씩 먹었는데 뷔페식 즐기는 저에게도 만족스러웠어요. 호텔 내 레스토랑도 메뉴 다양하고 디아넥스 연계해서 이용할 수 있어서 불편함 없었지만, 동선 최소화 하고 푹 쉬려는 목적이라면 미리 먹거리를 많이 사가도 좋을 것 같아요. 2박이면 충분할거라 생각하고 앞 다른 호텔 일정 잡았는데, 지내보니 너무 아쉬웠어요. 3박 정도 할걸 후회했습니다. 제주를 다시 찾게 된다면 다시 묵고 싶네요!"
2020.04.07,6.6,분위기 좋아요,기대가 커서 그런지 가격 생각하면 평범 한거 같어요. 일본 고급 료칸을 따라 만든 것 같습니다. 객실 내부 시설은 좋으나 호텔 직원들의 기계적인 서비스는 안 좋은 인상을 심어 주기에 충분 합니다. 레스토랑 단품 메뉴는 먹을만 하지만 호텔 레스토랑 같은 느낌 보다는 클럽하우스 레스토랑 같은 느낌이 많이 드네요. 호텔 전체적으로 일본적인 느낌이 많이 나는 것 같습니다.
2020.04.07,7,분위기 좋아요,"많은 기대를 하고 갔습니다. 제주도에서 1박당 평균 객실단가가 가장 높은 호텔이어서요. 워낙 유명해서 갔지만 실망만 하고 왔습니다. 양실 1박, 한실 1박 성인 2명 투숙 하였습니다. 양실보다는 한실 추천 합니다. 한실에는 히노끼탕이 있습니다. 우선은 이곳은 5성급 호텔은 아닙니다. 규모가 상당히 작습니다. 프라이빗 한거 좋아하는 분들은 대만족 입니다. 애들 있는 가족 단위 분들은 비추천 입니다. 객실 20개 정도, 레스토랑 1개 입니다. 비지니스센터용 컴퓨터 2대가 전부 입니다. 근처에 있는 아넥스 호텔까지 포함하면 조금 더 크겠네요. 골프장에 딸려 있는 조금만 호텔이라고 생각하는게 좋습니다. 레스토랑도 골프장 클럽하우스에 있는 식당 같습니다. 유명한 건축가가 지었고 호텔 내부는 현대적인 미술관 같습니다. 프라이빗하고 객실 크기 크고 미니바 무료(물2개 추가, 맥주 2개, 귤주스2개, 조금만 다과), 네스프레소 캡슐 4개 무료 이고, 객실에서 온천수 나옵니다. 객실에서 보는 외부 경치 평화롭고 좋습니다. 시설은 만족 하나 가격을 생각하면 그냥 적당 합니다. 객실 내부는 딱 일본 하코네, 유후인등 유명 온천의 개인 욕실 딸린 료칸과 상당히 유사 합니다. 시설은 이 가격이면 당연히 이 정도는 해야 합니다. 일본 료칸은 조식/가이세키 석식 포함에 온천탕 무제한 입니다. 저희는 온천 하면서 쉬는걸 정말 좋아해서 이틀동안 계속 객실에서 온천 하면서 쉬었습니다. 레스토랑은 석식 하루, 조식 이틀 먹었는데 그냥 평범 합니다. 유명한 왕새우튀김우동은 그냥 평범한 맛 이었습니다. 차라리 한우 스키야키가 더 맛있었습니다. 시설은 만족하나 호텔 직원들의 서비스는 정말 3성급 호텔 같습니다. 여기 직원분들 신라호텔 가서 교육 좀 받고 오면 좋겠습니다. SK핀크스면 SK네트웍스 계열사이고 SK네트웍스는 워커힐 쉐라톤, W호텔등 5성급 호텔을 오랫동안 운영 했을텐데 직원들 교육이 정말 엉망 입니다. 이건 직원들 문제가 아니라 회사 내부 교육의 문제인것 같습니다. 우선 벨보이 없습니다. 호텔 들어오면 인사도 잘 안 합니다. 이틀 투숙하는 동안 인사하는 직원은 체크인할때 직원 한명 밖에 없었습니다. 운영하는 직원이 부족한지 모든 직원들이 피곤에 쩔어 있습니다. 카운터 직원한테 "" 아 그러셨어요~ "" 이런 단어는 처음 들었습니다. 1박 양실 이후 곧바로 1박 한실이어서 레이트 체크아웃 or 얼리 체크인 안되냐니깐 모든 객실 만실이어서 힘들다고 합니다.. 가능한지 체크 후 콜 준다고 하고 아무 연락도 없습니다.. 그날 호텔 예약 어플에서 객실 조회해보니 양실은 남아 있더군요.. 어차피 점심 시간에 나갔다 올려고 했지만 고객 전혀 고려 안하고 무조건 안된다고 하는 모습은 상당히 안좋습니다. 모든 서비스가 너무 형식적 입니다. 적극적이고 마음에서 나오는게 아니라 귀찮아 하는 듯 합니다. 레스토랑 서빙 직원들은 왜 향수를 뿌리는지 모르겠습니다. 음식 서빙 하면서 남자 향수 냄새가 너무 강했습니다. 결론) 양실(산 및 멀리 서귀포 바다 방향)보다는 한실 추천(전망은 내부 정원), 가족 단위 X, 연인 및 부부 OK , 객실내에서 아무것도 안하고 쉬는 것 좋아하는 분들은 대만족 5성급 호텔의 호스피탈리티는 기대 하지 말고 좋은 객실에서 쉬다 가는 개념이면 됨 골프장 많이 다니시는 분들은 그냥 평범하고 큰 큐모의 호텔에 적응된 분들은 색다른 경험이 될 수 있음. 여기 직원들은 신라호텔가서 교육 좀 받고 오시길.."
2020.05.11,9.6,시설(객실/부대시설) 좋아요,아기와 함께한 이번 제주 여행.. 최고의 호텔이었습니다. 꼭 가세요. 두번가세요
2020.05.27,10,시설(객실/부대시설) 좋아요,이타미준이 건축한 특이한 포도호텔 직원분들도 친절하시고 한실의 온천도 너무 좋앗어요
2020.06.19,10,시설(객실/부대시설) 좋아요,지인 추천으로 가게됐는데 제가 가본 호텔중에서 최고로 좋았습니다.
2020.06.20,10,시설(객실/부대시설) 좋아요,핀크스 포도호텔 숙박후기 로비부터 너무 마음에 들었습니다. 직원분들 친절하신건 말할것도없고 객실 컨디션 너무 좋고 대리석 욕실 및 온천수 너무 좋았어요 객실뷰도 너무 좋고 아침 조식도 너뮤 너뮤 만족했습니다. 다음에 재방문예정입니다
2020.06.23,10,시설(객실/부대시설) 좋아요,조용하고 한적해서 잘 쉬다 왔네요. 발리 우붓에 온 느낌이었고 레스토랑도 너무 좋네요.
2020.08.17,10,시설(객실/부대시설) 좋아요,"한라산 기슭에서 지친 일상속 응어리를 달래봅니다.. 여기 머무는 잠깐 동안은 속세와 분리된 기분으로 완전한 휴식이 가능합니다. 조용하고 아늑하고 공기의 온도마저 쾌적하고, 투숙객과도 최소한으로 마주치도록 동선을 배려한 느낌을 받았습니다. 다녀온지가 벌써 3년하고도 한달이 되었는데, 가끔 머리속이 복잡할 땐 저때의 휴식이 새록새록 떠오릅니다.."
2020.09.28,10,시설(객실/부대시설) 좋아요,조용하고 고급진 공간에서 힐링하고 왔습니다 소담하고 안락해요 조식도 맛나구요 무엇보다 방마다 있는 자쿠지에 새하얀 온천물이 콸콸콸 엄마랑 온천 한 6번 한거 같네요~~
2021.02.20,10,시설(객실/부대시설) 좋아요,건축당시 건축주와 건축가 모두 재일교포여서 그런지 호텔이 전반적으로 일본의 고급료칸같은 고요하고 고급스러운 분위기를 풍긴다. 직원들의 응대수준도 최고다.
2021.05.26,10,시설(객실/부대시설) 좋아요,"아무래도 코시국이다보니 넓은곳이 필요했고, 적어도 우리가족 방해가 되지 않았으면 하여, 스위트에 묶었습니다. 프런트 도착도 전에 배려를 많이 받았으며, 꼼꼼하게 신경써주어서 정말 편희 잘 쉬다 왔어요."
2021.06.03,10,시설(객실/부대시설) 좋아요,직원분들 친절하시고 룸 컨디션도 괜찮은편입니다 방도 넓구요 다만 근처에 편의시설이 좀 부족하긴해요 조용히 묵고 쉬다 오기 좋어요
