date,recommend,review
2017-09-25,Recommended,중국서버 좀 따로 만들어줘...
2017-06-19,Recommended,"보이스 챗만 활성화 했다하면 ""타이완 넘버원"" 임"
2017-08-21,Recommended,초반 슈퍼파밍 = 끔살 초반 흙수저 인생 = 탑10
2017-06-25,Recommended,흠흠 세일도 안하길래 걍 사서 해봤는데 무슨 시간 역행이랑 렉좀 줄이면 갓겜일듯 싶다  굳굳
2018-06-21,Recommended,일반인도 커스텀모드열어줬으면 좋겠어요.
2018-02-17,Recommended,이겜덕에 없던 중국인 혐오증이 생겼습니다. 감사합니다.
2018-05-20,Not Recommended,커스텀모드 우리도 만들수있게 해라 불공평하다
2018-01-11,Not Recommended,중국서버 분리하고 중국인은 중국서버 밖으로 못나오게 해라
2018-11-20,Not Recommended,"얼리억세스 당시 혁명이였다. 배틀로얄 장르의 붐을 가져왔다. 너도나도 구매하며 플레이했다. 고사양의 필요사양은 진입장벽이 안되고 피시방의 기준이 되었다.  정식 발매. 핵은 만연했다. 핵을 잡는다고 했다. 스킨 랜덤박스를 냈다. 카카오배그를 출시한다고 했다. 거기엔 한국인만 있고, 핵도 없다했다. 카카오배그를 샀다. 카카오배그에도 핵이 나타났다. 핵을 잡는다고 했다. 스킨 랜덤박스를 더 출시했다.  왠 다른 게임 배틀로얄이 배그를 역전했다고 했다. 유저수는 계속 줄어서 나누었던 서버를 다시 통합했다. 스킨 랜덤박스를 더 출시했다. 핵이 너무 많아서 핵에 죽은 건지 스트리머를 봐도 이 사람이 핵을 써서 잘하는지 분간하기 힘들고 또 분간하는 자체도 하기싫었다. 그래서 접었다. 그래도 스킨 랜덤박스를 더 출시했다."
2017-07-01,Recommended,"배틀로얄형 게임의 완성본  장점  ＋ ＋점점 좁아지는 전장 ＋스스로 조절하는 완급조절 ＋뛰어난 총기 조작감 ＋뛰어난 사운드 플레이 ＋레이팅 시스템 ＋활발한 피드백 및 업데이트    －아쉬운 총기 밸런스 －여전한 서버 렉 －부족한 최적화 －핵                  롤, 오버워치처럼 짧은 시간 깊게 즐길 수 있는 게임을 원하시는 분    데이즈처럼 준비 시간이 긴 생존게임을 좋아하시는 분    저는 생존 장르 게임을 극혐합니다. 파밍까지 오래 걸리고 살아남는데 급급하고 죽거나 클리어한 뒤에는 왜 이걸 또 해야하는가? 하고 현탐을 느끼는 게이머입니다. 다만 이 게임은 도대체 질리지가 않는군요. 생존류 게임을 이렇게 오래한 건 처음입니다. (이런식의 짧게 게임이 끝나는 배틀로얄식 게임은 현재 H1Z1와 배틀그라운드가 대표격인데 전 H1Z1는 구매하지 않아 비교 불가한 점 이해 부탁드립니다.)     이 게임은 40분안쪽으로 전장이 모두 줄어들 때까지 다른 유저를 죽여 1등을 하기 위한 게임으로 룰을 몰라도 무기를 먹고, 다른 사람과 싸우고, 안전지대로 향하는, 단순하면서도 직관적이라 남녀노소 쉽게 이해 가능합니다. 그 과정에서 적당히 파밍하고 안전한 집에서 버티다가 안전지대가 줄어들 때 천천히 이동한다던지, 파밍하기 쉬워 많은 유저가 찾는 도시나 밀리터리 베이스로 가 시작부터 피터지게 싸운다던지 게임플레이 내내 페이스 조절을 스스로 할 수 있습니다. 또한, 플레이 내내 감탄했던 부분은 총기마다 확실히 다른 손맛인데 격발음이나 부속물 착용으로 인한 소음, 흔들림 잡기등 부속물로도 손맛이 바뀌면서도 아르마처럼 크게 하드코어하지는 않는 부분에서 감명받았습니다. 게다가 격발음, 소음기로 인해 줄어든 격발음, 점사 변경, 장전등의 유저가 내는 모든 소리가 사방으로 들려 사플이 마치 레인보우식스 시즈를 하는듯한 느낌을 받을 정도로 의존도가 제법 있었습니다. 그로 인해 플레이 시간이 짧은 게임인데도 높은 현장감을 받았으며 더욱 더 몰입할 수 있게 되었던 것 같습니다. 그 외에도 한판끝나면 현탐이 와서 그만두기 마련인데 레이팅 시스템이 있어 계속 할 수 있는 좋은 매개체가 되며 레이팅으로 인해 100명의 유저들간의 격차도 그리 크지 않아 언제나 비슷한 유저와 플레이할 수 있습니다.     딱히 게임성으로는 크게 아쉬운 점은 없으나 몇몇 총기가 타 총기에 비해 성능이 좋지 않아 선택조차 안되고 버려지는 것이 조금 아쉽습니다. 그 버려지는 총기들도 손 맛이 확실히 달라 억지로 드는 분들도 계실텐데 좀 더 밸런스 조절이 있었으면 합니다. 또한, 계속 거듭된 패치로 최적화와 네트워크부분을 많이 개선되고 있으나 아직까지도 얼엑딱지를 떼지는 못할 것 같습니다. 가끔씩 걸리는 네트워크 오류와 급렉부분은 여전히 개선이 필요합니다. 마지막으로 유저들이 많아서 그런지 핵이 좀 보이는데 매주 핵을 잡아내고 있으나 여전히 핵은 있고 100명짜리 게임판에서 핵 유저의 존재감은 압도적입니다. 좀 더 빠른 핵처리를 기대해봅니다.     한동안 직장->집->배그->수면->직장 이렇게 제 생활패턴을 바꿔버린 게임으로 지금 이 리뷰 쓰는 순간조차 배그를 키고 싶을 정도로 푹 빠져버린 게임입니다. 일하고 피곤한 몸을 이끌고 할 정도로 푹 빠져버렸네요... 재미나 그런걸 다 떠나서 한국에서 만든 제대로 된 게임이 글로벌하게 잘 나가는 모습이 보기 좋습니다. 이를 계기로 각 게임사에서 도박게임이 아니라 게임성이 있는 게임을 출시했으면 좋겠어요. 앞서 해보기 기간동안 잘 다듬어서 더욱 더 롱런했으면 합니다. 완성된 배틀그라운드가 정말 기대됩니다. 추천합니다."
2018-02-14,Not Recommended,제발 중국 잠궈라;;
2018-05-17,Not Recommended,시발 아무리 쳐먹고 살아야한다지만 상자깡에서 강제 열쇠 상자가 뜨는건 좀 아니지 않냐? 차라리 열쇠깡은 따로 BP로만 팔던지진짜 다른건 모르겠는데 이게 너무 좆같다
2018-09-29,Not Recommended,"FIX PUBG 한다면서요? 그동안 벌은 수익은 새로운 건물로 이사하는데 다 사용했습니까?  ' 픽스 펍지 ' 뭐하러 하셨나요? 2012년 1월 초에 나온 LOL 이 6년이나 되었는데 그것도  "" KR "" 서버 인데도 불구하고 핑 차이가 없잖아요 . 예?  초반에 얼리엑세스네 뭐네 하면서 "" 배틀로얄 "" 이라는 타이틀로 ""또 다른 FPS "" 로 흥행하고 그걸로  ' 끝 ? ' 장난 하십니까? 블루홀? 외국인 개발자 섭외해서 대화하고 '화상통화' 로 의견을 나누며 토론을 했다고  했잖아요. ' 쇼 맨 십 ' 였나요? 'FIX PUBG' 도 ?  서버가 안좋으니까 안좋다고 아무리 이야기를 해도  '저희가 해결할 수단이없습니다, 조금만 기달려 주십시오.' 같은 말만 되풀이 하면서  타 지역 , 시차가 아주 많이 차이 나고 30분 차이나고 하는 나라에서도 하는데  북미 , 오스트리아 , 유럽 '서버' 에서 플레이하면서 유저간의 핑차이가 심해서 그런거면 이해합니다.  근데 "" KR 서버 "" 인데 ' 1초 는 기본으로 차이가 나는게 당연하다고 생각합니까? '  위에서 언급한 LOL 안해보셨어요? 서든은요? 아주 기본적인 대한민국에서 넷마블에서 처음 만들어져서  돈슨돈슨 거리는 넥슨으로 갔는데 넥슨에서 운영하는 서든 이라도 해보셨냐구요?  AOS 뿐만 아니라 FPS 도 0.5초 차이도 심하게 느끼는데  블루홀 개발사 직원분이시던 고위직책분 이시던 네이버 공식 카페 운영하시는 분이시던  자사 게임이 나왔는데 한번이라도 안해본 사람이 있습니까?  10명중에 적어도 4.5명은 정도는 했다고 생각합니다.  그런데 핑차이가 심한데 엘리엑세스 끝나고 정식 발매를 했다고 홍보를 하면서  ""배틀로얄이라는 타이틀로 블루홀 주식까지 급등했으면서"" 그동안 벌여들인 수익   [통장에 22만원 밖에 없습니까?] 건물 이사하느라 이거 보고 저거보고 로비하느라 다썻어요?  서버 개선 할 생각은 안해요? 자기네 게임이 호평 받다가 혹평 받는걸 안봐요?  서버 개선이 힘들다 다른 회사에 서버를 빌려서 쓰고있다 등등 보고 들었습니다.  블루홀 회사의 PLAYERUNKNOWN'S BATTLEGROUNDS 이 게임만 그렇게 서버를 운용합니까?  다른 회사들은 안하냐구요? 스킨 박스 , 스킨 장사 안하신다메요  뭐하자는겁니까? 할꺼면 한다고 하던지 안한다고 했다가 하는건 뭔 심보 입니까?  카카오게임즈와 손을 잡고 협력 ..? 설마 했지만  스킨장사 ....?   카카오게임즈가 그렇게 하라고 지시했습니까? 협력 관계면 협력을 해야지 갑 을 관계 상사와 부하 지간 인가요?    아무리 내가 먼저 들어가서 싸워도 먼저 쏴서 혈흔임팩트가 나와도 데미지에 반영이 안돼는게 말이나 되냐구요?  핑 차이가 뭔지 모른다면 개발사들 다시 물갈이 시키시죠?  테라 에 목숨 걸어서 그런가요?  MMORPG 에서만 발 굴리고 손굴리고 피흘리고 몸이 부셔지는 개발사 직원가지고  ""FPS"" 게임을 만듭니까?   아르마 에서 시스템을 가지고 오던 다른 엔진으로 만들던  FPS 게임은 MMORPG 처럼 핑 차이가 조금 있어도 괜찮은 게임이 아닙니다.  '비소리가 커요' , '비행기 소리가 커요' , '비오는 날씨때문에 안보여서 싫어요' , '안개맵 하기 싫어요' , '사막맵 싫어요'  이런 소리에 반응하는것 자체가 MMORPG 에서는 '사소한 컴플레인' 이지 않나요?  5.56mm 탄약과 7.62mm 탄약 차이가 ' 단순히 게임' 에서는 장단점을 아시잖아요  쉽게 말해서 5탄이 7탄 보다 상대적으로 게임상에서는 5탄 < 7탄 반동 차이  5탄 < 7탄 데미지 차이  5탄 > 7탄 탄의 속도 차이  인데 게임이니까 '유저들의 징징대는 사소한 이의제기' 만 보고 바꾸는게 애들 장난처럼 하시는데  자식들이 운다고 달래주기만 하면 됩니까? 매일?  우리나라에서 만든어진 게임이라 팔은 안으로 굽어진다는데  '팔 자체를 들기가 싫네요'   이딴게임을 424시간 동안 하면서 시간 버리는것보다 Warface 가 더욱더 가치가 있네요  배그 핑차이 = 워페이스 핑차이  어휴 시발    --- 10 / 03 ---    갑자기 덧글이 12개나 달리길래 뭔가 했습니다만...  컴 바꾸라구요?  CPU : i7 6700 RAM : DDR4 8GB *4 = 32GB MB : Gigabyte B150 DS3H VGA :Gigabyte 1070 Xtreme 8GB Power Supply : FSP FSP600-50HPN 85+ SSD : 바른전자 120GB HDD : WD 1TB + WD 2TB 케이스 : BRAVOTEC 스텔스 EX270 파노라마 윈도우 블랙    피시방이요?     저도 우리나라에서 한국회사가 만든 겜이라 길래 아무리 애정을 가져보고 노력하고 화가 나도 어이없어도 ""우리나라에 있는 회사가 만든 게임이니까"" 라는 마인드로 해보았지만  ( 절래절래 )     아직도 배그를 빨고 물고 늘어지고 붙잡고 썩어문들어져서 때가 생겨서 철수세미와 유Han락스로 박박 딱아도 지워지지않고 , 지박령처럼 배그 아님 못 살겠다 하시는  유저분들,  이 평가는  "" 어느 한 게이머의 평가 글 "" 입니다.   여기 몇몇 댓글들을 보고 머릿속에 휙 하고 지나가는게 무엇이냐면,   앞으리Ka 대XX TV 극성 팬 생각나요 .   네이버나 유튜브도 아니고 ㅎㅎ."
2018-09-20,Not Recommended,얼리때가 좋앗다
2018-01-28,Not Recommended,중국인과 핵이 조화롭게 망쳐버린게임  중국인 + 핵 = 망겜으로가는 지름길
2018-10-29,Recommended,스킨 만들시간에 서버관리부터 좀 해주세요^^ 스킨 만들시간에 서버관리부터 좀 해주세요^^ 스킨 만들시간에 서버관리부터 좀 해주세요^^ 스킨 만들시간에 서버관리부터 좀 해주세요^^ 스킨 만들시간에 서버관리부터 좀 해주세요^^ 스킨 만들시간에 서버관리부터 좀 해주세요^^ 스킨 만들시간에 서버관리부터 좀 해주세요^^ 스킨 만들시간에 서버관리부터 좀 해주세요^^ 스킨 만들시간에 서버관리부터 좀 해주세요^^ 스킨 만들시간에 서버관리부터 좀 해주세요^^ 스킨 만들시간에 서버관리부터 좀 해주세요^^ 스킨 만들시간에 서버관리부터 좀 해주세요^^ 스킨 만들시간에 서버관리부터 좀 해주세요^^ 스킨 만들시간에 서버관리부터 좀 해주세요^^ 스킨 만들시간에 서버관리부터 좀 해주세요^^ 스킨 만들시간에 서버관리부터 좀 해주세요^^ 스킨 만들시간에 서버관리부터 좀 해주세요^^ 스킨 만들시간에 서버관리부터 좀 해주세요^^ 스킨 만들시간에 서버관리부터 좀 해주세요^^ 스킨 만들시간에 서버관리부터 좀 해주세요^^ 스킨 만들시간에 서버관리부터 좀 해주세요^^ 스킨 만들시간에 서버관리부터 좀 해주세요^^ 스킨 만들시간에 서버관리부터 좀 해주세요^^ 스킨 만들시간에 서버관리부터 좀 해주세요^^ 스킨 만들시간에 서버관리부터 좀 해주세요^^ 스킨 만들시간에 서버관리부터 좀 해주세요^^ 스킨 만들시간에 서버관리부터 좀 해주세요^^ 스킨 만들시간에 서버관리부터 좀 해주세요^^ 스킨 만들시간에 서버관리부터 좀 해주세요^^
2017-06-05,Recommended,"몇년만에 한국에서 나오는 2017년 최고의 게임  본인은 배틀그라운드 베타부터 플레이를 한 유저이며 H1Z1 , DAYZ , RUST 를 플레이 해 보았고  그 중에서도 최고의 퀄리티를 뽑자면 배틀그라운드가 현 최고의 자리이지 않나 싶다.  이 게임은 러시아 배경의 섬에서 펼쳐지는 서로 죽고 죽이는 100명의 서바이벌 게임이며  게임을 들어가면 외딴섬에서 대기하다가 비행기를 타고 자기가 원하는 위치에 강하를 해  최후의 1인이 될때까지 서로 치고 박고 싸우는 '배틀로얄' 방식이다.  또한 가만히 오는놈만 잡는 '캠퍼'들을 방지하기 위해 체력이 다는 자기장이 좁혀져 경기장을 좁게 만들며  소염기 , 소음기 , 광학장비 등 다양한 총기부품을 이용한 커스터마이징 , 과금이 필요없는 게임 시스템 , 빠른 패치 등 장점이 많고  DAYZ 처럼 파밍에 많은 시간이 필요한것도 아니면서 총기 밸런스가 잘 잡혀있어서 H1Z1 처럼 특정총기만 쓰지 않는다.      이제 단점을 살펴보자  단점으로는 최적화와 서버문제가 있다.  이 문제는 베타때부터 있었던 문제였는데  아이템을 먹으면 캐릭터가 먹을까 말까 고민하면서 3초후에 먹으며  서버 상태에 따라 승패에 영향을 줄 정도로 플레이어의 위치가 1~2초 전의 위치로 텔레포트 된다.  또한 물리엔진 또한 이상한지 차가 끼이면 춤을 추다가 하늘로 날아간다.  그래픽 문제를 살펴보자 이 게임은 식생옵션을 최하로 낮추면 수풀이 보이지 않아 그래픽을 좋게 할 이유가 없다.  또한 최적화가 원활하게 되지 않아 하이엔드 사양의 컴퓨터가 아닌 이상 낮은 퀄리티의 텍스쳐로 게임을 하여야 한다.  얼리엑세스 게임이기에 개선될 여지가 있으나  몇년간 얼리엑세스인 DAYZ 스탠드얼론을 보면 얼리엑세스가 면죄부가 되지는 않는다.  선택은 오직 구매자의 몫이며  내 생각은 3개월간 베타때부터 플레이를 하면서 느낀거지만 변하지 않는 의문사를 해결해주지 않고  피크타임만 되면 게임플레이가 불가능한 다른 생존게임들 보단 나은거 같다.  또한 많이 개선되어 지금은 프레임 또한 잘 나오고 서버 상태 또한 피크타임인데도 불구하고 게임 플레이가 유연했다.  만약 아직 구매하지 않은 사람들이 있다면 나는 충분히 추천해줄 의향이 있다."
2018-02-07,Recommended,게임은 좋은데 중국인이 KR/JP 서버에와서 간혹 설치고 핵을쓰는게 너무 싫습니다 . 중국인이 KR/JP서버로 못오게해주세요
2018-03-03,Recommended,불법 프로그램 사용자가 너무 많다
2018-07-07,Not Recommended,"얼리엑세스때가 제일 재밌었다. 패치를 하면 할수록 대처를 보면 볼수록 답이없다. 핵 좀 막아라 신고하면 정지 좀 시켜라 서버 좀 안정시켜라 맨날 터진뒤에 카페에 맨날 같은 공지만 올리지말고 무기 밸런스 좀 맞춰라 100에 99는 SCAR-L이랑 M16A4중에 SCAR-L를 고를거다 Win94는 쓰라고 만든거냐? 패치 좀 똑바로해라 저지력 좀 높혀주고 홀로그램은 왜 키운거냐? 에란겔,미라마는 왜 또 못고르게 패치했냐 버그는 옛날부터 말할 필요가 없다. 이게 정식출시한 게임이냐 자잘한거부터 큰것까지 산더미다. 나도 32000원 주고 샀는데 커스텀방은 왜 못쓰는거냐 이쯤되면 풀어줘라 잠긴상자만 더럽게 많아서 상자는 사고 까질못한다 10개 모와서 일반상자 1개라도 좀 바꾸게 해줘라 쓸모가없다. 프리미엄 레벨은 또 뭐냐? 게임은 이모양인데 돈은 고픈가보다. 그래도 사녹은 재밌드라 정말 할게임 없네"
2018-12-06,Not Recommended,서버 분리 필요 중국인 민폐
2018-06-20,Recommended,하지않을거란 세일은 결국 여름 세일에 무릎 꿇었다.
2018-06-06,Not Recommended,배그는 진자 항상 욕먹고싶어서 안달난거같이 운영을 하네 왜 굳이 핵도 못잡는 마당에 서버 통합까지 시키는지 이해가 1도 안됨 --------------------------------- 커스텀모드 왜 일반 유저는 못 함? 최적화 언제 함? 핵 언제 잡음? 버그 언제 고침? 서버 도대체 언제 늘림? 티밍 안 잡음? 애초에 신고하면 제재 하긴 함?
2018-05-31,Recommended,제작자님들 모든유저들에게 커스텀 모드 방을 만들 권한을 주시면 좋겠습니다. 구독자 5만명은 너무나도 어렵습니다. 그리고 친구들끼리 재미있게 게임을 즐기고 싶을때 잘 할수가 없습니다. 제발 모든 유저에게 커스텀모드 제작 권한을 주십시요.
2017-12-21,Recommended,죽은뒤에:아 이렇게하면 산건데
2017-10-05,Recommended,그럴 수 있어. 이런 날도 있는거지 뭐. (X) 항상 그렇지. 이런 날만 있는데 뭐. (O)
2017-12-20,Recommended,짱깨만 없다면 완벽한 게임
2019-01-14,Not Recommended,아니 시발 진짜 서버 통합 왜했냐 팀플 좆도 안하고 중국어가 만민어인줄 아는 새끼들이랑 게임하기 싫다고 ;; 제발 서버 다시 원상태로 하기를
2019-09-14,Not Recommended,중국은 고객님 한국은 호갱님 핵쟁이 고객님 클린유저 호갱님 핵쟁이는 못잡아 무고밴은 잘잡아 중국자본 달달해 한국자본 퉤퉤퉤 중국인말 잘들어 한국인말 개무시
2018-01-14,Not Recommended,Region. Lock. China. ▒█▀▀█ ▒█▀▀▀ ▒█▀▀█ ▀█▀ ▒█▀▀▀█ ▒█▄░▒█ ▒█▄▄▀ ▒█▀▀▀ ▒█░▄▄ ▒█░ ▒█░░▒█ ▒█▒█▒█ ▒█░▒█ ▒█▄▄▄ ▒█▄▄█ ▄█▄ ▒█▄▄▄█ ▒█░░▀█  ▒█░░░ ▒█▀▀▀█ ▒█▀▀█ ▒█░▄▀ ▒█░░░ ▒█░░▒█ ▒█░░░ ▒█▀▄░ ▒█▄▄█ ▒█▄▄▄█ ▒█▄▄█ ▒█░▒█  ▒█▀▀█ ▒█░▒█ ▀█▀ ▒█▄░▒█ ░█▀▀█ ▒█░░░ ▒█▀▀█ ▒█░ ▒█▒█▒█ ▒█▄▄█ ▒█▄▄█ ▒█░▒█ ▄█▄ ▒█░░▀█ ▒█░▒█
2018-05-18,Recommended,"여러가지 힘든 고난과 역경이 있었지만 그럼에도 400 시간까지(5월 17일 기준) 잘 즐겼으므로 일단 추천은 드립니다 AS!SHOLE이 이 글을 볼 가능성은 매우 희박하지만 일단 적어봅니다.  현재 배틀그라운드   1. 과거에는 유저와 소통하는 듯 하였으나 현재는 소통하는 모습이 보이지 않는다.  물론 여러가지 컨텐츠를 추가하는 것들은 회사 내부의 의견만이 아니라 유저들의 의견을 듣고 반영한 것이겠지만  대부분의 유저들이 원하는 것은 최적화와 버그수정 및 핵에 대한 대처이다.  즉, 다시말하면 자기들이 골라먹고 싶은 것만 쏙 빼먹는 편식주의자란 소리이다. (편식은 나쁘다고 어릴때 교육을 못 받은것 같다.)     2. 과금 유도[돈에 미쳤다는 증거 1]  얼리엑세스 때의 배틀그라운드는 과금요소가 하나도 없었다.  그러나 지금은 어떠한가, 처음에는 무료상자와 열쇠상자를 같이 내놓더니  지금은 열쇠상자만 주구장창 내놓고 있으며 오로지 과금을 해야만 구할 수 있는 낙하산 스킨을 추가하였다.(카카오랑 협력했다고 들었을 때부터 이렇게 될 거라는것을 알았어야 했다.)        얼리엑세스 때부터 있던 고질적인 문제이다.  필자는 얼리엑세스때 cpu i3 gtx 650ti Ram 8G의 환경에서 게임을 즐겼는데 그때에도 지금보다는 훨씬 쾌적했다.    그러나 지금까지의 느낌으로는 정식 출시하기 전까지의 최적화는 잘 되어가는듯 하였으나 정식출시가 되자마자 극심한 역행현상과 같은 문제가 발생하였고 서버도 자주 터졌다.  공식카페 패치노트 11번째 내용이 업데이트 될 쯔음에는 오랜만에 다시 나타난 지연양이 반가울 정도 였는데바로 다음패치 때부터는 지연양이 출장가버리고 서버랙만 오지게 결렸다.  사람마다 다를 수 있겠지만 필자는 아무말도 없이 렉만 걸리는 것보다는 지연이 뜨는게 훨씬 나았다.  그리고 현재 5 월 17 일 차 업데이트 게임을 30초하면 게임이 멈추는데이건 그냥 하지 말란 소리같다.         AS!SHOLE이 최근 안티치트를 적용했다고는 하지만 아직도 핵은여전히 돌아다니고 있다.  물론 안티치트를 적용하기 전보다 줄기는 했지만 시간이 지나니 금방 다시 늘어나더라...  배틀그라운드가 컴맹이 봐도 쉽게 클라이언트를 수정할수 있다는 말을 들었는데 클라이언트를 본질적으로 수정하려고 하지 않는다면 최적화 및 핵에대한 대책을 구하는 것은 힘들것이라 본다.   KR/JP를 제외한 다른서버들은 중국인들이 들어갈 수 있기 때문에 여전히 ""REGION LOCK CHINA""를 외치고 있다.  즉,을 한국서버랑 일본서버만에만 못들어오게하여"
2018-04-24,Recommended,배틀그라운드를 조금 즐겨봤는데 생각보다 게임이 쉽습니다. 여러분들이 상상한 것보다 쉬울 겁니다. fps게임을 처음 해본 사람과 한참 즐기는 마니아층도 서로 어울리며 웃으며 게임할 수 있는 몇 안되는 청정한 갓겜이군요. 저는 몇 시간 플레이를 안 해봐서 잘 모르겠습니다. 조금만 더 해봐야 알 것 같습니다. 그럼 이만
2017-04-11,Recommended,빨리 최적화 하십시오.
2019-09-30,Not Recommended,슬슬 삭제할타이밍인거 같아서 후기쓰고 접는다.  난 얼리때부터 애정갖고 하면서 일하면서도 틈틈히 시간 갈아넣으면서 한 유전데 이 병1신같은 회사는 운영을 자기네 집 개한테 맡겻는지 즈그들이 만든 게임에 대한 이해도가 전혀 없고 그저 돈쳐발라야 가능한 룩딸패치밖에 하지 않으며 가장 중요한 것은 핵에 대한 제제 자체를 빡세게 하지 않는다는 것이다. 기껏 해봐야 계정 영구정지. 사실상 게임에 대한 문제는 전무할정도로 내가 여태껏 해본 게임중 가장 재밋었다.  그러나 10판중 7판 이상은 핵이 무조건 있으며 나머지 3판 또한 있을수도 없을수도 있는 말도 안되는 안티치트 프로그램을 보여주고 핵쟁이들이 매 판마다 당신들을 존윅과 원티드 액션씬에 나오는 엑스트라로 만들어 줄 것이다.  핵은 잡는다 잡는다 하면서 명단을 공개하는데 좆도 아무런 의미가 없다. 영구정지를 박아도 새로 아이디를 파서 다시 핵을 사용하기 때문에 죽여도 지옥에서 다시 올라오는 악마들과 싸우는 콘스탄틴의 심정을 잠시나마 느껴볼수 있다.  아이피 밴을 하던가 하드밴을 해야하는데 그렇게 하면 핵쟁이들이 게임을 하기 불편해하고 그것은 이 병1신회사의 매출과 연관되기 때문에 전혀 하지 않을것이며 꿈도 꾸지 않는것이 정신건강에 좋다.
2017-12-30,Recommended,게임은 재밌는데 중국인이 왜 싫어지는지 알게 될거임
2017-05-09,Recommended,최적화만 해주세요
2020-08-13,Not Recommended,중국인한테 해킹당하고 그 중국인이 핵써서 정지먹었길래 중국에서 로그인했다고 뜬 메일이랑 ip까지 캡쳐해서 보냈더니 해킹당한거 내 잘못이니까 스팀 가드 설정하고 정지먹은건 풀어줄 수 없다네... 아니 내 잘못 맞는데 근데 내가 핵쓴건 아니잖아 내가 증거 자료도 없이 떼 쓴것도 아니고 자료까지 보냈는데 대처가 참으로 아쉽다. 할 수 있는게 여기서 이런 하소연 밖에 없다는 것도 아쉽고
2020-01-01,Not Recommended,스팀가드하세요 여러분 중국이 여러분계정 노립니다 해킹당했는데 선물로 모르는 애한테 내돈 날라갔는데 중국인임 환불해달라했더니 선물 받은애가 2시간넘게 플레이해서 환불 못해준다고 기계적인 답변 똑같이 2번옴 게임 안에는 해커 판치고 게임 밖에는 개발사가 날로먹음 이럴꺼면 그 '~경우에는 일반적으로 환불이 불가능합니다'에 '일반적으로'는 왜 갔다 붙혀논거냐 적힌게 글이라고 막적어놓네
2018-02-10,Recommended,다 좋은데 이것만 해주면 소원이 없겠다 블루홀아 ▒█▀▀█ ▒█▀▀▀ ▒█▀▀█ ▀█▀ ▒█▀▀▀█ ▒█▄░▒█ ▒█▄▄▀ ▒█▀▀▀ ▒█░▄▄ ▒█░ ▒█░░▒█ ▒█▒█▒█ ▒█░▒█ ▒█▄▄▄ ▒█▄▄█ ▄█▄ ▒█▄▄▄█ ▒█░░▀█  ▒█░░░ ▒█▀▀▀█ ▒█▀▀█ ▒█░▄▀ ▒█░░░ ▒█░░▒█ ▒█░░░ ▒█▀▄░ ▒█▄▄█ ▒█▄▄▄█ ▒█▄▄█ ▒█░▒█  ▒█▀▀█ ▒█░▒█ ▀█▀ ▒█▄░▒█ ░█▀▀█ ▒█░░░ ▒█▀▀█ ▒█░ ▒█▒█▒█ ▒█▄▄█ ▒█▄▄█ ▒█░▒█ ▄█▄ ▒█░░▀█ ▒█░▒█
2019-08-03,Recommended,버리기엔 너무컸고 사랑받기엔 너무 추해진 게임
2019-01-26,Recommended,"게임이 끝나면 로비로 나가기 누르고 로비에서 또 매치 돌려야하는 시스템 너무 불편하다. 차라리 매치가 끝나면 ""한 판 더?""라는 버튼 만들어서 그대로 게임 다시 시작하는 그런 시스템이 좋을 것 같다."
2019-01-13,Recommended,한국 서버 그런거 다시 만들어주시면 안될까요?
2018-11-25,Recommended,운영진이 병신이여서 깔끔하게 망한 게임의 표본
2019-02-03,Not Recommended,랜덤으로 스쿼드를 돌릴시 중국인들이 갑작스럽게 팀킬하는 경우가 빈번하게있습니다  팀킬을 고의적으로 할시 누적되는 특정 경고 유저 아이콘 표시같은게 필요해 보이고  경고 유저를 대상으로 팀킬할시 본인은 누적되지 않는 시스템이 필요합니다
2018-01-30,Not Recommended,Region. Lock. China. ▒█▀▀█ ▒█▀▀▀ ▒█▀▀█ ▀█▀ ▒█▀▀▀█ ▒█▄░▒█ ▒█▄▄▀ ▒█▀▀▀ ▒█░▄▄ ▒█░ ▒█░░▒█ ▒█▒█▒█ ▒█░▒█ ▒█▄▄▄ ▒█▄▄█ ▄█▄ ▒█▄▄▄█ ▒█░░▀█  ▒█░░░ ▒█▀▀▀█ ▒█▀▀█ ▒█░▄▀ ▒█░░░ ▒█░░▒█ ▒█░░░ ▒█▀▄░ ▒█▄▄█ ▒█▄▄▄█ ▒█▄▄█ ▒█░▒█  ▒█▀▀█ ▒█░▒█ ▀█▀ ▒█▄░▒█ ░█▀▀█ ▒█░░░ ▒█▀▀█ ▒█░ ▒█▒█▒█ ▒█▄▄█ ▒█▄▄█ ▒█░▒█ ▄█▄ ▒█░░▀█ ▒█░▒█
2018-02-18,Recommended,"중국을 지역락을 걸어야하는 게임. 모든 중국인들이 핵을 쓰는것은 아니며 그들이 모두 나쁜것은 아니지만 핵을 사용하는 인물의 대부분은 중국이라는 점과 아시아서버를 넘어 한본서버까지 넘어와 플레이하며 서버의 핑을 떨어트리고 랙을 유발시킨다는점이 문제점입니다. 사실 한본섭인지 아시아섭인지 모르겠습니다..  중국서버를 따로 개설 후 락을 걸어 다른서버로 못오게 만드는 방법과 많은 핵들을 막는것이 우리모두에게 좋은 방법이란걸 블루홀은 아직 깨닫지 못하는 것일까요? 심한경우에 10판 플레이시에 7판이나 핵을 만나기도 합니다.  생각보다 최적화 문제가 심각하다고는 하는데 언리얼 엔진주제에 잘한편이긴합니다. 물론 다른 게임들에 비해 최적화가 엄청난것은 아니지만 이만큼까지 끌고 최적화를 한것을 보면 더 잘할수 있다는 생각이듭니다. 다만 수많은 버그와 무한로딩등의 문제점은 아직 모르는것인지 알면서 방관을 하는 것인지 능력부족으로 인해 방치되는 것 인지는 잘 모르겠습니다.  정식 출시 후 생각보다 많은 시간이 지났으나 주요 문제점은 오히려 더 커지고 있는것 같습니다. 물론 다른 문제점은 고쳐지고 있는 듯 보이며 가장 큰 문제점인 핵유저에 대해 이번 핵 방지 업데이트를 진행하는등의 모습을 보여 정식출시 후 시간이 지났지만 개인적 생각으로는 조금은 더 지켜보아야 할듯하네요.  (항상 느끼는 것이지만 인기가 많은 게임은 언제나 핵과 전쟁을 치루게 됩니다. 이 전쟁에서 웃는자가 핵유저일지, 아니면 다른 정직한 플레이어들 일지는 개발사의 운영에 따라 달려있습니다. 개인적으로 배틀그라운드가 많은 사람들에게 좋은 게임으로 남았으면 하는 바 입니다.)  ------------------------------------------------------------------------------------------------------------------------  현재 지역락이 걸렸습니다!!!! 예아!!!!!!솔로를 800등까지 접해본 결과로는 한국섭에 핵은 보기 힘듭니다. 다만 가끔가다 어떻게 들어왔는지 중국인 핵쟁이가 한두명씩 있더군요 . 하지만 결과로는 대 만족입니다.  스킨도 출시했겠다, 신맵도 공개 했겠다, 이제 잡다한 버그와 서버관리만 확실히 하면 좋게습니다. 카카오배그의 PC방 유료화로 인해현재 한국 스팀서버로 유저가 몰려그런지 서버랙이 좀 많더군요. 삼토바이나 잡다한 버그 등 만 고친다면 갓 겜으로 승승장구 할 듯 합니다.  전망이 매우 밝습니다. 블루홀 주식이나 살 껄..."
2019-03-23,Not Recommended,갈수록 배그가 초심을 잃었다고 밖에 생각이 안듭니다.  이번 PC 27차 패치노트 보고 어이 없어서 평가 남깁니다. 이제 신규 유입층도 없으니까 기존 유저들 지갑 쪽쪽 빨아드시겠다는거네요? 이벤트 패스 사녹 때 이미 좀 돈 맛을 보셨나봐요? 신맵이 나오지도 않았는데 새 패스를 출시하고 프리미엄 패스 이름도 이벤트 패스에서 서바이버 패스로 바뀌고.. 계속해서 프리미엄 패스 기간 별로 우려먹으면서 내놓을거는 이제 기정사실화된 부분이네요. 참 게임 초반 때는 '대한민국에서도 이런 게임이 나오는구나' 싶었는데 갈수록 '역시 대한민국 게임 답다'는 생각 밖에 안드네요. 유저들 지갑 빨아먹기위해 프리미엄 패스 내놓을 시간에 진정 유저들이 원하는 핵 제재와 게임 최적화를 더 해서 이미 배그를 떠난 유저들부터 붙잡고 나서 이런 과금 유도를 해야한다고 생각이 드네요.
2018-06-21,Not Recommended,"해킹당해서 중국인 해커놈이 치트 프로그램을 썼습니다. 계정 복구하는 사이에 일어난 일인데... 복구 후, 블루홀 측에 증거물(여행 도중에 일어난 일이라 항공이용권, ip 비교분석 요청)을 제시해드렸지만. VAC 밴을 풀어줄 의사가 전혀 없답니다.  이럴꺼면 고객상담 시스템이 왜 있는 지 모르겠습니다. 어떻게 보면 가장 이 시스템에 있어 가장 중요한 사항인데, 사내 조항에 따라 유저의 고충을 나몰라라 하는 게 개발팀이 하는 꼬라지와 뭔 차이가 있나 싶습니다.  아무리 봐도 해커들이 계정 털어먹고 피해자는 게임 새로 사는 것을 의도적으로 방치하며 유도하는 거 같아서, 이 게임을 비추천합니다."
2018-05-20,Recommended,대체적으로는 아주재밋는데 훈련장만 생기면 좋을것 같네요
2018-01-16,Recommended,불법 프로그램 사용자를 강력하게 처벌하면 좋겠습니다.
2019-01-17,Not Recommended,I hate china
2018-06-24,Not Recommended,"배틀그라운드를 2017년 초반 비공개 베타때부터 했던유저입니다.  처음 배틀그라운드가 나왔을때는 H1Z1에서 현실성을 더하고 퀄리티를 발전시키고 무게를 더해서 현실적인면과 캐주얼한면을 타협해서 잘 만든 게임이라고 생각했습니다. 처음에 문제점도 많았었지만 얼리억세스 게임이였지만 그걸 해결하기위한 피드백들을 많이받아서 빠르게 해결하는 모습을 보며 정말 좋게 생각했었습니다. 하지만 현재 17년 12월에 정식 출시 이후에도 여전히 해결하지 못한 문제점들과 새로운 문제점들이 등장하고 있는 상황입니다. 운영이나 기타 게임 외적인 부분을 제외하면 게임성은 정말 좋습니다. 하지만 플레이하는 입장에서는 싱글플레이 게임이 아닌 멀티플레이 게임이기 때문에 게임성만 봐야하는게 아니고 다른 부분도 보셔야합니다. 그런점에서 배틀그라운드는 정말 문제가 많은 게임입니다.  현재(6월 24일) 제가 생각하는 배틀그라운드의 문제점은  1.레이팅 시스템이 개판임(첫판유저랑 고인물유저랑 같이 매칭이되고 점수를 떨구기가 쉬워서 양학하기 쉬움) 2.핵 정말 많음(아시아 서버만 많은것같죠? 한국서버에도 정말 많습니다.) 3.온갖 버그가 난무함(벽에낌,줌풀림,화염병안꺼짐 등) 4.서버 상태가 정말 안좋음(트레이서,템안먹어짐,문안열림, 5.크래쉬가 정말 자주일어남(다른게임에서는 거의 볼까말까한 크래쉬로 게임팅기는게 하루에 최소 1번은 봄) 6.최적화가 부족함(예전의 1080급수준을 권장사양으로 만들어야할만큼은 아니지만 아직도 상당한 고사양을 요구하고 프레임 등락폭이 정말 큽니다)  현재(6월 24일) 제가 생각하는 배틀그라운드의 장점은  1.사운드가 퀄리티가 좋은편(완벽하진 않지만 총기사운드와 사운드의 방향 등 사운드 퀄리티가 좋은편입니다) 2.총기 밸런스가 좋음(이전에는 AR만능주의였지만 밸런스 패치 후 SMG,DMR이 떠오름으로 인해서 갖가지 무기를 전부 사용할 수 있음, 하지만 이제 샷건이 구리고 권총,근접무기는 안씁니다.)  정도인듯합니다.  대부분의 문제점은 핵,버그,레이팅시스템,서버,최적화 등 게임 외적인 부분이 정말 많습니다. 이 게임이 AI가 사람수준이라는 가정하에 온라인 게임이 아니라 싱글게임이었다면 저는 10점만점에 9점이상을 줄 수 있을만큼 잘만든 게임이라고 생각합니다. 하지만 이 게임이 온라인 게임이라는것을 잊지 않으셨으면 좋겠습니다."
2018-12-03,Not Recommended,"님들 얘네 잘하고 있는거 같죠? 한국겜 아니랄까봐, 스킨뽕에 맛들려서 스킨만 주구장창 내고있습니다.  주기적으로 내주던 워모드요? 니들 우리가 사용자 매치 만들어 줬잖아요? 그거 활용하세요 유저 : 아, ㅈ같지만 알겠어요 (겨우겨우 들어간다.) 유저 : 호스트가 왜 시작을 안하죠? PUBG : 아 그거야 호스트가 시작을 안했으니까요 유저 : 예? PUBG : 네. 유저 : 아니 그게 최선입니까? PUBG : 뭘더 바라시죠? (진짜몰라서그럼)  호스트가 무반응이면 자동강퇴라도 있던가 레디버튼 만들어서 올레디면 시작하게끔 하던가 어떻게 게임의 기본 기능을 쏙빼놓고 그걸 인지하지도 못하고 맨날 트위치들어가서 운영진은 쳐 구경이나 하고  사용자매치 초창기에 특정 유명인들만 할 수 있게끔 만들때부터 알아봤어요 뭐 중국인 인종차별하지말라고? 사돈남말하네 ㅂㅅㅅㄲㄷ  제정신 아니죠?  우리가 FIX BUG 하고있으니까 시간을 기다려달라 오구오구 잘한다 뭔가 점진적이네 ㅇㅇ.. 근데 사실상 그걸로 방어막 세우고 지들 돈뽑을 궁리하다 스킨 잘팔리니까 스킨만 주구장창 내고있죠? 글옵 스킨마냥 돈뽑아 먹으니까 좋아 죽을라카죠? 글옵은 그래도 갖출건 다 갖췄어요  근데 니들은?  그냥 어중간하게 한탕뽑으려 하지말고 이속신, 방탄업그레이드권, BP부스터권, 카카오택시권 으로 한탕뽑고  쳐 망했으면."
2020-01-03,Recommended,중국 프로(그램)들이 너무 판쳐요
2019-03-28,Not Recommended,Good Chinese Is Dead Chinese
2018-01-05,Recommended,쯔단 - 총알  우쯔단 - 5탄  치쯔단 - 7탄  지우쯔단 - 9탄  3레벨 가방 - 싼지 뻬이빠오  3레벨 조끼 - 싼지 뻬이씬  3레벨 헬멧 - 싼지 토우쿠이  2배 -얼빼  4배 - 쓰빼  8배-빠빼  15배-쉴우빼  구급상자 - 찌쮸썅  진통제- 즐텅야오  드링크-인랴오  붕대-펑따이
2018-07-23,Not Recommended,"게임이 얼리엑세스 였을때가 가장 재밌었던게임 점차 업뎃되면 업뎃될수록 밸런스 문제, 핵, 프로그램 에러(튕김현상) 잔 버그들이 점차 늘어나는 발전이 아닌 퇴보하고있는게임  제발 다른것들은 다 참아도 튕기는 것만 어떻게 해결해주면 안될까? 괜히 이벤트 패스같은 현질패키지 출시하지말고 이런 가장 기초적인 버그들만 수정해줘도 갓겜이 됐을듯한데 설마 1년안에 튕김 현상을 패치 안해주진 않겠지? 믿을게 제발해줘"
2018-01-24,Not Recommended,Region. Lock. China. ▒█▀▀█ ▒█▀▀▀ ▒█▀▀█ ▀█▀ ▒█▀▀▀█ ▒█▄░▒█ ▒█▄▄▀ ▒█▀▀▀ ▒█░▄▄ ▒█░ ▒█░░▒█ ▒█▒█▒█ ▒█░▒█ ▒█▄▄▄ ▒█▄▄█ ▄█▄ ▒█▄▄▄█ ▒█░░▀█  ▒█░░░ ▒█▀▀▀█ ▒█▀▀█ ▒█░▄▀ ▒█░░░ ▒█░░▒█ ▒█░░░ ▒█▀▄░ ▒█▄▄█ ▒█▄▄▄█ ▒█▄▄█ ▒█░▒█  ▒█▀▀█ ▒█░▒█ ▀█▀ ▒█▄░▒█ ░█▀▀█ ▒█░░░ ▒█▀▀█ ▒█░ ▒█▒█▒█ ▒█▄▄█ ▒█▄▄█ ▒█░▒█ ▄█▄ ▒█░░▀█ ▒█░▒█
2017-11-28,Recommended,농담안하고 꿈에서 배그를 했습니다
2020-02-09,Not Recommended,중국인들이 아이디를 해킹하여 무고한 플레이어들이 영구정지를 당하는건 어떻게 해야하나요
2020-01-03,Not Recommended,free hongkong  짱개돌았나 어떻게 네이버 메일하는 스팀보안코드까지 보내서 뚫냐  Free Tibet  중국 욕이나 쳐먹어라  多谢一直支持结束一党专政，多谢一直支持天安门母亲，多谢一直支持双普选，多谢一直声讨六四屠杀，你上次提供的关于新疆集中营的资料非常有价值，十分感谢！
2020-12-06,Not Recommended,"핵투성이에 중국에게 점령당한 겜 이게임을 옹호한다면 당신의 대가리는 뇌수가 흐르고 있다.  ♥♥♥♥♥♥♥ chinese에 의해 내 아이디가 정지를 당했지만 이 설사가 된 게임을 평가할 수 있었으니 만족한다.  다필요없고, 한마디만 하겠다.  우한폐렴 근원지 중국 Die"
2019-06-28,Recommended,중국 아이피 벤좀해라 진짜 뭔 판마다 핵이있어 신고해도 정지까지 오래걸리고있고
2020-06-30,Recommended,핵좀 막아라
2020-07-17,Recommended,얼리억세스때의 그 긴장감 어디갔노
2017-09-08,Recommended,괜찮은 게임인대 정식발매때 `한국` 당하지 않기를 빈다.
2017-08-25,Recommended,강한 자가 살아남는 것이 아니라 살아남는 자가 강한 것이다.
2017-12-24,Not Recommended,업데이트 tl발 앵간히해라 블핑 w도 필요없으니깐 이상한 스킨 작작추가하고 그냥 원래대로 해라
2017-04-14,Recommended,h1z1 버릇처럼 차 타다가 내렸더니 내차에 치여 죽었다. 갓겜 ㅇㅈ
2017-03-27,Recommended,"H1Z1: King of the Kill의 저렴함과는 비교할 수 없는 진정한 배틀로얄  아르마 시절 배틀로얄 모드부터 H1Z1까지 쭉 해봐왔던 유저입니다. 배틀로얄의 전문가, 혹은 프로라고는 할 수 없지만게임이 어느 방향을 지향하고 지속적으로 개발하는지는 파악할 수 있는 눈은 갖게되었는데요.  현재 (특히 국내에서) 많이 비교되고 있는 게임은 단연 H1Z1입니다. 같은 디렉터 밑에서 나온 작품이니, 어찌보면 당연한 일이라고도 할 수 있겠네요. 하지만 H1Z1에서 PLAYERUNKNOWN이 주 디렉터가 아닌 조언정도만 첨언해주는 역할을 해왔다면 BATTLEGROUNDS에서는 책임 디렉터로서 개발을 주도하고 있다는 점이 큰 차이라고 할 수 있겠습니다.  간단하게 H1Z1과 비교하자면 어떤점이 도드라지는지 아래에서 서술해드리겠습니다.    가장 큰 차이점은 조작과 사격의 그 무게감입니다. h1z1은 굉장히 가벼운 조작을 지향합니다. 조준과 사격도 그렇게 난이도있는 편이라고는 말할 수 없으며,전체적인 게임의 조작감은 캐쥬얼하다고 말할 수 있겠는데요.(애초에 게임의 뿌리가 DayZ의 가벼운 버전이었으니)  BATTLEGROUNDS는 그와 다르게 조작과 사격이 나름 무거운 편입니다. ARMA의 그것까지는 아니지만, h1z1과 같은 조작과 사격을 생각하고 게임을 시작하신다면 적응기간이 조금 필요할지도 모르는 부분입니다. 하지만 이러한 조작의 무게감은 게임에 해가 되기는커녕 배틀로얄 장르의 핵심 포인트인 긴장감과 교전의 짜릿함을 배가시켜주는 역할을 충실히 수행합니다. 총기 격발음은 인상적이며, 타격감도 준수한 수준입니다. 또한 낙차까지 존재하여 스나이핑 혹은 중장거리 교전을 할 시에는 꽤나 신중한 조준을 요하기도 합니다.  무기의 종류 또한 h1z1이 출시된지 상당시간이 지났음에도 굉장히 적은 수를 유지하고 있는 반면, BATTLEGROUNDS에서는 아무거나 골라집는 것이 아닌, 경기를 진행하며 자신의 손에 맞는 총기를 찾는 재미가 있을만큼 무기의 종류가 인정해줄 수 있는 수준으로 존재합니다. 이제 막 얼리엑세스를 시작한 점으로 미루어봤을때 이는 긍정적인 청신호로 볼 수 있습니다.  무기 부착물도 소수의 바리에이션이 존재하여 자신의 플레이 스타일에 맞는 무기 세팅을 맞춰나갈수 있게 되어 있습니다.  정리하자면, 스킨 팔아먹기에 급급한, 어느샌가 게임성의 개선과는 결별한 h1z1과는 다르게 배틀로얄 장르의 아버지가 직접 책임지고 제작하고 있는 게임이니만큼, 그 기본기는 h1z1보다도 더욱 출중하며 견고합니다. 그 내적인 요소들을 보더라도 어느하나 밀리는 것이 없는 것으로 충분히 판단할 수 있습니다. (아! 물론 h1z1보다 팬티 색깔은 좀 적을 수 있겠네요. :) )  2018년 5월에 진행된 무기, 부착물 밸런스 및 추가 패치에 대한 정보를 취합하여 추가적으로 적자면 이전에 비해서 AR 운용의 난이도가 꽤 높아졌습니다. 동시에 부착물 등이 꽤나 추가되어서 자신의 무기 운용법에 따른 선택의 폭이 넓어졌다고 할 수 있겠습니다. 이번에 진행된 패치로 인해 H1Z1에 비해 그 난이도가 더욱 상승했지만, 더이상 하이즈는 PUBG의 경쟁 상대가 될 수 없는 것으로 보이기 때문에 추후의 추가 정보에서는 하이즈에 대한 언급은 넣지 않도록 하겠습니다.    +유저의견 추가 (overclasskr님) 전 둘다 재밌게 하는 게임들입니다. H1Z1의 샷이 절대 난이도가 쉬운편이라는 말에 공감할수없네요. H1Z1는 가볍고 캐쥬얼하고 배그는 무거운 느낌의 사격방법인건 맞다고 생각합니다. 그치만 H1Z1만의 고유의 스타일이 있는데 난이도가 쉽다니.에임능력 탄속 낙차 예측샷 이 모든걸 갖추고 노력해야 고수의 반열에 오를수있는건데..      현재 얼리엑세스이기에 부족한 몇몇부분이 보입니다. 주요한(Major) 문제점이라고 말 할 수는 없겠지만, 발생하고 있는 문제점은 다음과 같습니다.   1. 그래픽이 아주 뛰어난 것이 아님에도 GPU 로드율이 높게 나타납니다. 즉, 최적화가 더 필요합니다. : 최적화가 엉망은 아니지만, 납득할 수 있는 수준은 아닙니다. 몇몇 대도시에서 플레이할 경우 프레임이 저하되는 현상이 있으며, 그래픽 대비 퍼포먼스가 아직은 약간 아쉬운 수준이나, 첫번째 개발자 다이어리에서 이에대한 구체적인 해법을 제시하고 패치를 예고했음으로 이 부분은 개선을 기대할 수 있겠습니다.  +++++ 2018년 정식 출시 이후의 최적화 업데이트+++++++++++++++++++++++++++++++++  정식출시 이후 납득할만한 수준으로 최적화가 진행되었습니다. 웰만한 고물컴으로도 최저옵 주고 무리없이 돌릴 수 있게 되었네요. 얼리엑세스때의 발적화에 비하면 장족의 발전입니다. VGA는 1060급, CPU는 당연히 I5 이후의 CPU라면 당연히 플레이 가능합니다.      2. 서버 최적화의 필요성 :'아 서버 렉때매 겜안됨 ㅅㄱ'라는 무지한 평이 몇몇 보이지만, 이는 사실이 아닙니다. 게임 초기 입장시 96명이 연결되는 과정에서 서버랙 발생하는 것이 사실이나, 이는 경기 준비시간, 혹은 지상에 떨어지고 난 뒤 수초 이내로 해결됩니다. 다만, 아주 간헐적으로 벌어지는 핑 튀김 현상은 개선이 필요해보입니다. 국내 개발사인 블루홀이 제작을 담당하는 것치고 아시아 지역 핑이 다소 높게나타나는 부분은 조금 아쉽다고 할 수 있겠습니다. (그러나 플레이하는데 지장이 없습니다.)   3. 사소한 버그들이 존재 : 게임의 진행을 가로막는 치명적인 버그는 존재하지 않습니다. 알파 버전임이 믿기지 않을 정도로 게임은 안정적이지만, 몇몇 사소한 버그가 눈에 띕니다. 대표적으로  1) 피격당하지 않고 체력도 깎이지 않는데 플레이어가 맞는 소리를 내며 플레이어를 깜놀 시키는 버그가 존재 2) 라운드가 끝나고 다시 메인 메뉴로 돌아가야 하는데 UI가 뜨지 않는 버그가 존재 (게임 껐다 켜야함)  와 같습니다. 개선이 필요합니다.     PLAYERUNKNOWN's BATTLEGROUNDS는 자신의 별명을 붙여서 게임을 발매할 수 있을 만큼의 충분한 기본기를 갖춘 게임입니다. 얼리엑세스를 위해서 그동안 많은 준비를 했다는 느낌이 게임 내적 사소한 부분에서 드러납니다.  배틀로얄 장르 그 스스로의 긴장감과 재미는 견고하며, 이를 더욱 무겁고 준-Hardcore한 요소들을 적절히 섞어내면서 게임의 퀄리티를 한 층 더 올려놓았다고 평할 수 있겠습니다.  h1z1을 재밌게 즐기셨던 유저분들이라면 충분히 구매해서 즐길만한 게임이며, 개인적인 사견으로는 훨~씬 더 재밌게 즐기실 수 있을거라 말씀드릴 수 있겠습니다. 게임의 그래픽적 최적화, 서버 최적화 부분이 약간 더 다듬어진다면 이 게임은 H1Z1이 독주하고 있는 배틀로얄의 왕좌를 그 견고함을 바탕으로 순식간에 끌어내릴 수 있을 것입니다.  이에 대한 투자로서 얼리엑세스를 구매하시는 것도 후회되지 않는 선택이라고 보여집니다.   오타 지적 환영합니다. 그럼 이만 프라이팬으로 애들 뚜들기러 떠나겠습니다.     ++++++++++++++++++++++++++사족 추가+++++++++++++++++++++++  많은 분들이 제 간단한 평가가 도움이 되셨다고 평가해주셔서 감사할 따름입니다. 친추도 보내주시고.. 저도 얻은게 많네요.  다만, 저와는 하등 상관 없는 게임에 관한 불평을 이곳에 적으시는 분이 몇몇 있으신데 정말 세상에 불만이 많으신건지, 불만은 많은데 딱히 그런 사소한 것조차 털어 놓을 친구가 없는 혼모노 찌그레기들인지 알 도리가 없습니다.  게임에서 바로 닦이고 여기서 불평하시는 일은 없으셨으면 좋겠습니다. 좀 더 미온적으로 앞서 서술해두었는데 몇몇 어그로꾼들이 자꾸 몰려들어서 씁쓸한 마음으로 더 강력하게 첨언합니다."
2019-07-17,Not Recommended,1800시간 가까이 플레잏란 유저로써 이 글을 적습니다. 베타 버전 나왔을 때부터 오버워치를 접고 플레이를 했었습니다. 배틀 그라운드라는 게임은 제 지금까지 인생 중 최고의 게임이라고 생각했었죠.. 하지만 베타 중간에 중국인들의 핵이 유입되면서 게임이 점차 하기 싫어지더군요. 물론 한국인은 물론 다른 나라사람도 포함이겠지만 제가 본 핵을 쓰는 유저는 99% 이상 중국인 특유의 닉네임이였고 데스캠을 보았을 때 보이지도 않는 거리에서 총을 쏴서 맞춘다던가 차를 하늘에 띄워서 부딪쳐 죽인다던가... 참 다양하고 색다른 핵들이 많았습니다. 그렇게 베타가 끝나고 정식 서버가 오픈했으나 이 게임은 이미 많은 유저들을 떠나보냈죠. 돈 물론 좋습니다. 회사가 이윤을 추구하는건 틀리지 않았죠. 하지만 핵이 존재하고 사람들의 마음에서 떠난 게임은 얼마가지 못한다는걸 명심했으면 좋겠습니다. 감사합니다.
2019-01-14,Not Recommended,"최적화,핵,열쇠상자,dlc,짱깨 기타 등등 떄문에 안함 얼리액세스 때는 그래도 고치겠지 하며 했지만 달라진점이 없다 유저들이 왜 떠나는지 알거같음"
2020-03-15,Not Recommended,"꾸준히 조금씩 해 온 유저로서 당부말씀 드립니다. 전 세계적으로 게임유저들 뿐만이 아니라, 그래픽카드와 컴퓨터 시장경제에 엄청난 파장을 이뤄 온 게임인 만큼, 그만한 책임과 운영을 위한 꾸준한 노력이 필요하다고 생각 됩니다. 다양한 패치로 유저들을 사로잡는것도 중요하지만, 최적화와 핵을 쉬쉬하는 운영법은 절대 옳은 방향이 아니라고 생각합니다. BJ들도 핵을 사용하는 악성 유저들로 인해 마음을 많이 돌리고 있는데, 다른 FPS게임이 더 나온다면 배틀그라운드의 입지는 더욱 낮아 질 것입니다. 부디 하루빨리 이런부분에 많은 투자를 하여 게임을 올바른 방향으로 이끌어 갔으면 합니다."
2018-04-20,Recommended,Region. Lock. China. ▒█▀▀█ ▒█▀▀▀ ▒█▀▀█ ▀█▀ ▒█▀▀▀█ ▒█▄░▒█ ▒█▄▄▀ ▒█▀▀▀ ▒█░▄▄ ▒█░ ▒█░░▒█ ▒█▒█▒█ ▒█░▒█ ▒█▄▄▄ ▒█▄▄█ ▄█▄ ▒█▄▄▄█ ▒█░░▀█  ▒█░░░ ▒█▀▀▀█ ▒█▀▀█ ▒█░▄▀ ▒█░░░ ▒█░░▒█ ▒█░░░ ▒█▀▄░ ▒█▄▄█ ▒█▄▄▄█ ▒█▄▄█ ▒█░▒█  ▒█▀▀█ ▒█░▒█ ▀█▀ ▒█▄░▒█ ░█▀▀█ ▒█░░░ ▒█▀▀█ ▒█░ ▒█▒█▒█ ▒█▄▄█ ▒█▄▄█ ▒█░▒█ ▄█▄ ▒█░░▀█ ▒█░▒█
2019-02-19,Recommended,"너무나도 재미있는데, 근데 핵이 많아서 좀 불편합니다"
2020-08-13,Not Recommended,핵이 너무 많습니다
2020-01-14,Recommended,핵좀 잡아라~~~~~~!!!!!!!
2020-01-09,Not Recommended,핵
2020-02-16,Recommended,핵좀잡아주면딱좋은게임
2019-05-02,Recommended,2년전으로 롤백좀 ㅎㅎ;
2019-01-07,Recommended,분위기 개좋을때 멈춰버리는 갓겜^^
2018-01-19,Recommended,핵이 늘어간다 쭉쭉쭉쭉! 점점늘어 간다 쭉쭉쭉! 언제까지 핵 안잡고 방관할거야 내 전적을 봐 개판이잖아~  핵이 늘어간다 쭉쭉쭉쭉! 점점늘어 간다 쭉쭉쭉! 언제까지 핵 안잡고 방관할거야 내 전적을 봐 개판이잖아~  핵이 늘어간다 쭉쭉쭉쭉! 점점늘어 간다 쭉쭉쭉! 언제까지 핵 안잡고 방관할거야 내 전적을 봐 개판이잖아~  핵이 늘어간다 쭉쭉쭉쭉! 점점늘어 간다 쭉쭉쭉! 언제까지 핵 안잡고 방관할거야 내 전적을 봐 개판이잖아~  핵이 늘어간다 쭉쭉쭉쭉! 점점늘어 간다 쭉쭉쭉! 언제까지 핵 안잡고 방관할거야 내 전적을 봐 개판이잖아~  핵이 늘어간다 쭉쭉쭉쭉! 점점늘어 간다 쭉쭉쭉! 언제까지 핵 안잡고 방관할거야 내 전적을 봐 개판이잖아~  핵이 늘어간다 쭉쭉쭉쭉! 점점늘어 간다 쭉쭉쭉! 언제까지 핵 안잡고 방관할거야 내 전적을 봐 개판이잖아~  핵이 늘어간다 쭉쭉쭉쭉! 점점늘어 간다 쭉쭉쭉! 언제까지 핵 안잡고 방관할거야 내 전적을 봐 개판이잖아~  핵이 늘어간다 쭉쭉쭉쭉! 점점늘어 간다 쭉쭉쭉! 언제까지 핵 안잡고 방관할거야 내 전적을 봐 개판이잖아~
2018-03-18,Not Recommended,▒█▀▀█ ▒█▀▀▀ ▒█▀▀█ ▀█▀ ▒█▀▀▀█ ▒█▄░▒█ ▒█▄▄▀ ▒█▀▀▀ ▒█░▄▄ ▒█░ ▒█░░▒█ ▒█▒█▒█ ▒█░▒█ ▒█▄▄▄ ▒█▄▄█ ▄█▄ ▒█▄▄▄█ ▒█░░▀█  ▒█░░░ ▒█▀▀▀█ ▒█▀▀█ ▒█░▄▀ ▒█░░░ ▒█░░▒█ ▒█░░░ ▒█▀▄░ ▒█▄▄█ ▒█▄▄▄█ ▒█▄▄█ ▒█░▒█  ▒█▀▀█ ▒█░▒█ ▀█▀ ▒█▄░▒█ ░█▀▀█ ▒█░░░ ▒█▀▀█ ▒█░ ▒█▒█▒█ ▒█▄▄█ ▒█▄▄█ ▒█░▒█ ▄█▄ ▒█░░▀█ ▒█░▒█  중꿔 잠궈
2020-04-22,Not Recommended,홍콩 독립을 지지합니다 ^^ 빨리 시진핑이 짱깨들 따로 격리 해줬으면 (Free hong kong ^^ We want Xi jin ping to quickly isolate the ♥♥♥♥♥♥♥ chinese user.)
2017-09-12,Recommended,심장에 안좋은 공포게임입니다
2020-11-21,Recommended,핵만 없으면 갓겜
2019-06-28,Not Recommended,Hacker = Made in China
2018-12-27,Recommended,사실 친구들과 즐기기에는 충분히 재미있는 게임. 그러나 핵과 중국인이 게임을 망쳐 놓음.
2018-10-03,Not Recommended,배그 진짜 개 망겜 아니 중국인들이랑 왜 해야함? 나라 서번는 우리가 정해서해야지 배치도 작작하삼 그러니까 사람들이 배그를 안하지
2020-10-22,Not Recommended,"재밌 ""었"" 던 게임"
2018-11-23,Not Recommended,정말 좋아했던 게임이었지만 이젠 손이 안 가는 게임이다..
2020-10-01,Recommended,얼리액세스때가 배경음악도 좋고 가장 재밌었던거같다 저때는 짤파밍 돌다가 갑자기 죽어도 재밌었는데 요즘은 10분~15분 열심히 파밍하다가 갑자기 픽 죽으면 준내 하기싫어진다
2020-06-20,Recommended,경쟁전 솔로모드 만들어줘요
2020-05-13,Recommended,배린이는 공포겜ㅠㅠ
2019-01-30,Recommended,업뎃할수록 망해가는 신기하고 신기한 갓겜
2019-11-22,Not Recommended,핵쟁이나 쳐 잡으세요^^
2018-12-20,Recommended,오랜만에 들어갔는데 핵 많고 고인물은 넘쳐나서 하기 힘들었다. 그들만의 리그가 되어버림 시간이 좀더 걸려도 상관없으니 mmr 비슷한 수준끼리 매칭됬으면 좋겠다
2019-05-14,Not Recommended,핵존나 많아서 못해먹것다
2019-12-17,Recommended,핵 문제가 너무 심각함
2017-12-06,Recommended,최적화 시켜라 동강내기전에
2020-02-18,Not Recommended,"핵쟁이가 너무 많아 스트레스받고, 초보자에게 진입장벽이 있음."
2017-03-24,Recommended,"게임 특성상 H1Z1이랑 비교가 많이 되고 심지어 이 게임이 H1Z1 배꼈다고까지 하는 무지한 사람을 봤는데 그냥 지나칠 수 없어서 처음으로 스팀 평가 작성해봅니다.  개발사 직원의 말에 의하면 배틀그라운드를 제작한 국내게임사 '블루홀 스튜디오'의 크리에이티브 디렉터인 '브랜드그린' 은 배틀로얄 모드의 창시자로, 아르마 2에서 배틀로얄 모드를 처음 만들었습니다. 초창기 H1Z1 은 서바이벌 모드만 있었는데, 아르마 배틀로얄이 인기있는 것을 보고 브랜든그린과 라이센스 계약을 체결하여 지금의 H1Z1 'KING OF THE KIIL' 이라는 타이틀이 탄생한 것 입니다. 초기 H1Z1 KING OF THE KIIL에는 블루홀 크리에이티브 디렉터의 예명인 ""PLAYERUNKNOWN""이 적혀 있기도 했습니다. 참고로 이 게임 풀네임이 PLAYERUNKNOWN'S BATTLEGROUNDS 죠. ""톰클랜시""의 디비전 , ""톰클랜시""의 레인보우식스 타이틀에 붙는 ""톰클랜시"" 같은 거라 생각하시면 될듯.  즉, 이 게임은 H1Z1 의 상위호환 게임으로써 FPS와 비교하자면 서든어택같은 캐쥬얼한 배틀로얄을 그대로 즐기고 싶으신분은 계속 H1Z1을 하면 되는 것이고 배틀필드나 아르마 같은 리얼리티하고 묵직한 느낌의 배틀로얄 모드를 체험하고 싶다면 당장 이 게임을 지르시면 됩니다. 더불어 이 게임은 배틀로얄 모드의 창시자가 제작한 게임이기 때문에 라이센스같은 것에 구애없이 업데이트가 가능하기에 계약을 체결해서 제작한 H1Z1보다 무한한 발전 가능성이 있는 게임입니다.  개임 내적인 면을 평가하자면 H1Z1보다 비약적인 그래픽 발전이 가장먼저 눈에 띄며 지형에 따른 발자국 소리 차이, 실내에서의 울림, 총알이 스쳐가는 소리, 총알이 도탄되는 소리, 총기의 종류마다 총성이 다른점, 장전할 때 탄피 떨어지는 소리 (이 부분에서 감탄함), 탈 것의 리얼한 엔진음 등등 특히 사운드에 신경을 많이쓴게 보입니다. 헤드셋이나 이어폰을 끼고 이 게임을 즐긴다면 재미는 배가 될 것입니다.  하지만 그렇다고 마냥 장점만 있는 무결점 게임은 아닙니다. 얼리엑세스긴 하지만 최적화가 아직 부실한 점(GTX1070 으로도 60프레임 보장이 안됩니다. 프레임이 불안정해요.)은 특히 이 게임이 가장 먼저 해결해야할 이슈 중 하나입니다.  대신 디렉터가 최적화문제만큼은 가장 우선적으로 신경써서 해결할 것이라고 장담했고 또 1달간 있었던 클로즈베타 테스트 때 테스트 주차가 거듭될수록 최적화가 점점 되어가는 모습을 보여줬으니 당분간은 믿고 지켜봐도 될 듯 합니다."
2018-10-24,Recommended,핵만 없으면..
2020-07-01,Recommended,핵만 없으면 돼
2020-06-06,Recommended,2016년에는 ㄹㅇ 재밋엇는데
2018-07-12,Recommended,Region. Lock. China. ▒█▀▀█ ▒█▀▀▀ ▒█▀▀█ ▀█▀ ▒█▀▀▀█ ▒█▄░▒█ ▒█▄▄▀ ▒█▀▀▀ ▒█░▄▄ ▒█░ ▒█░░▒█ ▒█▒█▒█ ▒█░▒█ ▒█▄▄▄ ▒█▄▄█ ▄█▄ ▒█▄▄▄█ ▒█░░▀█  ▒█░░░ ▒█▀▀▀█ ▒█▀▀█ ▒█░▄▀ ▒█░░░ ▒█░░▒█ ▒█░░░ ▒█▀▄░ ▒█▄▄█ ▒█▄▄▄█ ▒█▄▄█ ▒█░▒█  ▒█▀▀█ ▒█░▒█ ▀█▀ ▒█▄░▒█ ░█▀▀█ ▒█░░░ ▒█▀▀█ ▒█░ ▒█▒█▒█ ▒█▄▄█ ▒█▄▄█ ▒█░▒█ ▄█▄ ▒█░░▀█ ▒█░▒█
2018-01-26,Recommended,이제 갓겜됨      아무튼 본론은    ▒█▀▀█ ▒█▀▀▀ ▒█▀▀█ ▀█▀ ▒█▀▀▀█ ▒█▄░▒█ ▒█▄▄▀ ▒█▀▀▀ ▒█░▄▄ ▒█░ ▒█░░▒█ ▒█▒█▒█ ▒█░▒█ ▒█▄▄▄ ▒█▄▄█ ▄█▄ ▒█▄▄▄█ ▒█░░▀█  ▒█░░░ ▒█▀▀▀█ ▒█▀▀█ ▒█░▄▀ ▒█░░░ ▒█░░▒█ ▒█░░░ ▒█▀▄░ ▒█▄▄█ ▒█▄▄▄█ ▒█▄▄█ ▒█░▒█  ▒█▀▀█ ▒█░▒█ ▀█▀ ▒█▄░▒█ ░█▀▀█ ▒█░░░ ▒█▀▀█ ▒█░ ▒█▒█▒█ ▒█▄▄█ ▒█▄▄█ ▒█░▒█ ▄█▄ ▒█░░▀█ ▒█░▒█
2019-02-09,Not Recommended,Region. Lock. China. ▒█▀▀█ ▒█▀▀▀ ▒█▀▀█ ▀█▀ ▒█▀▀▀█ ▒█▄░▒█ ▒█▄▄▀ ▒█▀▀▀ ▒█░▄▄ ▒█░ ▒█░░▒█ ▒█▒█▒█ ▒█░▒█ ▒█▄▄▄ ▒█▄▄█ ▄█▄ ▒█▄▄▄█ ▒█░░▀█  ▒█░░░ ▒█▀▀▀█ ▒█▀▀█ ▒█░▄▀ ▒█░░░ ▒█░░▒█ ▒█░░░ ▒█▀▄░ ▒█▄▄█ ▒█▄▄▄█ ▒█▄▄█ ▒█░▒█  ▒█▀▀█ ▒█░▒█ ▀█▀ ▒█▄░▒█ ░█▀▀█ ▒█░░░ ▒█▀▀█ ▒█░ ▒█▒█▒█ ▒█▄▄█ ▒█▄▄█ ▒█░▒█ ▄█▄ ▒█░░▀█ ▒█░▒█
2020-08-25,Not Recommended,아니 진짜 중국배그 국가좀 막아주세요 진짜 역겨워요 배그를 즐겁게하고 돈도꼴아박으면서했는데 중국인들의 해킹하나로 끝난다? 진짜 벤 너무실망이네요. 벤을 풀어주세요 제발
2019-05-11,Recommended,혼자하면 공포게임 같이하면 개그물
2019-08-30,Not Recommended,핵쟁이아직도있냐?
2020-03-29,Not Recommended,짱깨 해킹과 핵 사용으로 인한 죄없는 유저의 아이디 영구 제한 조치가 빈번한 게임 + 날아간 1000시간
2018-12-13,Not Recommended,적어도 최적화는 좀 해주시면 좋을텐데
2019-02-26,Not Recommended,핵보다 더 싫은건 중국인이다 노구{ㅆㅇㅈ}
2018-09-25,Not Recommended,이게임 1400시간했습니다. 그냥 하지마세요
2018-08-19,Not Recommended,"얼리부터 했던 사람으로써 1000시간 좀 넘게 했음. 정말 재밌는게임이고 잘만들었으나 잔버그와 오류, 렉, 서버관리.. 특히나 핵쟁이들때문에 욕이절로 나오는 상황이 많이발생함. 그러나 패치를 할때마다 용량은 드럽게 늘어나고 패치할때마다 이상한 버그가 생기면서 잔버그가생김. 그리고 32000원이나 하면서 정작 튜토리얼같은 메뉴는없고 그냥 바로 실전이라 배그를 산 갓뉴비들은 진입장벽을 느끼게되며 뭘해야되고 어디로 가야되는지도 모르며 고인물들한테 좋은 먹잇감이 되는거뿐.. 진짜 배틀그라운드를 사고싶고 오래 할 생각이면 사는걸 말리진않겠지만 잔버그와 오류 서버터짐, 핵쟁이들한테 당해가면서 하기 싫은사람들은 조용히 취소버튼 누르면된다. 1000시간넘게 하면서 절대 다른사람한테 추천해준적이없고 게임하면서 욕이란건 거의 한적이없는 나지만 배그하면서 욕이늘었음.. 아무튼 그냥 사람들 다떠나고 고인물들만 남은 이겜은 얼마나갈지가 궁금하다"
2018-01-10,Recommended,핵만 없으면 참 좋은 게임
2018-11-19,Not Recommended,ㅈ까라 그래 씨이이발 핵 안잡고 서버 통합시키고 렉 여전하고 ㅋㅋㅋㅋㅋ 진짜 배그할때마다 느끼는건데 얼리엑세스때가 좋았음
2018-02-01,Recommended,1080ti 달고 로우보다 울트라가 프레임 더 잘나오는 마법의 게임
2018-05-13,Not Recommended,카스정도의 최적화는 아니더라도 어느정도 최적화는 해줘야지 이게 뭠니까
2017-12-20,Not Recommended,여전히 최적화는 뭔가 2%부족한 매우 찝찝한 느낌이다 또한 핵은 잡기는하지만 내가 기업입장이여도 핵이 팔리도록 놔뒀다가 사용자가 늘어나면 잡아서 다시 게임을 구매하도록 유도해서 돈을 벌것같은데 지금 배그가 딱 그꼴이라는 느낌이든다 서버관리역시 핑300짜리 호주서버에서는 문도 부드럽고 움직임도부드럽고 아이템도 잘먹어진다 핑 40~100짜리 아시아 서버는 온갖렉과 딜레이 서버 되감기 현상이 나타나는데 핑이300인 호주서버보다도 자주 끊기고 되감기현상이 일어나는게 말이나 되나? 한본섭역시 마찬가지다 심지어 한본섭은 의도적으로 프레임드랍을 일으켰던 흔적역시 있다 카카오서버랑 매칭잡힌것부터 유저를 기만했다고 볼수있다 서버오류라면 어째서 한본섭에서만 그런일이 일어나는건지 말해주었으면한다 물론 나는 잘된다 너만그런다 그런사람도있지만 대부분 갓겜갓겜거리고 남의 의견은 무시하는 사람들이니 나역시 무시하도록 하겠다  현재 테섭까지 해본결과 그래픽은 부드럽고 밝아진듯하면서 찱흑같은 느낌과 일본 특유의 그래픽처럼 모든게 따로따로 논다는 느낌이 강하다 그리고 먼거리 교전에서 더욱더 구려진 텍스쳐와 렌더링을 보여주는데 발전없는 게임이 과연 한국산이라는 이유 하나만으로 갓겜이라고 불려도 되는가 싶다  구매를 하려거든 정발이후 테섭이 공섭에 적용된 이후 기존의 중저 이하 옵션유저들의 의견을 들어보고 구매바란다 물론 당신의 그래픽카드와 씨피유가 2~3백이상이라면 신경쓰지않고 구매해도 된다
2017-11-25,Recommended,'달달한' 스튜어디스 대신에 '걸걸한' 아조씨들이 기내방송해주는 욕설과 정신병자가 수두룩한 고향길같이 편안한 비행기 여행
2018-11-18,Not Recommended,갓겜 레식으로 오세요
2017-07-14,Recommended,대체 어디서 쏜거야 씨ㅂ..
2018-05-18,Not Recommended,I will find a game more interesting than this even if I can find it in the trash can. The company is making the best waste it can't even handle over and over again  패치와 패치를 거듭할수록 병신같아지는 게임 1000시간을 해왔지만 이젠더이상 정내미가 떨어져서 하기싫은게임 대회개최로 김칫국 처 마시면서 급급히 정식출시시키고 부랴부랴 밸런스패치니 뭐니 건들수록 버그가 넘쳐나며 피드백은 듣지도 않는 더러운게임
2018-03-08,Recommended,핵좀잡고 중국좀 한국서버에 못오게 해주시고
2020-02-03,Not Recommended,핵쟁이와 버그의 콜라보 ㅗㅗ
2017-10-24,Not Recommended,핵만잡자
2020-03-07,Recommended,혜성처럼 등장해 별처럼 져가는 게임
2017-12-22,Not Recommended,계속 이런식으로 하면 배그도 오래 못간다 정식 오픈했지만 서버는 개판이고 핵쟁이는 잡을 생각이 있는건지 없는건지도 모르겠다
2017-11-24,Recommended,솔큐할때는 공포겜 아시는분들과 함께 보이스 하시면서 스쿼드로하심 정말 꿀잼입니다 가끔 서버가 터지면 분명 여캐였던 저의 캐릭터가 남캐로 바뀌는 신기한 경험을 할때도 있습니다만 뭐 그래도 나름 재밌는 경험이였구요 게임내에 채팅이없어서 부모님 안부묻거나 정치질같은것도 안볼수있어서 참좋네요(보이스톡은 팀원만 들으시는걸 추천합니다) 앞으로 나올 여러가지 맵들과 총기 그리고 탈것들도 기대가 되네요 다만 최근 핵들이 많이늘어서 이게 참 슬프네요 그리고 최적화도 얼른 해주시면 좋을거같네요 이런것만 뺀다면 충분히 돈값하는거같습니다 . . . 포카카오는 극혐
2020-08-11,Not Recommended,아니 내가 배그 사고 한시간 하고 그 뒤로 킨적이 없는데 갑자기 내가 정지가 걸렸다고 하는데 풀릴때까지 기다렸더니 또 정지를 먹었음 근데 갑자기 친구들이 하자고 해서 언제 풀리는지 확인하는데 영정이랜다;; 이게 뭔 소리야 환불하려고 사정 적어서 해도 2시간 이상 플레이 하면 환불할수 없다는 매크로 답변이나 듣고 싶은줄 아나 난 32000원 써서 게임을 구매했다가 아무것도 하지 않았는데 스팀이 보안을 못한걸 왜 내가 피해를 봐야해 이게 내가 잘못한거냐?? 난 누구한테 계정을 빌려주긴 커녕 빌려줄만한 사람도 없는데 환불이라도 해주던가 짜증나 죽겠네
2017-03-30,Recommended,"[얼리억세스 평가는 정식 버전 변경 후 달라질 수 있습니다]  배틀로얄, 그 속으로  리뷰에 앞서, 리뷰 작성자 본인은 ArmA의 배틀로얄 MOD나 H1Z1:King of the Kill을 해 보지 않았으며, 이에 따라 비교식 리뷰는 어렵다는 점을 밝힙니다.  배틀로얄을 만나다  PLAYERUNKNOWN'S BATTLEGROUNDS(이하 PUBG)는 블루홀에서 PLAYERUNKNOWN이라는 배틀로얄 모드의 창시자와 협업해서 만든 배틀로얄류 게임입니다. 이미 원류라 할 수 있는 배틀로얄 원작과, 배틀로얄에서 영감을 받은 수 많은 미디어 파생작들로 인하여 배틀로얄이라는 소재 자체는 생각보다 익숙한 편이지만, 막상 그럴듯한 배틀로얄류 게임은 접하기가 쉽지 않았습니다. 그리고 마침내, PUBG라는 해답이 나왔습니다.    PUBG의 룰 자체는 굉장히 단순합니다. 100명의 플레이어들이, 각자 원하는 위치에서 고공낙하한뒤, 무기 및 생존에 도움되는 장비들을 줍고, 최후의 생존자가 되는 것입니다. 이 과정에서는 어떤 행동을 해도 자유입니다. 시작부터 화끈하게 화력으로 압도해도 좋고, 장비를 빵빵하게 파밍하고 자리를 잡아 후반에 유리하게 해도 좋습니다. 심지어는 총 한방 쏘지 않은 채 얍삽하게 도망만 다니셔도 좋습니다. 비겁하다고 누군가 욕하지도 않습니다. 어처피 먼저 죽은 패배자들은 이미 다른 생존을 위한 큐를 잡고 있을테니까요.    PUBG는 이 한 편의 단편영화를 드라마틱하게 전개시키기 위한 장치를 빼먹지 않았습니다. 원작 배틀로얄처럼요. 우선 스타팅이 비행기를 타고 낙하하는 방식이기에, 시작부터 전략적인 움직임을 요합니다. 물자가 풍부한 도시의 낙하는, 생각을 두번정도 더 하셔야 할겁니다.다른 사람들도 같은 생각인지라 주변에 떠 있는 수 많은 낙하산들을 보시게 될 겁니다.  과도한 아이템 파밍을 막기 위한 구역 제한 시스템도 역시 존재하는대, 자기장같은 전자파가 서서히 다가오는걸로 처리했습니다. 원작과 달리 한 방에 사망하는것은 아니지만, 오히려 이 점이 더욱 긴장감을 살려줍니다. 이 구역제한 외에도 랜덤으로 폭격이 떨어지는 금지구역도 또 다른 긴장감을 살려줍니다.  또한 탄도한적 요소와 과도한 파밍을 막기 위한 장비제한, 무기 개조 시스템, 탈것의 존재, 전략적으로 잘 디자인된 맵과 구역제한시스템의 시간, 히든카드 항공보급 등, 게임 자체가 너무 루즈해지거나 너무 과도해지지 않게 적절하게 잘 밸런싱된 시스템이 게임의 재미를 살려줍니다. 또한 혼자 하는것 외에 듀오(2인), 스쿼드(4인)플레이 모드는 혼자 하는 솔로 모드와는 색다른, 마치 서바이벌 게임을 하는 듯한 재미를 줍니다. 마이크를 꼭 장착하세요!    하지만 아직은 넘어야 할 벽이 있습니다. 우선 얼리억세스라는것을 감안해도 플레이하는대 불쾌감이 올 정도인 서버와 게임 최적화 상태. 뒤에서 자기장은 정상적으로 다가오는대 내 캐릭터는 트레이서마냥 자꾸 제자리에서 걷는다는걸 겪었을때의 짜증도는 엄청납니다. 또한 최적화 상태 역시 좋지 않은 편에 일부 그래픽 옵션(식생, 그림자)이 벨런스에 직결되어 있다는것도 심각한 문제점입니다. 또 한가지의 문제점은 바로 소리. 사운드 플레이가 중점이 될 수 밖에 없는 게임에서 소리의 공간감이 너무 떨어집니다. 총에 기습을 당했을 때, 총의 소리에 적의 위치를 구분하기가 상당히 힘들며, 발소리도 그냥 들어선 적이 정확히 어디쯤에 있는지 구분이 힘듭니다. 버그인진 모르겠지만 카펫을 밟으면 흙밟는 소리가 나는것은 덤.    다만 위의 단점 및 기타 사소한 문제들은 개발진이 인식하고 있으며, 최대한 빠르게 패치를 약속한 상태이므로 기대해봐도 되지 않을까 싶습니다.  일단 한가지 확실한 것은, 게임 자체는 상당히 재미있으며 파밍이 잘 될때의 기쁨, 방심하고 있는 적의 뒤통수를 치고 시가전에서 적을 다운시켰을때의 짜릿함, 가까스로 제한구역에서 벗어났을때의 안도감, 방심하다 당했을때의 허탈감, 그리고 상위권에 안착한 기록을 볼 때의 그 희열. 이 재미로 인해 PUBG를 계속 즐기게 되는 원동력이 아닐까 싶습니다.  당신은 살아남을 수 있겠습니까? 어서 오십시오. 배틀그라운드에"
2017-04-19,Recommended,"배틀그라운드를 사야하는지 걸러야하는지 궁금하다면 확인해보자 (17-10-10 업데이트)  1. BATTLEGROUNDS이란?  ARMA의 ""배틀로얄"" 모더이자, H1Z1의 스페셜 컨설턴트인 PLAYERUNKNOWN이 블루홀과 함께 개발한 배틀로얄 게임  한마디로 그냥 무쌍찍고 살아남는 게임이다  100명의 플레이어는 서로 주먹을 쓰던 총을 쓰든 1위를 하기위해 낙하산 타고 내리자 마자 싸운다  의외로 게임의 배경도 있는데 있으나 마나 게임엔 지장도 안준다  신기하게도 이 게임은 !!  총기 부착물의 탈부착도 자유롭고 의외로 사람이 줄어들면 줄어들수록 넘치는 아드레날린은 중독되게 만든다.    혼자서 해도 충분히 재미있지만 여럿이서 하면 더 재미있다.   이 게임은 3월 24일 얼리엑세스가 시작되었고 한달전부터 베타키를 뿌려 테스트를 한적이 있다.  테스트에서 최적화와 서버문제가 자주 문제가 되었다.  그래도 게임은 아직 나온게 아니니 그럴수도 있지라는 반응이 대다수였다.  이 최적화,서버문제는 얼리엑세스가 나온 후 부터 욕을 먹기 시작했다  1050ti oc 4gb 모델에서 중옵 30~40 나오던 시절이 있었는데  17년 7월인 지금 중-상 옵에서 보통 50~ 을 유지하는걸 볼 수 있고 전투시에나 40나온다  끊김과 프레임드롭이 눈에 띄게 줄었다..!  17년 10월 10일 그림자 패치로 인해 프레임이 조금 줄긴했지만 서버렉은 아주 줄어들었기 때문에 이제 게임최적화만 좀 해결하면 된다..!  네트워크 지연감지가 자주 뜨신다는분들은 게임탓마고 자기 인터넷 점검을 한번.. 170시간 가량하면서 3번정도밖에 못봤다.최근 패치들 이후론 본적이 없다."
2018-03-10,Recommended,"""돈은 많은데, 어디에 써야하나."" 라는 고민을 가지고 있는 당신을 위해 블루홀에서 직접 개발한 컴퓨터 성능 체크 프로그램을 이용해보세요.  32,000원과 별도의 금액으로, 전 세계의 컴퓨터들과 성능을 직접적으로 비교할 수 있습니다. 비교 뿐만이 아니라, 누구의 컴퓨터가 더욱 처리속도가 빠른지, 누구의 컴퓨터가 더욱 고성능인지, 직접 체험해 볼 수 있습니다.  지금 당장 구매하세요. 이 스폰서는 「PLAYERUNKNOWN'S HACKERSGROUND」와 함께합니다."
2018-05-03,Recommended,패치 이후로 허벌나게 튕기네
2018-01-14,Not Recommended,"32,000원 주고 이걸 사서 핵쟁이들이랑 겜할바에 그돈으로 진짜 치킨을 사드세요"
2020-12-06,Not Recommended,엠포 롤백해라 시발
2018-09-17,Not Recommended,김치국물이 들어간 게임에 대한 선입관을 갖게 해준 게임 더이상은 못하겠다.
2018-06-03,Not Recommended,아니장난ㄴ하냐 시발 상자를 뽑을때마다 열쇠필요한 상자만나오냐 시발 거지새끼야 그냥 자기가 골라서 뽑을수있게 처 만들어라 좀
2019-02-24,Not Recommended,짱깨랑 매칭좀안대게해줘 시발
2018-08-05,Not Recommended,갓겜으로 시작해 망겜으로 가는 길...
2019-03-24,Not Recommended,버그 때문에 접게 만드네요 서버 관리좀 제대로하세요
2020-09-24,Not Recommended,중국인이 스팀 사용안하는동안 그새 해킹해서 내계정으로 17시간동안 핵을 쓰다가 정지먹었다.  사놓고 해봐야 1~3시간? 한 기억밖에 없다 게임자체가 나랑 너무 안맞아서 산거 후회하고 내비뒀다가  오랜만에 켜보니 뜨는 메세지는 17시간 핵써서 정지 당했다는 메세지뿐  급하게나마 스팀모바일 설치해서 보안좀 올리긴 했는데.. 이거 관련해서 펍지에 문의 넣었더니 답장도없고  아무 조치도 안해주더라 거의뭐 계정 정지된지도 모른채 3개월정도 방치해서 그런거 같다. 여튼 문의 넣은지 상당한 시간이 지났고 아무 답장없길래 짧게나마 여기다 남기고 싶은말 써본다  스팀계정 보안 무조껀 챙겨야 한다 어차피 애들 해킹당한거 관련해서는 본인 관리 미흡이니 아무것도 안해준다.  나처럼 후회하지말고 보안철저히 하기 바란다.
2020-01-27,Not Recommended,시 ㅡㅡ발 짱깨 새 ㅡㅡ끼들 우한 걸려서 다 나가 뒤졌으면 좋겠네요 ㅎㅎㅎ
2019-02-01,Recommended,풀숲에 숨어있던 치코리타에게 심장 멎게 되는 게임.
2017-05-13,Recommended,일상생활 불가능할거같은 친구랑하면 무슨일이있어도 못이깁니다.
2020-04-07,Not Recommended,チート·ユーザーがすごくたくさんいるよ。。。
2020-04-20,Recommended,인생겜인데 핵단속 빡시게안하면 진짜 인생훅가는겜될듯 이미 갈때까지 간 핵들이지만 젭알 대놓고쓰는건 빤니잡아주세효 ㅠ
2018-10-17,Not Recommended,Product received for free  사 주신 분께는 정말 실례인 말이지만 가면 갈 수록 이 게임에 정 떨어져서 못하겠습니다.
2018-12-25,Not Recommended,M16좀 버프좀 시켜줘라... 다른총은 버프해주는데 왜 M16은 너프만하냐... 반동패치좀해줘라 배린이들이 겁나힘들어한다....
2017-04-16,Recommended,갓 국산겜
2017-06-30,Recommended,이건 미쳤어
2020-11-29,Recommended,못해도 가끔씩 생각나서 하게된다
2020-06-21,Recommended,핵쟁이들 길가다 사고나서 고자돼라
2019-01-04,Recommended,300시간중 250시간은 죽어서 친구들 구경하던시간임 ㅅㄱ
2018-09-19,Recommended,음... 점정 이상한 방향으로 가는거 같다. 예전의 무겁고 진지하던 모습과정 반대가 되어간다. 유저의 의견을 반영해 달라.
2020-03-25,Not Recommended,어떻게 된게 비번을 바꿔도 중국인한테 해킹당할까
2018-01-15,Recommended,"게임은 대체적으로 재밌는 편이다. 하이즈랑 비슷하지만 캐릭터의 정교한 움직임 그리고 현실성을 반영한 탄도학 등 여러 요소들이 전체적으로 게임에 잘 녹아든다. 적응하기도 쉽고(어려웠던 분께는 유감) 최근에는 슈점, 슬라이드가 사라지고 파쿠르가 생기는 등 많은 업데이트와 노력을 보여주고 있다. 하지만 역시 유명세 타는 게임은 피할 수 없는 핵이 여기서도 한 몫 하고 있다. 핵은 점점 더 교활해져가는 와중에 신규 의상이나 상자등을 내놓는 면에서는 실망이다. 정식 런칭이라고 하기에는 최적화가 덜 되었고 핵 역시 난무한다. 게임성으로만 본다면 역시 만점을 주고 싶은데, 결론은 핵과의 전쟁을 견딜 수 있는 분들께는 추천드리고 싶다."
2019-09-13,Not Recommended,제발 팅기는 버그좀 고쳐라 핵은 어처피 잡지도 않으니 말 안한다 시바
2019-04-03,Not Recommended,얼리 엑세스때가 제일 하기 좋았다
2019-10-09,Recommended,핵만 잡으면 진짜 갓겜
2020-01-22,Recommended,착한 짱깨는 죽은 짱깨라는 것이 무엇인지 직접 몸으로 느끼게 해주는 유익한 게임
2017-09-29,Not Recommended,서버가 블루홀이 아니고 블랙홀임 ㄹㅇ 시부럴
2019-02-23,Recommended,한국 PC방 발전에 4000%기여한 기이한 게임.  pc방이며 가정집이며 컴퓨터 바꾸는 소리가 들린다~  역사에 남을 게임임은 분명하다.
2017-12-14,Recommended,나는 겜창이다
2020-06-27,Not Recommended,팀킬당하는데 점수떨구고 이게 게임인가요??
2018-01-16,Not Recommended,▒█▀▀█ ▒█▀▀▀ ▒█▀▀█ ▀█▀ ▒█▀▀▀█ ▒█▄░▒█ ▒█▄▄▀ ▒█▀▀▀ ▒█░▄▄ ▒█░ ▒█░░▒█ ▒█▒█▒█ ▒█░▒█ ▒█▄▄▄ ▒█▄▄█ ▄█▄ ▒█▄▄▄█ ▒█░░▀█  ▒█░░░ ▒█▀▀▀█ ▒█▀▀█ ▒█░▄▀ ▒█░░░ ▒█░░▒█ ▒█░░░ ▒█▀▄░ ▒█▄▄█ ▒█▄▄▄█ ▒█▄▄█ ▒█░▒█  ▒█▀▀█ ▒█░▒█ ▀█▀ ▒█▄░▒█ ░█▀▀█ ▒█░░░ ▒█▀▀█ ▒█░ ▒█▒█▒█ ▒█▄▄█ ▒█▄▄█ ▒█░▒█ ▄█▄ ▒█░░▀█ ▒█░▒█
2020-01-17,Not Recommended,"핵,중국인 게임"
2018-06-10,Not Recommended,최적화 안되고 아무나 영구정지 시키고 게임 홍보 하려고 서버 다운시키는 쓰레기 게임 듣보잡 세끼가 병신같이 만들었다가 운으로 뜬 게임 게임 삭제 추천
2020-04-13,Not Recommended,짱깨 안잡냐??
2018-02-18,Not Recommended,서버렉 극혐이다 진짜
2017-07-15,Recommended,의문사 할 때가 많은데 갓겜.
2020-04-08,Not Recommended,아직도 망겜
2018-07-13,Not Recommended,옜날에는 중간옵으로 돌려도 부드럽게 잘돌아갔는데 갑자기 개적화 패치하더니 그뒤로 스케일 80으로 낯추고 매우낮음옵으로 돌려도 렉이 걸리는건는 뭐냐 레식이나 철권같은 게임들도 잘돌아가는데 배그는 이상한 이벤트만 쳐할줄 알지 최적화할줄은 모르나보네 이벤트나 업데이트하기전에 최적화부터 고치고해라 정말 렉걸릴때마다 역겹다
2019-12-14,Recommended,처음 얼리엑세스 시절에는 흡사 초딩시절에 온라인게임들을 처음 접했을때처럼 게임에 설레인다는걸 20대 후반인데도 다시 느끼게 해줬었음 게임에 약탄거 마냥 빠져들어서 시간 가는줄 모르고 즐겼는데 그 시절보다 지금의 배그는 완성도나 최적화나 총기류들 여러가지방면에서 많이 개선되었고 즐길거리가 많아진건 맞지만 뭔가 그때만큼 빠져들지가 않음 단순히 핵쟁이들 때문에 실증난걸 떠나서 배틀로얄이라는 장르자체가 오랫동안 빠져들만한게 못되는듯 이젠 그저 아주 가끔 생각날때 몇판 즐기다가 마는정도
2020-05-27,Not Recommended,개적화의 표본 같은 게임
2017-07-03,Recommended,게임성은 좋으나 아직 베타라 그런지 각종 버그와 최적화가 안된 상태이지만 나름 재작사가 수정하는 모습이 보여서 좋다
2018-12-01,Recommended,무슨 하드웨어정지라면서 하드웨어 우회하는놈들은뭐임? 정지시키는거맞아요? 무슨 ESP도못잡냐 운영진이 하드웨이정지당하면 아에못들어간다면서 잘도들어가네?
2017-10-31,Not Recommended,"이 게임을 저는 오늘부로 301시간정도 했네요. 아마 앞으로는 몇시간 더 안늘어날 것 같습니다. 이 평가를 쓰는 이유는 잠깐 사귀었지만 엄청나게 사랑했던 연인과 헤어지는 기분이 들어서 그렇습니다. 그녀에게 마음이 떠난것처럼 이게임에서 마음이 떠났습니다. 그만큼 공허함을 느끼기 때문에 굳이 스팀홈페이지 까지 들어와서 이 평가를 써봅니다.  자랑은아니지만 대충 게시판을 봐도 301시간 가까이 한 플레이어도 잘 없습니다. 전적사이트에 검색해도 플레이시간은 이제 항상 상위 1퍼센트 이내입니다. 저는 배틀그라운드를 구입한지 2달도채 되지 않았습니다. 예 맞습니다. 저는 말그대로 폐인같이 두달동안해왔습니다. 한번 시작하면 끝장보는 성격이라 제마음을 사로잡은 게임들도 다 그렇게 열심히해왔습니다. 이제는 서른즈음에 학생이 아닌 신분에, 그것도 내 생업과 병행해서, 자는시간 쪼개가면서 정말 열심히 게임했습니다. 저는 헤비유저임이 틀림없습니다.  카카오에서 배틀그라운드를 퍼블리싱한다?, 서버가통합된다? 그런 소식은 사실 별관심없습니다. 내 피부로 와닿는 것 전혀없습니다. 하지만 내 피부에 쓰라린 아픔을 주는 여러 핵이라는 날카로운 상처는 처음엔 한두번 나를 베었지만 이제는 만성적으로 나를 아프게해 통증에 질려버렸습니다. 얼마나 질려버렸나면. 킬 로그에 연속으로 2명3명이 기록하는 킬로그만 봐도 몸서리쳐집니다. 저만 이렇게 느끼는 것 입니까? 당신들은 무뎌져서 그냥 외마디 '씨.발'이라는 욕설한마디에 그상황을 흘려보내시나요? 신고하신다고요? 피드백은 옵니까?  나도 처음에는 ""하.. 시발 짱깨.새끼들..""이라고 한번 되뇌어보고는 그냥 흘려보냈습니다. 이제는 짱깨새끼뿐만아닙니다. 이미 핵쓰고다니는 같은 한국국적의 핵유저들도 많아지고있습니다. 당신들도 나처럼 꽤 많은 시간을 ""낭비""했다고 느끼기전에 한번 이 게임에 대해 생각해보는 시간을 갖기 바랍니다. 시간은 아주 소중합니다. 고작 30년정도 살았지만, 제가 이런 감정이 들어 게임과 헤어질때마다 결과는 항상 절망적이었습니다. 이 게임을 기획하고 만든사람은 아마 내가 평생 벌어도 못벌 돈을 몇달사이에 벌었겠지만. 나보다 훨씬 똑똑한 사람들이 이 게임을 만들었겠지만, 핵을 확실히 뿌리뽑는 기술적 경지에 이르지 못한다면 아마 결과는 좋지 않을것 입니다. 이 평가를 보는 게임 관계자 여러분은 꼭 명심하고 바른 길로 나아갔으면 좋겠습니다.  오늘 나와 게임하던 3명의 친구중에 핵유저때문에 2명이 나와함께 접속을 종료했습니다. 당신들은 Early Access라는 사실은 무책임한 간판아래에 숨어있는 것은 아닌지요?"
2018-09-25,Recommended,제발 맵선택기능을 다시 만들어주세요
2019-03-22,Not Recommended,Games that China has ruined
2018-03-16,Recommended,중국인에 대해 알아보는 기회가 되었습니다.
2019-12-25,Not Recommended,핵좀 잡아라 ㅆㅂ
2020-12-02,Not Recommended,"신맵이 나올때만 일시적으로 접속자가 늘어나고, 신맵을 제외하고는 봇들이 대다수임.  운영이 말아먹은 게임."
2018-11-21,Not Recommended,서버관리안하고 핵좆나안잡더니 망해가니 이제야고칠려고하네 소잃고 외양간고치기라는말의 좋은 예시인겜
2017-09-09,Recommended,며칠째 치킨을 못먹고 있습니다.
2018-04-10,Recommended,개좆망겜
2017-10-08,Recommended,"가능성만 보여준것에 그쳐버렸다,,"
2018-03-31,Recommended,님들아 핵좀 그만 쓰세요 ㅋㅋㅋ
2019-11-04,Recommended,핵을 아주아주 많이 마주칩니다. 핵을 지능적으로 쓰는 사람도 많아서 잘 모르고 지나치는 것까지 생각하면 거의 모든 판이 핵을 쓰는 사람이 있다고 봐도 무방합니다. 핵을 잡을 생각도 없어 보입니다. 일반유저보다 핵쟁이유저 돈으로 먹고사는 게임입니다. 요즘들어 계속 해야 되나라는 의문이 많이 드네요. 현 시간부터 현질을 안할생각입니다. 언제라도 핵땜에 망할거 같아요.
2017-10-06,Recommended,2017년 10월 6일 나무랑 돌이 나한테 총 쏘는 게임 스쿼드나 듀오 할 때 다른 사람들은 적 알아보는데 나만 못알아봄;;  2017년 10월 29일 게임은 잘만들었으니 일단 추천 드립니다만 추후 미래가 어떻게 될지 모르겠라운드 카카오 서버통합 대체 무엇?
2018-10-10,Not Recommended,"비맵 안개맵 에란겔 에 다시 돌려놔 싸발련들아 먼 패치를 발로하냐 옆그레이드 ㅆㅎㅌㅊ 개쌉비추 에 지금 구매하는 흑우 없제?  장점=없음  단점=부드럽지 않은 모션,총 쏠때 좀 부자연스러움,h1z1 과금 시스템 그걸 쳐들고옴, 구매한 유저들을 개돼지로 암,서버문제 아직도 안고침,핵 존나 많음 안티치트 체크 안하면 안잡힘,지들이 멀 잘못했는지 아직도 쳐 모름 오히려 버그 는 늘고 있고 서버 개설도 안하고 과금 시스템만 존나 넣고 있음 거의 대다수 유저들이 중국인 한테 시달리고 있다는 피드백 존나 들어 갔는데 그걸 또 서버를 한곳으로 통합해 버림 ㅆㅅㅌㅊ 판단 단점이 너무 많아서 여기까지만 씀"
2018-05-17,Recommended,"정말 오래한 유저로서부탁좀 드립시다  인터페이스 업데이트, 신맵추가, 총기추가 등 아직 업데이트가 많이 필요한건 알겠는데  그전에 최적화부터 좀 부탁드립니다.  무슨 패치만 했다하면 프레임이 점점 떨어지고 렉이 심해지니  참다참다 도저히 안되겠네요  패치전에 좀 최적화부분에 더 많이 신경좀 써 주셨으면 좋겠네요  초기에는 사양 높음으로 돌려도 렉없이 플레이 잘 되었는데  이제는 가장낮음으로 해도 렉이 걸리고 프레임이 뚝뚝 떨어지니...  이거는 김밥 만들때 김 한장에 30가지가 넘는 재료를 넣는다고 무리하다가 옆구리 걍 터져버리는 각이라 생각합니다."
2018-10-15,Not Recommended,초반에는 매우 신개념게임으로 우리들에게 배틀로얄류를 머리에 박아준겜 하지만 한국아니랄까 점점 스킨이나오고 중국을챙겨주는게 살짝나오기시작함 갈수록 유저의견은받을생각도안하고 문제생기면 죄송하다 이말뿐 지금은 티하나를 트위치 스트리머로고 박아놓고 거의6~5천사이에서 팔아먹고있고 중국과 서버통합으로인해 지금은 핵과 매크로의싸움으로 변질된 망겜 차라리 배타껄 떠로 판매하는것이 훨씻 낫다고 생각함
2019-12-16,Not Recommended,한국 및 아시아 서버는 자신을 한계까지 올릴 수 있는 갓게임입니다. 한판에 기본 종합핵 3스쿼드는 담당하실 수 있는 실력이 된다면 적극 게임구매를 추천드립니다.
2019-07-25,Not Recommended,허구헌날 시즌패스따위나 만들어서 돈만 뜯을 생각 하지 말고 핵을 잡던가 중국이랑 서버를 분리시켜라 할겜 없어서 이거 하는 나도 개돼지지만 진짜 욕나온다
2018-12-02,Recommended,서버운영 뭐같이 할래
2018-08-25,Not Recommended,가장 딥빡치는게 뭐 zlfk**** 님의 신고로 1일 정지인데 내가 핵을썻으면 30킬이상 하고 다녔지 0킬에 평균딜량 80 왔다갔다하는사람을 정지시키네
2019-01-13,Recommended,핵 쓴 놈들 아이피 밴을 때리던가 해서 핵 좀 줄이자 제발 내가 영구밴 시킨 핵만 10명인데 그럼 핵이 얼마나 많다는거임 제발 핵좀 막아라 안 그럼 좆망겜 된다(이미 좆망겜이긴 하지만)
2019-07-18,Recommended,핵만 잡으면 갓겜
2017-08-20,Recommended,이겼닭! 오늘 저녁은 치킨이닭!
2017-04-30,Not Recommended,호구들이 보인다. 비판하는 글에 얼리 액세스를 방패삼아 '최적화 진행중이고 아직 테스트 중인데 왜 막말하냐'고한다.돈 주고 산 게임이고 테스트라면 제작진들이 원하는게 문제점 지적이다. 똥꼬빨시간에 문제점 지적해주는게 이게임이 더 잘되는 길이다.돈 받고 팔고있는 게임인데 얼리 액세스라도 기본적인 최적화와 서버문제 해결도 못하고 내놓았으면 욕처먹는건 당연한거다.
2020-08-01,Recommended,"정말 사랑했던 게임. 하지만 핵을 잡지 못하여 그 누구보다도 실망감을 준 게임. 또한 펍지의 잘못만도 아닌 작성자의 잘못도 있겠지만 스팀 가드를 통한 이중 보호를 했음에도 해킹이 2번 일어나서 현재는 VAC차단 당함. 양자가 모두 억울하겠지만, 옆 동네의 협곡은 8년 가까이 해킹을 당해본 적이 없음. 심지어 게임을 구매해서 하는 것이라서 이 부분은 해결이 필요하다고 여겨짐. 이와 관련하여 문의 하였으나 봇처럼 한결같은 대답이 돌아옴(배그에서 봇을 많이 사랑하는 거 같음.).  -그 외에도 업데이트를 통해서 새로운 모습을 보여주려고 하나, 최적화가 현저히 떨어짐. 그저 렉. 렉. 렉. 렉. 고사양 자본가를 위한 게임. -핵을 잡기가 어려운 이유와 어떠한 식으로 진행되는지? 무엇을 노력하고 있는지? <-이 부분에 대해서 독자적이고 구체적으로 제시된 바가 없음(일전에 핵을 잡기 위해 노력하고 있다는 동영상을 제시하였지만, 개인적으로는 민심을 돌리기 위해 노력하는 현장의 모습을 지속적으로 보여 줘야한다고 생각) -마지막 위의 본론에 대해서 언급하자면 해킹 문제도 정말 심각함. 핵을 쓰는 유저가 해킹을 하는 유저일 확률이 높다. 그런데 스팀에서 할 수 있는 최고 보안인 일반 비밀번호 변경과 스팀 가드의 이용을 했음에도 쉽사리 뚫려 계정이 악용 당함. 현재는 소수의 사람이 이러한 일을 겪겠지만, 점점 더 많아 지기 전에 해결책을 강구했으면 바람. '어쩔 수 없다'가 아닌 게임 구매자에게 대한 차선의 방법을 제시해줘야 이 게임을 지속적으로 사랑해줄 수 있을 것 같다. 최악이라도 게임 재구매를 하게라도 해주길 바람...  게임은 그 누구보다도 추천하고 싶다..."
2018-05-04,Recommended,중간중간에 튕기는 것 때문에너무 짜증납니다 이거 게임을 다시 들어가면 죽어있고 도대체 2년이나 된 게임이 중간에 계속 튕기는 지 이해를 할 수가 없어요 위대하신 게임개발자님들께서 제발 중간에 튕기는 것좀 고쳐주세요 1080 나름 괜찮은 그래픽카드쓰는데도 나아지질 않네요 이 상황은
2019-12-04,Not Recommended,Free HongKong 해킹 정지당했다 문의해서 정지 풀었음 스팀가드 꼭 하시길 Free HongKong
2019-03-02,Not Recommended,초창기에나 신선하고 피드백도 잘 들어주는 개념회사 개념게임으로 보였겠지 지금와서는 흔해빠진 좆같은 회사에서 만든 좆같은 게임이 운좋아서 대박난 케이스 장난으로 엘린엄마가 팬티팔아 키운자식 이랬는데 테라M이랑 배그 랜덤박스 보니까 그애미에 그새끼임
2019-12-11,Not Recommended,게임이 점점 졋같네요
2019-06-30,Not Recommended,핵쟁이들을 위한 게임
2019-08-21,Recommended,서버 사용량이 많아 들어가지지 않는다 패치좀부탁합니다.
2020-10-31,Recommended,nice
2018-03-03,Not Recommended,그냥 망겜 돈주고 산 게임인데 두판에 한판은 핵쟁이 만남 KR 썹인데도 중국핵쟁이들 개많음 그냥 그리고 정발 한지가 언젠데 아직도 최적화 안되고 툭하면 서버 팅기고 게임 버그는 패치할때마다 새로 생겨 ㅋㅋㅋ 그러면서 코디 아이템은 잘만 늘리는구만 그리고 내가 인게임으로 번 배틀포인트로 상자 사는데 데스페라도 이딴거 뜨면 왜 현질해서 까야하는지 모르겠음 돈독 오를데로 올랐으면서 게임관리 서버관리는 못하는 망겜
2018-12-22,Not Recommended,"처음 출시후 진짜 매판 즐겁고, 재미있고, 친구들과 같이하는 팀플레이 또 한가지의 재미였습니다. 하지만 정식출시후 게임 운영에 대한 의구심이 마구마구 들면서, 점점 실망감만 더해졌습니다. 핵유저에 대한 너무너무 허술한 관리로 많은 팬 유저들을 떠나보낸 게임. 차후 캐쉬템들(스킨) 등장으로 이전의 안좋은 이미지에 더해서 더 보기 싫어진 느낌(개인적으로)을 받았습니다. 현재는 기존에 하던 유저들과 핵쟁이들만 남아, 플레이할때 고인물, 핵쟁이들을 만날수있는 절망 매치를 할수있습니다. 서버라도 분리 시켜주던가(한국 핵유저들도 많고...)... 어후"
2019-06-08,Not Recommended,게임이 출시된 지 많은 시간이 지나서 하하깔깔하면서 즐겜하는 사람들은 다 뒤지고 장풍을 쏘면서 날라다니는 무림고수나 나 이겜 한딱가리 한다는 사람들만 남았다. FPS게임에 많이 익숙한 사람이 아니고서야 배틀로얄에서 기대되는 재미를 맛보기 힘들다. 그래도 한번쯤 해보는건 괜찮다고 생각
2020-04-28,Not Recommended,"아주 오랜만에 들어와봤습니다. 여전히 투시 안경을 쓴 녀석들이라든지, 자동유도탄을 장착한 녀석들이라든지 아무튼 최신 장비로 무장한 녀석들이 득실거리네요 ㅎㅎ 고작 총 하나로는 이런 최신 장비들을 상대하기가 너무 버겁습니다. 수고하세요."
2019-10-23,Recommended,제발 핵좀 잡아라 시밤바야!!!
2018-10-09,Not Recommended,서버통합되고 만나는건 다 중국인이네요 영어도 안통하고 지들끼리 쏼라쏼라 거리는데 답없어요 다시 서버분리 전까지는 비추입니다.
2020-10-22,Recommended,핵만 잡으면 개갓겜
2019-07-03,Not Recommended,최적화 언제하냐 할때마다 돌겠네 진짜
2017-12-06,Not Recommended,스팀으로 시작해서 카카오로 끝나다.
2020-03-09,Not Recommended,고사양의 컴퓨터를 쓰는 사람이 너무나도 유리함 그만큼 최적화가 부족함 핵이 많음 얼리때가 더 재밌음
2017-12-02,Not Recommended,결국 카카오가 통수를 쳤습니다. ▒█▀▀█ ▒█▀▀▀ ▒█▀▀█ ▀█▀ ▒█▀▀▀█ ▒█▄░▒█ ▒█▄▄▀ ▒█▀▀▀ ▒█░▄▄ ▒█░ ▒█░░▒█ ▒█▒█▒█ ▒█░▒█ ▒█▄▄▄ ▒█▄▄█ ▄█▄ ▒█▄▄▄█ ▒█░░▀█  ▒█░░░ ▒█▀▀▀█ ▒█▀▀█ ▒█░▄▀ ▒█░░░ ▒█░░▒█ ▒█░░░ ▒█▀▄░ ▒█▄▄█ ▒█▄▄▄█ ▒█▄▄█ ▒█░▒█  ▒█▀▀█ ▒█░▒█ ▀█▀ ▒█▄░▒█ ░█▀▀█ ▒█░░░ ▒█▀▀█ ▒█░ ▒█▒█▒█ ▒█▄▄█ ▒█▄▄█ ▒█░▒█ ▄█▄ ▒█░░▀█ ▒█░▒█
2018-07-23,Not Recommended,게임을 잘만들어봐야 헬조선 운영이 얼마나 게임을 망칠수 있는지 보여주는 게임 거기에 아무리봐도 운영진이 쪽바리
2017-11-23,Recommended,해커만 없으면 클린한게임
2019-08-28,Not Recommended,핵많아서 게임하기 힘들어요
2019-12-18,Recommended,핵 잡는것만 잘하면 좋을것같아
2020-10-22,Not Recommended,얼리때가 제일재밌었고 갈수록 븡신이 되어가는 게임 ㅋㅋㅋㅋㅋㅋㅋㅋㅋㅋㅋㅋㅋㅋㅋ
2020-09-02,Not Recommended,이 개 씨팔 블루홀 개새끼들아 왜 자꾸 병신같은 패치들만 추가하냐? 갈수록 사운드는 좃만해지고 반동패치는 왜 건드려서 뉴비 유입 힘들게 만들고 엠포만 파츠 젤 많이 달리게 만들어서 총밸을 3년동안 못 쳐잡다가 이젠 베릴 강점기를 만드냐 배필 좀 본 받아라 카페에 글 올라오는 거 좆도 신경 안 쓰고 배그 하나만 팔아먹어서 회사 키웠으면 무슨 수를 써서라도 게임 살려놔야지 니들이 아직도 동접 몇백만 나오는 게임 같냐? 17년도 배그가 진짜 제일 선녀였다 지금 니들이 핵 못 잡는게 문제가 아니야 17년도는 핵에 죽어도 재밌으니까 다음 판에 안 만나면 되지 마인드로 편하게 돌렸었는데 지금은 걍 핵에 뒤지면 아이 씨팔 좆같네 하고 다른 겜 하러 가는게 태반이야 좆같게 굴지말고 17배그 그때 그시절 그대로 모드를 하나 내던가ㅋㅋ
2017-04-01,Recommended,"● 재밌는 미완성 게임. 가격 : 적절함 감정 : 개방적, 긴장, 어려움, 흥미    + 무난한 타격감 + 무난한 사운드 + 직관적인 인터페이스 + 빠른 피드백 + 적절한 유지관리 수준  ± 중간 수준의 동작모션들   ± 게임 컨텐츠가 적절함  - 서버지연과 그로인한 의한 렉이 다소 있음 - 튕김과 잦은 버그 - 낮은 수준의 최적화"
2019-12-03,Recommended,"유통기한이 끝나고 있는 과거형 갓겜입니다.  초창기 물리엔진에 문제가 있었으나 오히려 그 점이 재미로 승화되고,  당시 흔하지 않은 배틀로얄이라는 장르로 가장 핫한 게임이었으나  무수히 많은 핵쟁이들, 한국 서버를 뚫고 들어오는 중국인들로 인해 점점 부식 되었습니다.  아직까지도 게임은 재미있으나 마음먹고 게임을 켜지 않으면 손이 가지 않게 되었네요.  그럼에도 아직까진 현역인 게임입니다. 세일할 때 사는정도가 적당하네요."
2020-12-16,Not Recommended,개씨발 핵좀 잡아라 좆같아서 게임을 할수가없네 경쟁 한판당 핵이 1스퀏씩 있는게 말이되는 게임임? 이래서 게임 순위가 낮아지는거임 운영을 개줫같이 못하니까 자꾸 패스로 돈벌어처먹을 생각하지말고 제발 핵부터 잡아줘 진짜 겜 할수가없어
2020-12-16,Not Recommended,핵개많음
2017-10-26,Not Recommended,시계처럼 되겠네
2019-11-25,Recommended,이거 처음 나왔을때 : 와 이거 그냥 쌉 갓겜아니냐!???! 지금 : 롤정지먹엇을때 해야지.
2017-11-11,Not Recommended,시작은 한국게임이 아니었으나 끝은 한국게임으로 향해가고있다.
2017-09-15,Recommended,0~30시간: 코믹예능게임이라 깨달음. 30~60시간: 교통사고의 무서움을 깨닫음. 60~100시간: 얌전한 평화주의자의 깨달음. 100~150시간: 키보드와 마우스는 튼튼한걸로. 150시간이상시: 핵쟁이는 다 죽어야되 XX  블루홀이 심혈을 기울이고있고 지금까지도 적절한 패치와 업데이트로 이미 갓겜 반열에 올라잇다.  아마 이대로만 간다면 정식출시되도 갓겜명성이 유지될듯.
2018-02-22,Not Recommended,게임이 어째 업뎃을 할 때마다 구려지냐 있지도 않던 랙이 생기고 엿가락 마냥 화면은 끊기고 게다가 사막맵은 이상할 정도로 자주 뜨고 내가 보기에 게임 8할은 사막맵 나오게 되어있는듯 의외로 사막맵 싫어하는 사람 많던데 이럴거면 그냥 고를 수 있게 해주던가 전에 확률 조작으로 욕쳐먹고도 아직 정신 못차렸냐 회사 그릇에 맞지 않는 거대한 게임이 만들어졌다고는 한들 좀 더 나은 방향을 위해 노력을 하는 점이 전혀 보이지 않네 이런 개새끼들아
2018-05-19,Recommended,이거하다가 f받았습니다
2018-05-03,Recommended,서버관리랑 핵만 줄오들면 갓겜
2018-08-13,Recommended,핵유저좀 잡어줘요
2020-03-08,Not Recommended,핵쟁이들날뜁니다
2020-07-25,Not Recommended,hack jjom mak a ba
2019-05-26,Not Recommended,출시한지 몇년이냐 2년이다 2년 롤로치면 지금 시즌2인데 아직까지 이렇게 쩔쩔매면 어떡하냐 롤은 뭐 큰회사로 시작했냐?  지금 블루홀이 그당시 롤보다 규모가 컷으면 컷지 작지는 않는데 핵이 사라지는 날도없고 아직도 핑은 날뛰고 최적화는 개나줘버리고  10년전 라이엇보다 대처도 안되고 진짜 답이없다 랭크시스템은 모호하고 개선은 없는데 계속 시즌패스만 내놓고 올해안에뭐? 뭐고치겠다고 했더라 이젠기억도 안난다  목표는 있냐? 걍 돈빨아먹는게 목표아니야? 정신좀차려
2018-01-23,Not Recommended,▒█▀▀█ ▒█▀▀▀ ▒█▀▀█ ▀█▀ ▒█▀▀▀█ ▒█▄░▒█ ▒█▄▄▀ ▒█▀▀▀ ▒█░▄▄ ▒█░ ▒█░░▒█ ▒█▒█▒█ ▒█░▒█ ▒█▄▄▄ ▒█▄▄█ ▄█▄ ▒█▄▄▄█ ▒█░░▀█  ▒█░░░ ▒█▀▀▀█ ▒█▀▀█ ▒█░▄▀ ▒█░░░ ▒█░░▒█ ▒█░░░ ▒█▀▄░ ▒█▄▄█ ▒█▄▄▄█ ▒█▄▄█ ▒█░▒█  ▒█▀▀█ ▒█░▒█ ▀█▀ ▒█▄░▒█ ░█▀▀█ ▒█░░░ ▒█▀▀█ ▒█░ ▒█▒█▒█ ▒█▄▄█ ▒█▄▄█ ▒█░▒█ ▄█▄ ▒█░░▀█ ▒█░▒█
2018-07-31,Recommended,Region. Lock. China. 그러나. 개꿀잼 ▒█▀▀█ ▒█▀▀▀ ▒█▀▀█ ▀█▀ ▒█▀▀▀█ ▒█▄░▒█ ▒█▄▄▀ ▒█▀▀▀ ▒█░▄▄ ▒█░ ▒█░░▒█ ▒█▒█▒█ ▒█░▒█ ▒█▄▄▄ ▒█▄▄█ ▄█▄ ▒█▄▄▄█ ▒█░░▀█  ▒█░░░ ▒█▀▀▀█ ▒█▀▀█ ▒█░▄▀ ▒█░░░ ▒█░░▒█ ▒█░░░ ▒█▀▄░ ▒█▄▄█ ▒█▄▄▄█ ▒█▄▄█ ▒█░▒█  ▒█▀▀█ ▒█░▒█ ▀█▀ ▒█▄░▒█ ░█▀▀█ ▒█░░░ ▒█▀▀█ ▒█░ ▒█▒█▒█ ▒█▄▄█ ▒█▄▄█ ▒█░▒█ ▄█▄ ▒█░░▀█ ▒█░▒█
2019-08-06,Recommended,욕 하는 중생과 초등생을 보면서 나는 저러지 말아야지 하고 나를 되돌아 볼 수 있는 게임. 어린 친구들에게도 배울 것은 있다.
2020-06-07,Recommended,"너무 핵이많습니다 하지만은 게임은 갓겜입니다. 그런데 핵들이 너무빠르고,강해서 절대못이깁니다 특히 스피드핵 너 무빨라서 맞출수가없습니다. 핵을 빨리 없애주셧으면 참 좋겠습니다."
2019-07-24,Not Recommended,또 서버 터졌냐.....
2019-10-17,Recommended,핵만 잡으면 꿀잼게임
2019-05-02,Recommended,공포게임
2020-12-02,Recommended,뭔가 노잼인데 또 재밌긴 헤서 가끔 생각나면 하는 게임   2021. 01. 28 + 신맵 버프 떡상 가즈아ㅏㅏㅏㅏㅏㅏㅏㅏㅏㅏㅏㅏ
2017-03-26,Recommended,"* 이 리뷰는 2017-03-25 일자. 제 블로그 포스팅 기준으로 작성되었습니다. http://blog.naver.com/hruk0610/220967140304  배틀그라운드(BATTLEGROUNDS) 게임에 대한 소개 및 소감평 사실 저는 생존게임이라도 배틀 로얄 시스템을 가진 이런 게임을 처음 즐겨봤어요. 베타 참여해 본적 전혀없고, 관련 게임장르 또한 해본적 전혀 없고, 그런데... 뭔가에 홀리듯 구매하게 되었어용~  의 이름을 걸고 출발하는 생존 액션 게임 배틀그라운드.  제목에서도 그렇듯 을 암시하는 것이 보이죠. 배틀 로얄 시스템?! 그것이 뭐예요?! 라고 물으신다면...  한 외딴 공간속에서 다수의 생존자들이 주어진 시간동안 단, 1명이 남을 때까지 서로 살육해야하는 게임이죠.  이것을 플레이어언노운 이라는 게임 제작팀이 ' 리얼 밀리터리 FPS 아르마 2 ' 라는 게임에 모드로서 "" 배틀 로얄 시스템 "" 을 도입한 것이 시초가 되었고, 그 뒤로 ' 좀비 생존 게임 H1Z1 ' 라는 게임으로 옮겨갔습니다.  그로부터 ' 배틀 로얄 시스템 ' 을 도입한 이런 저런 게임들이 많이 출시가 되었지만, 아직 H1Z1 라는 게임만큼 성공을 거둔건 많지 않았는데..  이번 배틀그라운드 는 H1Z1 개발에 참여했던 디렉터 ' 브랜드 그린 ' 의 지휘 하에 개발 된 게임 입니다.  그리고 이렇게 유명한 디렉터와 함께 하는 게임 제작사가 바로 바로 바로 !! 테라 온라인으로 잘 알려진 블루홀(Bluehole) 입니다. 한편으로 놀랍기도 하고 트랜드를 빠르게 알아채고 잘 따라가는 듯 해보입니다.  생존 장르라고 하면, 상당히 난해한 것을 먼저 생각하는데.. 이것은 오히려 그렇지 않고, 여타 잘 알려져 있는 생존 장르 중에서도 캐주얼(?!)하다고 생각합니다. 캐주얼로 표현한 이유는 리얼리티나 게임 분위기를 떠나서 말그대로 그냥 가볍게 즐길 수 있는 게임이라서~에요. 보상들로 캐릭터를 꾸민다든지 앞으로의 컨텐츠는 늘어 가겠지만, 뭔가 이 게임을 의무적으로 할 필요가 없으며, 그때 그때 생각날 때 ' 오늘 게임 한판?! ' 하면서.. 그냥 재미있게 즐기시면 됩니다.  게임에서의 목표나 목적도 그때 그때 정하시면 되는거니까.. 너무 어렵게 생각하고 접근하지 않으셔도 되요.  게임 모드는 솔로, 듀오, 스쿼드 플레이 가 있습니다. 어렵게 생각할 필요 없이 솔로는 혼자, 듀오는 2명, 그리고 스쿼드는 4명이 한 팀이 되어 생존을 위한 경기를 한다고 생각하시면 됩니다.  특별하게 바뀌는 건 없지만, 게임 흐름 양상이 상당히 크게 느껴질만큼 작용할 수 있답니다. 솔로는 그냥 혼자서 재미있게 즐긴다는 생각으로 마음편히 즐기시면 되고, 듀오와 스쿼드는 자신이 평소 알고 지내는 친한 친구들과 함께 토크하며 즐기면 재밌을거예요.  경기에 투입되는 것도, 역시 비행기를 타고 이동하다 낙하산 타고 강하하는 방식 입니다. 자신이 떨어지는 지점에 다른 낙하산들이 우르르- 같이 떨어지면 그때부터 피 말리게 될거에요. 서로 적대적 생존자끼리 조우 할 가능성이 높아지니까요.  맵에 레드존 이라는 마크가 랜덤으로 발생하는데, 레드 존 이 되는 지역은 일정 시간동안 무차별 폭격 이 시작됩니다. 차량에 탑승 중이라면 한시라도 빨리 이 지역을 벗어나야 하고, 미처 빠져나가지 못한 상황에서는 건물 안으로 들어가 있는 것이 안전합니다. 그리고, 흰색 원이 바로 세이프 존 입니다. 흰색원 바깥의 파란색 라인 부터는 데드 존 이 되는 것이죠. 세이프 존 에 도달해야 계속 게임을 이어 갈 수 있고, 데드 존 에서는 세이프 존 에 도달하지 못 하면 감전사 시켜 버립니다. 그러니, 게임을 포기하고 싶지 않으면, 어떻게해서라도 세이프 존에 도달해야 합니다.  게임을 하면서 악마의 목소리 악마의 웃음소리를 띄게 되던데~!! 아아 이런 묘미가 있어서 하는거구나 싶었습니다 !!! 무엇보다 심장쫄깃한 긴장감이 좋았다고 생각해요.  이런 게임은 오픈된 스피커로 즐기기 보다, 작은 발자국 소리도 들을수 있도록 이어폰이나 헤드폰을 착용하고 즐기길 추천 드립니다. 정말 사운드 부분이 크게 작용하는 게임이었어요.  현재로서 게임이 가장 강점 이라고 생각되는 부분은 오락성과 사운드 입니다. 오락성은 아시는대로 배틀 로얄 시스템 의 기술력이 총망라 들어가 있다고 보면 되고, 사운드는 사운드에 큰 영향 받는 게임이기 때문에 품질이 좋을 수 밖에 없다고 생각해요.  개인적으로 이와같은 장르의 게임을 하나쯤은 소장하는 것도 좋다고 생각합니다. 물론 너무 같은 장르를 많이 즐겨보신 분들에겐, 식상할 수도 있을테니... 당장은 권하고 싶지는 않아요.  솔직히 게임 완성도면에서 아직까진 메이저 제작사 답지 않은 품질이지만, 이것은 현재 ' 앞서 해보기 ' 이기 때문에 지금은 논외로 두려고 합니다.  그래도 정말 심각하게 느껴지는 버그들은 빨리 잡아주었으면 하네요.        그리고 사실 같은 방식의 여타 다른 게임과의 비교는 저에게 있어 조금 판단하기 힘들지만, H1Z1 보다 늦게 출시 되었고, 지금까지 쌓은 노하우들이 배틀그라운드 에 담길 예정이기에 아마도 배틀 로얄 시스템 을 가진 게임에 있어선 가장 유리한 입장에 놓이지 않았나 생각해요.  다만 온라인 게임 제작사인만큼, 패키지 형식 게임임에도 불구하고 추후 게임내 너무 과도한 캐쉬질을 만들어 내는건 아닐까 하고 걱정이 되는 부분도 있기는 하네요. 지금 안그럴거라고 해도 나중에 또 어떻게 될지 알수 없는 일이니 말이예요.  그런 걱정부분만 덜어내고, 앞으로 이런 저런 컨텐츠를 잘 붙인다면 분명 지금 보다 더 좋은 게임으로 만들수 있을거라 예상합니다.  제작진도 게임유저들과 의사소통을 활발히 하고 있으니까요.     1 초의 순간     캠핑 (Camping Play)          못 해도... 하면 된다...  .. ..  그래도 넘나 처절했던 시간들이 떠오르며... 웃프다...      ...이상 리뷰를 읽어주셔서 감사합니다 :)"
2017-11-02,Recommended,코리아 넘버원
2020-10-04,Recommended,저는 kkm2o 라는 계정으로 배틀그라운드를 즐기고있는사람입니다. 오랜만에 배틀그라운드를 하고있는데 개발자에 의해 영구적으로 정지가 되어있는데 비싼돈을 주고산 제 게임을 제가 어떠한사유로 배틀그라운드를 즐기지 못해야됩니까 정지 당장풀어주세요 불법프로그램 사용을 한적도 없고 풀어주지 않으실꺼면 환불당장해주세요
2020-04-12,Recommended,핵잡고 밸런스 패치하고 오류잡으면 갓갬 지금은 갓겜 아님
2020-09-01,Recommended,일년전인가 피시방에서 몇판땡기고 집가서 씻고 반복하던 와중 갑자기 친구놈한테 연락이 왔다 배그를 같이하자고 하더라구요 ? 스팀에 배틀그라운드 게임중이라고 떠서 겜하는중인줄 알았다는데 난 이미집와서 누웠음 . 이때까지도 뭔 소리냐 그러고 말았음 . 담날 피시방을 가서 설레는 마음으로 배그를켰는데 ? 영정당함 ^^ 혼자 내가 접속한 피시방 제외 아이피따서 확인햇더니 서울쪽에서 아이피가뜨는데 길바닥^^ 열나지만 2차 스팀가드 안한내잘못 ㅇㅈ 하고 이메일 양식에 맞게 다 적어서 본사로 보냈다. 연락없는지 1년이다 . 전적확인하고 아이피 대조 해주세요 머구에서 서울까지 10분만에 가능한지.. 해킹범이랑 나랑 번갈아들어왓는거 인정하는데 아이피가 길바닥이잖음... 친구 가능성 있지 그래그래 나 머구토박이다.. 왕따임..친구없어요...^^ 스팀자체 로그인 기록 확인 부탁드립니다. 머구 지역권 밖으로 나가서 배그한적 단 한판도 없다. 배그 23시간 로그인기록 확인해주세요 너무 억울해서 그래요 .. 돈주고 샀는데 암것도 안하고 영정당함..  배그 겨우 플레이타임 23시간 해킹 영정당한 썰..
2017-07-03,Recommended,"요즘 굉장히 핫한 게임, 플레이어 언노운'스 배틀그라운드 입니다.  알 수 없는 지역을 이곳 저곳 수색하고, 장비를 파밍하여 처음 보는 사람들과 전투합니다. 플레이어가 100명에 가까운 수치임에도 불구하고 맵이 넓어 사람을 보는것이 쉬운일은 아닙니다. 대체 사람들은 어디에 있을까요? ...  라고 생각하는 동시에, 저 멀리 있던 누군가에게 죽게됩니다. 사람들은 주변에 있습니다. 하지만 모두들 짜고친것 마냥 그 누구도 얼굴을 보이지 않습니다. 먼저 움직이지도, 먼저 쏘지도 않습니다. 서로의 위치를 알아도 선뜻 쏠 수 없습니다. 왜냐구요? 사람들은 없는것이 아니라 안보이는 것일 뿐이니까요, 숨소리 조차 나지 않고, 사람이라곤 털끝도 보이지 않지만 아마도 모두 수풀 사이에서, 바위 뒤에서, 창문 너머로 당신만을 주시하고 있을겁니다. 마치 모두가 짜고 치는것 처럼요.  플탐이 굉장히 적은 뉴비이지만, 짧은 시간동안 강렬히 느꼈습니다. 게임이 정말 재밌습니다. 그 넓은 맵에서 항상 심장을 졸이며 조심히 움직여야하고, 건물들의 창문과 맵 전체를 계속 응시하며, 몰래 건물로 들어가 템을 파밍합니다. 이 과정 중에 바로 적들을 만나 싸움이 벌어질수도 있고, 느긋하게 파밍하고 중심부로 건너가 더욱 치열한 싸움이 일어날 수도 있습니다. 감탄했던 점은, 알게 모르게 펼쳐지는 심리싸움 이었습니다. 조여드는 제한구역에 사람들은 어쩔수 없이 안전 구역으로 뛰며 이동하게 되고, 하이에나 처럼 그들을 노리는 사람들. 인원이 얼마 남지 않은 상황, 모두가 서로 어딨는지 알지만 먼저 쐈다간 본인이 모두의 먹잇감이 될까봐 선뜻 공격하지 못하는 사람들. 공포게임도 아니지만 정말 벌벌 떨며 플레이 했네요.  게임은 정말 괜찮지만... 모두가 언급하는 개적화 문제가 정말 심각합니다. 달리다가도 뚝뚝 끊기고, 총 쏘다가도 끊기고 몇초 전으로 시간역행도 하고... 필자의 PC 사양이 나쁜건 아닙니다. 1060에 I5 6500 사용중입니다. 대충 시즈 울트라옵으로 100프레임 가량을 뽑는데, 이 게임을 버티질 못하네요. 이 점만 개선한다면 지금보다 훨씬 더 입에 오를수 있지 않을까 싶습니다.  그래도 간만에 정말 재밌게 한 게임이었습니다. 이 게임을 아직 구매하지 않으셨다면, 구매를 추천드리고 싶네요"
2017-07-22,Recommended,갓겜
2018-10-03,Recommended,아니 서버 선택기능 어디갔어요 오른쪽 하단에 KR 그 버튼
2017-07-12,Recommended,이봉주 온라인
2020-04-24,Recommended,핵만 없으면 좋을듯
2020-05-04,Not Recommended,오랜만에하는데중국인이참많네요^^
2018-06-23,Recommended,스파이더맨과 슈퍼맨과 배트맨이 존재하는 마블게임
2019-01-02,Not Recommended,서버 분리좀하세요!! 2시간째 서버 사용랑 이 많다는게 말이되냐 일좀하자
2018-03-04,Recommended,중국어 강사불러서 배우는거보다 배그로 배우는게 더빠름ㅋㅋ개 ㅆ 발 ㅂ 신 같은 중국인이 최대빌런이에요 자기장이 빌런이아니라
2017-12-05,Not Recommended,"그지같은 최적화에 감동받고, 핵쟁이에 또 감동받았다. 암이 암으로 치유되는 겜이다 ㄹㅇ"
2017-09-29,Not Recommended,서버문제를 해결하지못한다면 미래는없습니다
2018-02-20,Not Recommended,ㅗ
2018-10-23,Not Recommended,왜 샀지
2020-08-05,Not Recommended,"예전에 초창기때는 진짜 갓겜이라 생각했습니다. 완전한 국산은 아니지만 그래도 우리나라 회사에서 개발한만큼 의미있는 게임이라 생각됩니다. 그래서 초창기 이런저런 오류나 버그등 눈감아줄수 있는 까방권이 있었고 동접 300만 찍고 서버 터질때도 그러려니 봐줄만 했습니다. 하지만 현 시점에선 블루홀(지금은 회사이름이 바뀌었지만)이 작은 회사도 아니고 돈도 벌만큼 벌었지만 아직도 최적화가 쓰레기일 뿐더러 가끔 서버 오류도 많습니다. 배틀로얄이란 이제는 단물이 많이 빠진 진부한 컨텐츠 고여버린 고인물 위주, 그리고 핵쟁이들도 여전하고 일을 하는건지 안하는건지 잘 모르겠습니다. 중소기업 회사에서 대기업급으로 성장했지만 게임의 발전은 출발할때랑 전혀 다르지 않은것 같습니다."
2017-11-23,Not Recommended,"어느 순간부터 한국 게임계의 희망 같은 걸로 비춰지기 시작했는데, 게임이 계속 이 상태면 그 이미지가 언제까지 갈 지는 모르겠음.  게임이 핵쟁이와 서버 렉으로 범벅이 되어버렸는데 거기에 카카오 서버까지 들이부었다.  게임 자체에 문제가 있는데 계속 콘솔로 확장하고 퍼블리싱하는 것만 급급해서 문제가 해결이 안된 채로 여기저기 퍼지고만 있음.  이미 게임을 사놓은 스팀 유저가 국내 서버를 쓰려면 카카오 버전까지 두 번 사야 하는 건 진짜 문제 있는 거 아니냐?  백 번 양보해서 카카오 서버는 이미 엎어진 물이라 쳐줘도, 서버 렉, 핵쟁이 같은 근본적인 문제들이 계속 자리잡고 있으면 지금의 인기를 유지하는 건 둘째치고 더 이상의 유저를 끌어모으는 것도 힘들어질 것 같다.  물론 얼리 액세스니까 앞으로 이게 얼마나 나아질지는 모르겠다. 정식 출시 때 갑자기 모든 문제 싹 해결돼서 깔끔하게 출시하고 다시 갓겜 될 수도 있겠지.  그래도 난 일단 비추다"
2017-06-07,Recommended,따이완 남바완 -
2018-08-17,Recommended,재밌다 스릴넘친다 그러나 직장동료나 선배랑은 하지말자 하극상 일어난다
2020-09-06,Not Recommended,"too many cheater(ESP, Aim Bot etc) in game."
2018-10-26,Recommended,제발 핵좀잡으세요..-.-
2019-04-12,Not Recommended,딱히 요즘 은 재미 없음
2020-01-22,Not Recommended,짱깨 새끼들 때문에 못해먹겠네 치킨을 먹고 싶어도 손놓게 만드네 개같에서 이게임 하나봐라 싯바거
2019-04-22,Not Recommended,"욕하고팀킬하고그런초딩이 이게임을한다, 그리고 지가먼저시작하면서 신고를막한다, 그래서나는 지금 5월 21일까지정지다 나는 너무 억울하다. ㅠㅠ"
2018-03-17,Not Recommended,"재밌는 게임인건 맞지만 , 관리가 너무 개판임"
2018-02-12,Not Recommended,Region. Lock. China ▒█▀▀█ ▒█▀▀▀ ▒█▀▀█ ▀█▀ ▒█▀▀▀█ ▒█▄░▒█ ▒█▄▄▀ ▒█▀▀▀ ▒█░▄▄ ▒█░ ▒█░░▒█ ▒█▒█▒█ ▒█░▒█ ▒█▄▄▄ ▒█▄▄█ ▄█▄ ▒█▄▄▄█ ▒█░░▀█  ▒█░░░ ▒█▀▀▀█ ▒█▀▀█ ▒█░▄▀ ▒█░░░ ▒█░░▒█ ▒█░░░ ▒█▀▄░ ▒█▄▄█ ▒█▄▄▄█ ▒█▄▄█ ▒█░▒█  ▒█▀▀█ ▒█░▒█ ▀█▀ ▒█▄░▒█ ░█▀▀█ ▒█░░░ ▒█▀▀█ ▒█░ ▒█▒█▒█ ▒█▄▄█ ▒█▄▄█ ▒█░▒█ ▄█▄ ▒█░░▀█ ▒█░▒█
2018-10-01,Recommended,미라마랑 에란겔 맵선택 분리시켜주세요
2020-07-13,Not Recommended,핵이나 좀 쳐 잡아라 시발롬들아
2019-05-02,Recommended,배그가 배그했다
2018-06-21,Recommended,고인물 너무 많아요...
2020-06-10,Recommended,고딩때 배그 나오고 피시방 열심히 달려서 2주만에 300시간찍게해준 고마운겜 근데 스팀가드 안해놔서그런지 어떤새끼가 해킹해서 핵썼나보다 VAC밴먹었다 너네들은 스팀가드 무적권해놔라..
2018-11-05,Recommended,게임내 BP가 왜 -18000 인가요??
2019-12-17,Recommended,재밌어요 핵만 잡아주시면 ㅎ
