reviews,scores
항상 잘이용하고있어요,5
잘 먹었습니다,5
냉동 닭다리살 쓰시더라구요..양은 많았어요!,3
잘먹었습니다~ 양 엄청 많네요 ㅎㅎ,5
배달 안와요 번호도 없고 내일먹게요,1
역시 믿고 먹습니다!  오늘도 배불러서 다 못먹고 내일로 미뤘네요 ㅎㅎ   양도 맛도 항상 만족하고 갑니다!!,5
맛있게 잘 먹었습니다.,5
국물에 밥 비벼먹으니 겁나 맛나네요.ㅎ,5
기름이 너무 많은 점 빼고는 맛있었어용,4
양 많네요ㅎㅎㅎㅎㅎ,5
역시나 맛나요 !! 닭볶음탕은 여기서~~,5
닭냄새가 너무나서 못먹고 거의 버렸네요. 완전 속상합니다.  ㅠ,4
넘 맛있게 잘 먹었어요^^ 짱!!!,5
맛있게 잘먹었습니다 국물 많은 닭볶음탕을 선호하진 않는 편인데 괜찮게 먹었네요 ㅎㅎ,4
콜라큰거시켯는데 큰거안오고전화안받음,1
잘먹었어요 ㅎㅎㅎㅎㅎㅎ,5
닭도리탕은 항상 여기서 먹어요  리뷰쓴다고 하니 음료를 두개나 주셨어요  밥도 두개나 주셨네요  감사합니다  맛있게 잘 먹었어요  특히 여기 국물에 밥비벼 먹으면 완전 맛있어요,5
고춧가루 기반의 닭볶음탕 이에용ㅁ,5
언제나 맛있어요 여기 단골단골,5
1시간이넘도록  배달도 안오고  멉니까 취소도 안되고,1
맛있게 잘 먹었습니다~~,5
맛있게 잘 먹었습니다,4
종종 맛있게 먹었던곳인데 오늘은 닭에서 누린내가났어요..ㅠ음료수를 기대했는데 밥이 두개왔네요..ㅎ,3
맛잇게 잘 먹었습니다,5
양도 푸짐하고 맛도 좋아요! 배달도 예정 시간보다 20분 정도 일찍 와주셨네요,5
배송도 빠르고 맛있어요,5
밥이 다른 공깃밥용기가 아니라 그냥 스티로폼에 비닐로 오는건 별로네요,3
다른집에가서 저 불러도 대답안한다구 그냥 나두고 가겠다고 전화하고 가네요   열받음,1
먹고싶어서 또주문합니다,5
먹고싶어서 또주문합니다,5
고추기름이 조금 적었으면 좋겠어요 양념은 맛있고 가성비 좋아요,5
배달 닭볽음탕 치고는 진짜 괜찮음 덕분에 맛있는 식사했네요,5
늘 시켜먹는곳인데 오늘은 국물이 묽었어요ㅠ 원래는 텁텁하니 볶음탕 먹는 맛이었는데.. 서비스 양 배달은 늘 만족합니다!  이벤트로 주시는 녹용도 잘먹고 있습니다. 그런데 저번 당첨이벤트는 누락됐어서 한번 확인해주세요~^^,5
맛있습니다.맛있습니다,5
닭도리탕 찐맛집 발견햇슴다,5
서울에서 닭볶음탕은 항상 여기서만 시켜먹어요!!!  오늘 너무 배고파서 오자마자 먹느라 사진을 중간에 찍었어욥ㅠㅠㅠㅠ사장님 오늘도 넘나 맛나게 잘 먹었습니다!!!👍🏻👍🏻감사합니닷,5
Second time and its still the best dakdoritang in seoul 😍😍😍 사장님 감사합니다 ~~,5
두번째 주문했어요 맛도 양도 너무너무 만족해서 재주문 했는데 왜 대체 같은 부위만 있는거지 항의전화 했는데 제가 잘못 시킨거였네요 하핫^^;;;; 근데..솔직히 순살은 별로였네요ㅜㅜ 그래도 맛있어서 담에 또 주문 할겁니다^ ^,5
오랜만에 주문했는데 역시 맛있었어요~ 양도 넉넉해서 성인 둘이 먹었는데 남았어요!!  잘먹었습니다!,5
맛있게 잘 먹었습니다 양도 알차고 국물도 맛있어요,5
늘잘먹고있어요 맛있어요,5
역시 맛잇어요 간이 좀 약하게 해달라햇는데 너무 맛잇어요 ㅋㅋ,5
너무 맛있게 잘먹었습니다 또 시켜먹을게요!,5
배달도 빨랐고 잘먹었어요,5
질과양 모두 좋아용,5
요청사항도 잘 들어주시고 언제나 맛있어요!ㅎ 근데 문앞에 놔달라했는데 두드리셔서 당황.. 그래도 빨리오셔서 ㅎㅎ,5
역시 언제시켜도 맛난집~~,5
자주 시키는데 양도 많고 역시 맛있습니다,5
매콤한게 맛있게 잘 먹었어요!!한번씩 생각나는 맛이예요!!^^,5
맛있어서 재주문 했어요 ㅎㅎ,5
요청사항도 잘 들어주시고 맛있습니다 ~!,5
제가 간과한 사실… 여기는 그냥 닭도리탕도 저한테는 맵다는 거 ㅠㅠ 바보 같은 선택이었네요 그렇지만 맛있어서 습하습하 하면서 먹었어요!! 항상 닭도리탕은 멀어도 무조건 여기서만 시켜 먹어요 ♡ 다음에 또 시켜 먹을게요!! 감사합니다,5
얼큰 닭도리탕 지나치게 맵지 않고 이름대로 딱 얼큰해요! 고춧가루로 깔끔하게 칼칼한 그런 맛입니당. 넘 맛있어요~,5
잘먹었어요 엄청 맛있네요 김치는 좀개선하면 최고일듯 하네요,5
너무 좋아요 양도 많아요 ㅎㅎㅎ,5
항상 맛있어요 ㅋㅋ,5
닭도리탕 먹고 싶을땐 항상 시켜먹는 집입니다~! 추천해요,5
존맛탱! 잘먹었습니다.,5
너무너무 맛있어요! 보통사이즈 시켜도 양이 많아요!,5
후기가 좋아서 주문한건데 정말 맛있었어요 무지 맵고 자극적일거 같았는데 간도 딱좋고 맵기도 적당하고 맛이 깔끔하네요 감자도 맛있구요~~👍,5
믿고 주문합니다,5
맛나게 잘 먹었습니다.,5
맛있게 잘 먹었습니다~,5
The best dakdoritang in town 😋❤️ will definitely buy it again from this store.,5
항상 시킬때마다 느끼지만 정말 맛있습니다 이 지역 닭도리탕집중에 여기 따라오는데 없어요 그냥 하는말이 아니고 몇십번 시켜먹고 느낀거네요 앞으로도 변치않았으면 좋겠네요,5
맛있어요!!!!!!!,5
맛이 깔끔해요. 양도 둘이 먹기에 충분해요.매운맛을 좋아하는데..맵게도 주문이가능한가요?,5
출출한 야간 시간에 아주 맛있게 잘 먹었습니다 순살임에도 부드럽고 매콤달콤한 맛이 소주 생각나네요. 콜라도 두개 보내주셨네요. 원래 주시는줄 알았더라면 요청 안드렸을 것인데 죄송합니다.,5
역시믿고먹는 원조정가네닭도리탕 우연으로 이식당을안지 한달이 넘었네요 여기서만 시켜먹네요 감사합니다.,5
늘 잘 먹고 있습니다. 번창하세요!!,5
맛있었어요 굿굿.,5
맛점했습니다.리뷰콜라 감사합니다,5
잘 먹었습니다 대박나세요,5
잘 먹 엇 습 니 다,5
맛있고 배달도 빨라요#,5
진짜 맛있어요 재주문의사 100% 💗,5
주말 저녁이라 배달이 좀 늦었지만 맛있게 잘먹었습니다~~ 번창하세요~~,5
깔끔하고 맛이 좋네요,5
김치 닭도리탕도 존맛입니다,5
내장부분이 있었나 일부 닭에서 쓴맛이 있었지만 양도많고 맛있게 먹었습니다!! 다음에 또 시킬 의향 있어요~,5
맛있게 잘먹고 맛있게 해주셔서 감사합니다^^ 수고하세요,5
맛있게 잘 먹었습니다~!!!,5
맛있게 잘먹었습니다 다음엔 뼈도 시켜봐야 겟오요,5
"급하게 먹다 사진을,, 찍지 못했지만 맛있었어용! 국물이 조금 적었지만 밥말아서 정말 맛있게 먹었숩니당",5
사장님 진짜 너무 너무 맛있고 간도 적당하고 양도 많아서 저같이 자취하는 사람들이 주말에 한번씩 시켜먹기도 너무너무 좋습니다 항상 감사하고 번창 하셨으면 좋겠고 사장님 혹시 그거 아세요 사람이 너무 맛있는 음식을 먹으면 기억을 잃는데요사장님 혹시 그거 아세요 사람이 너무 맛있는 음식을 먹으면 기억을 잃는데요사장님 혹시 그거 아세요 사람이 너무 맛있는 음식을 먹으면 기억을 잃는데요사장님 혹시 그거 아세요 사람이 너무 맛있는 음식을 먹으면 기억을 잃는데요사장님 혹시 그거 아세요 사람이 너무 맛있는 음식을 먹으면 기억을 잃는데요,5
좀 밍밍하게 느껴 졌어요..기댈 너무 햇나봐요,5
가장 작은거 주문했는데 양이 여자기준 4인분이에요  떡도 맛있어서 사리 추가할걸 했는데 이미 넉넉히 들어있어서 충분히 먹었어요  많이 안짜고 많이 안맵고 많이 안달고 딱 많은 사람들이 대중적으로 좋아할 맛이에요  잘 먹었습니다  감사합니다,5
맛있어요 누가시켜도 후회하지 않을  맛,5
잘~~~~~~~~먹었습니다 ^^,5
맛있게 잘 먹었습니다ㅎㅎ나중에 또 시킬게요!,5
맛있게잘먹었습니다 또주문할께요,5
국물이 적어서 싱거울줄 알았는데 양념이 장난아니에요~ 사장님 국물이 모자라요  양념이 너무 맛있어서 거의 핱아먹었어요 스트레스 날릴수 있는 맛있게 매운맛 !!!,5
음식 맛잇어요  국물이 좀 더 잇음 좋겟어요,5
맛은 당연히 최고!!!!,5
요구사항도 항상잘들어주시고 번창하세요,5
맛있게 잘 먹었어요 또 시킬게요,5
뭐야 왜이렇게 맛있고 양이개쩔지?,5
칼칼하면서 달콤 맛이 더해   넘맛있습니다,5
"배달도 빠르고, 오랜만에 시켰는데 여전히 맛있네요ㅎㅎ잘먹었습니당~",5
배달도 빠르고 여전히 맛있게 잘 먹고있습니다!!,5
양도많고 넘 맛있어요~,5
양도많고 매콤하게 맛있게 먹었어요^^,5
배달도 빠르도 맛있게 잘먹엇습니다,5
먹다가 감자에서 뭔가 나왔는데 이거 뭔가요?  지금껏 감자를 먹으면서 이런건 본적이 없는것같은데,1
맛있게 잘 먹었어요,4
이 집 맛있네요!!! 순살로 시켰는데 맛있었어요!!!,5
맛잇네요 담에 또 시켜먹을 것 같아요 리뷰 좋은 이유가 다 있네요,5
맛나게 잘먹었어요 수고하셔요,5
매콤하고 맛있어요. 다음에 또시킬께요,5
맛있어요 잘먹었습니다,5
고기도 부드럽고 양념도 좋네요 맛있게 잘 먹었습니다~,5
깔끔하고 깨끗한 기분좋은 매운맛,5
떡닭도리탕 잘먹었습니다!  양념이 맛있었어요!  보내주신 콜라도 잘 먹었구오!♡  근데 다 좋은데 김치가 맛이..ㅠ.ㅠ 제스타일이 아니네오옹,5
"네번째 주문이에요!!!! 한식파 제입맛엔 완전 제스타일~~~~~  양 많아서 두번 나눠서 먹는편이구요~~~ 밥이랑 한끼 식사 찰떡입니다 :-)  다만, 음식이 엄청 따뜻해서 김치랑 콜라를 위에 주시면 항상 쫌 미지근해서 여력이 되시면 따로 포장 해서 주시면 더 좋을 것 같긴 해요!! (추가 바램 ㅎㅎ)  좋은 하루 되시고 또 주문할게요",5
맛있네요 공기밥은 없으니까 참고하세요,5
재주문 많은거 보고 주문해봤는데 너무 맛있어용! 여태까지 먹었던 닭도리탕중에 제일 맛있어용!,5
순살이라 먹기 편하고 맛있네요,5
매번 맛있게 먹고 있어요 근데 배달 예상시간이 애초에 75분이라 그것도 오래 걸리긴한데 실제로는 90분정도 걸려서 왔네요,5
잘받았습니다. 정말 맛은 저랑 맞는것같습니다~^^  아 그리고 오늘은 국물이 조금  부족하다고 느꼈습니다. 잘먹고있습니다. 사장님 화이팅~^^,5
매우 맛있어요. 음료수 서비스도 감사합니다.,5
너무 맛있어요 ㅋㅋㅋ,5
맛나용~^^ 계속여기서만 시켜먹어요,5
만족합니다. 번창하세요,5
맛있게 잘~먹었습니다!,5
언제 먹어도 맛있어요,5
언제먹어도 맛있어요,5
맛있게 잘 먹었습니다,5
맛있습니다 번창하십쇼,5
닭볶음탕만 먹었었는데 찜닭도 맛있습니다,5
양도 푸짐하고 자극적이지도 않아요 감자도 푹 익었고~ 수제비 치즈 등 옵션으로 추가할만한게 있었으면 좋을것같아요. 국물이 넘 아깝네요,5
최고에요 추천합니다,5
배달원 관리가 전혀없음 현관출입번호와 비대면이니 배달 후 문자 남겨달라했는데 건물 출입구에서도 집앞에서도 초인종 따박따박 눌러대는데 적당히들 하세요들,1
닭도리탕 맛잇어서 찜닭시켜봣습니다  잘먹엇습니다,5
정말.  맛있네요.,5
맛 좋고 양도 많아요,5
리뷰가 늦었네요. 오랜만에 땡겨서 주문했는데 순살이라 먹기도 편하고 맛있네요,5
늘 시켜먹었는데 맛은 항상 맛있습니다. 쿠폰열장 모았으니 담에 사용혀야겠네요,5
"뭔가 미더덕 같은,, 것도 들어있음 좋을 것 같아요",5
맛있어요 ㅎㅎ 번창하세용,5
맛이없어요 다시는 안먹음,1
너무 맛있었어여 간도 잘 배어있고 딱 정석 닭도리탕 맛입니다! 남자친구가 닭도리탕 처음 먹어봤는데 찜닭보다 맛있다고 하더라구여ㅋㅋㅋㅋ 앞으로 정착할 듯 합니다 잘먹었습니다~~!,5
"배달 제 시간에 도착했고요, 맛 도 좋았습니다",4
항상 맛있어요 좋아요,5
더운 날씨에 빨리 배달해 주셔서 감사합니다,5
얼큰한것보다 매운거 못먹는데 엄청 맵네요 ㅜㅜ,3
말이 필요없습나다. 가격 양 배달 서비스 까지 완벽합니다 ㅎ 김치 안젛아해서 다음에는 김치 깍두기 빼고 주문해야겠어요 ㅎㅎ,5
배구보믄서 잘먹었어여~,5
닭볶음탕 원조! 진짜 요기요에서 젤 맛있는 닭볶음탕집~ 후회하지 않으실거예요~ 늘 닭볶음탕은 여기서만 시켜먹는^^ 이번에도 잘 먹었습니다~사장님 대박나세용!,5
묵은지인지 새콤하니 맛있었어요.,5
매콤하고 넘 맛있게 먹었어요. 양념은 밥 비벼 먹었어요ㅋ 서비스 콜라도 잘 먹었어요.,5
잘먹었습니다 .....,3
삼계탕   최악이다,1
저녁시간이기도 해서 배달이 좀 늦었음. 전화로 문의했는데 사과와 함께 친절하게 응대해주셔서 좀 짜증났던 것도 수그라들음  순살인데 고기가 큼지막해서 놀랐음. 소자인데도 생각보다 양도 든든했고 맛도 좋았음!  밥 양이 약간 부족한 느낌이었지만 메인이 맛있어서 괜찮았음,5
배달은 늦었지만 양도 많고 맛있어요 다음엔 닭도리탕 먹어보려구요,5
넘 맛있습니다~~ ㅎㅎㅎㅎ,5
기대 이상으로 맛있었어요 작은걸로 주문 했는데 양이 많네요 감사합니다.,5
너무맛있어요 진짜 좋은집 발견한것같아요 다음에는 조금더 맵게 가능한가요 사장님?,5
맛있게 잘 먹었습니다,5
빠른배송감사요.  배달예상시간보다 14분전도착했네요 첨으로 주문하는데. 정말 맛있네요.  배달포장도 깔끔하고 콜라도500짜리하나더줬네요 감사합니다. 잘먹었습니다,5
"배달도 오래걸리지 않고, 양도 많고, 맛있게 잘 먹었습니다.",4
존맛탱구리에요옹ㅎㅎㅎ,5
한번씩 생각날때마다 시키는데 그때마다 맛있어요 한결같아서 좋아요 음료도 잘마실게요^^,5
순살 너무 맛좋아용,5
처음시켜봤는데요  맛있네용  술안주로 최고요 남은 양념에 밥 볶아먹으려구요^^,5
항상 믿고 닭도리탕 시키는데 친구랑 배불리 맛있게 잘 먹었습니다!!!,5
맛잇게잘먹어씁니다~~,5
맛있네요.  재료아끼지 않는 이런집이 좋더라,5
서비스도 잘주셨고 무엇보다 맛있네요   다른말보단 맛있다는게 제일 좋은거같습니다   잘먹었어요,5
느므 맛있음!!!,5
맛있어요~~^^대박,5
맛있게 잘 먹었어요~^^,5
저번에 닭볶음탕 먹고 맛있어서 찜닭도 시켜봤어요! 저는 둘중하나 고르라면 닭볶음탕 한표요~,5
언제 먹어도 존맛탱,5
야미~~~~배달 제시간안에 도착했구 존맛입니다 대박!,5
항상 잘먹고 있습니다. 오늘도 넘나 양많고 맛있네요*^,5
휴대폰 카메라가 문제가 있어서 사진을 못 찍었네요 맛있게 잘 먹었어요,5
배달이너무심하게늦게왔어요음식보다배송완료문자가30분전에떴어요뭐가잘못된줄알고걱정했어요,1
재주문했어요 너무 맛있고 매워요,5
1시간이내로 온대서 기다렸다가 안오셔서 전화드렸는데 전화도 다 안받으시더라구요 거의 2시간 기다렸는데 사과 한마디 없으시구요..ㅜ,1
평소 여기서 자주 시켜먹었는데 오늘은 유독 오래걸리네요.. 배달 60분 예상시간 알림 받았는데 별다른 이야기없이 70분이 남어가도 배달이안와서 요기요 통해서 문의하니 80분쯤 되는시간에 배달시작했다고.. 그러고도 한참 기다려서 거의 두시간 기다려서 받겠네요.. 밥을 두시간 기다렸다가 먹어보기도하네요 ㅜㅜ.. 집주소기준 1.5km 거리에있는 식당에서 오는데 이렇게 오래 걸릴 수 있나요? 배달만 40분은 넘게 걸린것같은데.. 배달 별 0개 주고싶은데 최소 하나 이상 선택하라고 나옵니다,2
배달이 좀 늦어찌만 역시나 맛잇눈 슌살 ❤,5
맛있게 잘먹었습니다!! 너무 맛있어서 사진 찍기전에 다 먹어버렸네요.. ㅎㅎ,5
정 말 잘 먹 었 어 요!,5
와..대박 맛있어요 아침부터 닭도리탕 시켜먹고싶어 먹었는데 넘 맛있어요 닭은 쫄깃하고 국물먹은 감자는 촉촉하고 환상이네요 Good!,5
양이먆네여 맛도 괜찮습니다,4
비린내도 안나고 맵기도 적당합니다.,4
맛있게 잘 먹었어요~ 양이 많고 고기가 부드러워요,5
배달시간이1시간45분 걸렸네요  맛을보고나니 기다리며 나던 짜증이 사라졌네요 맛있게 먹고있습니다,4
잘 먹었습니다. 번창하세요!,5
오랜만에 주문했는데 맛있게먹었어여 사진 찍어야하는데 남표니 한조각 쫌 뜯어먹었네여..ㅎ감자는 둘다 별로 안좋아해서..고기가 쫌많았으면 싶었네요,5
이번에도 맛있게 잘 먹었습니다 ^^,5
잘 먹었어요~~~~,5
여기가 아니면 정답은 없다,5
시키고 정말 만족했습니다,5
맛있게 잘먹었습니다 ㅎㅎ 감사합니다~~,5
혼자먹다보니 남은 사진만 찍겓히었네요  맛있습니다 추천드려요,5
맜있어요 배달도 빠르고요,5
밋있어영 또 먹을게용,5
배달빠르고 맛있습니다,5
진짜 맛잇어요 ㄹㅇ,5
맛있고 푸짐하네요 ㅎㅎ,5
맛있게 먹었어요~,5
리뷰 많은거 보고 주문했는데 맛있어요~ 근데 양이 좀 작네요 둘이 중자는 시켜야할거같아요 맛있습니다,5
바로먹어서 사진도 못 찍었네요😂 진짜 맛있습니다! 회사에서 같이 시켜먹었는데 양도 많고 좋았어요! 당면도 많아서 마지막까지 맛나게 먹었습니다! 공기밥도 양이 많습니다! 🍚🍚🍚 오랫만에 기분좋게 점심먹은 것 같아요!!,5
늘 맛있게 잘먹구 있습니다~~^^,5
맛있어요~~~~ 회사에서 시켜먹느라 사진을 못찍었네옹 특히 감자 알크고 맛있네요,5
진짜 양푸짐 맛도 짜지않고 저에겐딱 좋았어요^^ 요청사항도 너무잘들어주셔서 매우 맛나게 먹었어요,5
진짜 맛있어요 ㅠㅠ  자취생이라 일회용품 많이 부탁드렸는데 들어주셔서 감사합니다  두명이서 배터지게 먹고 낼은 우동사리 볶음밥 해먹을겁니다! 이사와서 처음 시킨 집인데 맘에 들어서 여기서 계속 시킬 것 같아요 양많고 배달도 친절하시고 자극적이게 맛있고 콜라 두개나 주셨어요 많이파세요,5
배송빠르고 맛있어요.,5
배달 빨리해주셔서 좋았고 너무 맛있었습니다,5
맛있게 잘먹었습니다~,5
"한시간 넘는 기다림… 배달하고 안 알려쥬시고 가신 배달아저씨… 야속해서 넘 피곤하지만, 얼큰 냄새맡고 소주 각… ㅎㅎㅎ 맛잇어여!!!",5
얼큰하고 맛 있네요~~~,5
잘먹었습니다~~~~~~~,5
이런곳에서 삼계탕같은건 안시키는건 알았지만 상태가 심각해요. 1인당 12000원인데 계는 작고 뼈는 으스러지고 고기 살은 익었는데 빨간게 있고 하여간 기분더러워지는 맛이었습니다. 다른 메뉴는 모르겠지만 삼계탕은 시키지 마시길.. 사장님이 직접 먹는다 생각하고 만드셨음 참 좋겠네요 초복날 기분 잡쳤습니다..,1
정말 맛있습니다! 닭도리탕은 항상 여기서만먹어요,5
친구랑 잘먹었습니다ㅎㅎ 떡도 쫄깃해요ㅎㅎ,5
맛이  good!!  떡도잇고감자도 very nice~,4
맛있게먹었읍니다 아침부터 새주 한잔 혔네요,5
언제나 맛있고 좋아요,5
맛있고 양많고 배달도 빠르네요 ㅎㅎ 정말 잘 먹었습니다!,5
정말 최악.못먹고 버렸어요. 태어나 이런거 처음이에요. 뼈가 다 으스러져요.닭뼈 잘못먹음 안되는거 아시죠? 먹는내내 자잘한 뼈조각이 막 씹혀서 불안해서 다 버렸습니다. 어찌조리하면 이리되나요?냉동닭 쓰시나요?정말 너무 무서울정도입니다.입안에 뼈조각이 마구 .정말 끔찍하네요,1
배달도 예상보다 빠르고 작은 사이즈인데도 거이 배터지게 먹었습니다 맛은 두말할거없구요,5
맛있어요 고기가 큼직해서 넘 젛아요 또 시켜먹을거에요!,5
삼시세끼 다*묵음 맛있음 마지막에 양념남은걸로 뽁음밥해먹으니까 존맛,5
맛있게 잘먹었어요~~~!,5
너무 맛있고 양도 많고 또 시켜 먹을께용,5
"#식후감 배달 문자를 받고 개봉을 한순간. 리뷰써시스로 주신 콜라와 물에 일단 감탄, 뚜껑을 여는 순간 코끝에 와닿는 닭볶음탕에 향기 한입 넣는 순간 자동적으로 머무는 입가에 미소, 밥한술에 녹듯이 비벼지는 국물이 끝내주더군요. 너무 앙도 너무 많아서 어떻게 다먹지 걱정했는데 어느새 바닥이 보이더군요. 맛있게 잘 먹었어요.^^",5
배달해주시는 기사님도 친절하셨고 맛도 대박이에요🤤리뷰 깜빡하고 열심히 먹다가 찍었어요!! 앞으로도 닭도리탕은 여기서 시켜먹을게요 👍🏻👍🏻👍🏻,5
닭에서 냄새가 나요…. 닭 처음에 데칠때 나는 그 특유에 냄새가…. 전 제대로 먹지도 못하고 결국 젓가락 내려 놓았네요….,2
👌🏻👌🏻👌🏻👌🏻👌🏻👌🏻👌🏻👌🏻👌🏻👌🏻👌🏻👌🏻,5
닭도리탕은 여기가 진짜 존맛탱 ㅠ,5
항상 맛있게 먹고 있습니다,5
진짜 맛있게 잘먹었습니다~~,5
간도 좋고 양도 많아서 딱 좋았던거 같아요!!!,5
음식주문한지 1시간50분만에도착 완전늦은시간저녁식사~도착예정시간 2분전표시된후 소식깜깜 이후30분후도착~ 가계전화도 안받고 요기요고객센터는 계속 지연죄송톡만오고 화가머리끝까지올라가서 취소하려고 전화할때쯤통화하고도 한참후도착 밤10시다되온 음식은 다식었고 당면은불었고 기디ㅏ리는시간최악 그나마위안된건 음식맛은 괜춘~그덕분에 화를삭힘ㅠ ㅠ 배달시킬때는 음식점거리확인필수 음식맛은 괜찮으나 깍두기는셔서 버림 기다리는시간 등 다시시키고싶지 않을듯~,1
달짝지근하이 쳐 직이네,5
맛나용!! 매콤 하고 정말 맛있어요~,5
"이제까지 별점을 4점이하로 준적이없는데 오늘 당신들은 0.1개도 아깝습니다 단순히 늦게와서가 아닙니다 전화는 정확히 5통을 걸었는데 맨처음 딱 한번받고 한다는말이 주문많아서늦으니까 어쩔수없다? 자기할말만 하고 끊고서 묵묵부답,뭐하자는겁니까? 입다물고 얌전히 기다리라는겁니까? 제 주문내역 보시면 아시겠지만 한번도 혹평 단적없고요 좋게좋게 리뷰썼었는데 많이 실망스럽네요 이 리뷰 지우지마세요 주말에 비오고 하나 이해하지만 대처가 정말 좋지못했네요 수고하세요",1
오늘도 잘 먹었습니다^^,5
나쁘지 않습니다..,4
맛있어요 양도많고 좋아요,5
양 많아요 ~ 고춧가루가 엄청 많긴 한데 칼칼해서 좋아요,5
내일까지도 충분히 먹을수 있겠군요 배달시간은 1시간정도 감안하시고 음료수나 물은 시원하지 않으니 받자마자 냉장고 넣으시기 바랍나다,5
마싯어요 먹을만함 맵지도 않고  감자추가 못하는게 아쉽,5
늦게 온 거 빼고 무난해요 ㅎ,4
감자가많이왔으면 좋겠어요!,3
양많고 맛있어요 굿굿,5
와 맛도있는데 음료를 이렇게 많이 주실줄은몰랐어요 최고네요 이따 술안주로 또 먹을듯해요..맛있는거 먹을땐 영칼로리잖아요 하하,5
👍👍👍👍👍👍,5
재주문입니다!  맛있어서 또 시켰어요~~~  주문 추가할것이 잇어서 전화드렸는데 점심시간 바쁘신 와중에 친절 대응 해 주셔서 감사합니다!  콜라 두개 챙겨 주셨어요~~~ 감사합니다!  맛있고 친절하고 양많은 동네 맛집!!!! 또 시켜먹을게용  한가지 아쉬운곤 콜라가 너무 흔들렸는지 열었더니 폭발을 했어요 ㅠㅠ 흑흑,5
"콜라가 2개가 왔지만... 정말 신경쓰셔야하는 주문에 집중하지 않으셨던것같아요. 공기밥 5개가 안 와서 전화드리니까 점심시간이라 받을 수 있는 시간이 늦을것같다고, 햇반으로 5개 직접 조리해야하는 상태로 배달기사분이 가져다 주셨네요. 전자렌지 없는 집에서는 못먹었을테죠.. 맛은 당면, 떡이 엄청 너무 불어있었구요.. 그냥 집에 재료있었으면 비슷하게 해먹을 수 있었을 것같아요.. 일단 밥이 누락돼서 기분좋게 주문했지만 기분이 상한 상태로 먹었네요. 별점은 원래 더 가혹하게 드리고 싶었지만 콜라를 2개 주셔서 3개 드립니다..",3
사진은 미처못찍었네요 늦은시간 원조네 닭도리탕생각나서 시켰는데 역시 맛있네요..맛을떠나 양도 너무푸짐하고 완전혜자입니다. 닭도리탕은 거의 넘버원급인것같아요 오래오래번창하세요,5
맛있게 잘 먹었습니다.,5
맛잇게 잘먹엇습니다. 도리탕도 맛잇게 먹엇는디 찜닭도 정말 맛잇어요.,5
맛있어요!  비 오는데 고생하십니다 감사해요,5
겁나맛잇음 콜라 2개나받음 사장님 사랑해요ㅋㅋㅋ 가격도 개쌈,5
맛도양도 여기만한곳이없음,5
역시 양많고 맛있습니다!!!!! 배부르게 잘 먹었습니당^^ 음료 서비스 감사합니다,5
잘 먹었습니다   종종 주문할게요,4
진짜 맛있습니다....  평다 좋길래 그냥 그려러니햏는데 맛집!,5
맛은 보통이고 배달이 한시반 반 정도 기다리다가 열받았음,3
계속 시켜먹고 있습니다.,5
너무 짰어요..전엔 안짜고 되게 맛있었는데...,3
완전 완전 닭볶음탕 맛집~! 원래도 맛잇지만 요래조래 요청사항 따라서 다 맞춰서 해주시니 더더 만족입니당 감사히 맛있게 잘 먹었습니당 서비스도 항상 감사해용  또 또 주문할께용 대박 맛집 추천합니다!,5
너무 맛있고 싸고 양도많고 대만족입니다 100점짜리,5
처음시켜보는데 너무맛있어요 ㅎㅎ,5
맛있는 닭도리탕 허겁지겁 먹으려다가 찍었네용ㅋㅋㅋ 맛있어서 또 시켜먹고있어요 소자인데도 양이 많고 장말 배불리 먹을수있는거 같아요 ㅎㅎ 정말 맛있게 잘먹었고 다음에 또 생각날때 시켜먹을게용!!,5
별로에요 찜닭은 아닌것같네요,1
1년넘게 이용하는 가게중 한곳 입니다. 맛.앙.가성비 다 만족합니다.,5
맛은 쏘쏘합니다 양도 많고 가격도 할인받아서 좋은데 용기가 대접으로 되어있음 더 좋겟습니다,5
음식은 대박 맛있습니다. 헌데.. 배달 상태가.. 무슨 다 세어서 왔어요... 그래도 맛있어서 잘 먹었습니다,5
항상 맛있게 잘 먹고 있어요 근데 당첨 되었다고 해서 지난번에 전달사항에 다 썻는데 당첨품이 안 왔네요 이번엔 지난번에도 당첨되었다고 해서 전달사항에 두번 당첨된 날짜 다 적었네요 두번 다 한달도 되기 전이라서 유효할테니 참고부탁드려요,5
딸아이가 먹고싶다고해 주문했는데 매콤고 맛있다네요 서비스콜라도 잘받았습니다,5
빨리 왔어요! 양도 푸짐하고  소짜 두명이서 충분해요...콜라 물 서비스 까지. 잘먹겠습니다^^,5
이미다 먹고난 다음 사진입니다! 평소에 저녁이 남편어플로 시켰을때 너무 맛있었는데 아침에 처음시켰는데 얼큰닭도리탕 맛이 아니었어요ㅠㅠ 집들이 음식이었는데 너무 아쉽네요ㅠㅠ 원래는 진짜진짜 맛있었는데ㅠㅠ,3
고추가루가 많은거 빼곤 정말 맛있었습니다!!,5
맛 양 모두 좋아요~!! 배달 1시간예상인데 25분늦게온거빼고는..,5
"여기 닭도리탕 맛집이에요,,, 정말 맛있어요!!!  순살로먹으니 뼈도없고편하게 맛잇게 잘먹엇슙니다 ❤ 서비스로 콜라와 물도 잘받았어용",5
양많고 맛있고 아주나이스♡♡,5
맛있음 달짠 자극적이라 좋음,5
맛있게 먹었습니다! 다만 고춧가루가 너무 많이 들어가있다는 느낌을 받아서요ㅠㅠ 이것빼고는 너무 맛있었습니다!,5
자주 시켜먹는 닭볶음탕 맛집~!!! 오늘도 서비스 콜라까지 2개나 넣어주시고 너무너무 맛있게 잘 먹었습니당^^ 닭볶음탕이 생각날땐 무조건 여기~! 강추!!!!꼬옥 드셔보세요~,5
맛잇게 먹었습니다 제가 일회용 요청을 눌렀는데 안 와서 집에 있던 나무젓가락을 썻네요,5
"최근 먹어본 닭볶음탕중 최고예요~ 포장도 깔끔.,",5
맛있어요~감자가 좀더 있었으면 좋았겠어요~그래도 맛있습니다~~^^,5
닭볶음탕 맛있어요 반주용으로 시켰는데 너무많아서 다 못먹었어요,4
바쁘셨는지 일회용 수저 젓가락 필요하다고 체크 했는데 안 넣어주셨더라구요 ㅠㅠ  서비스로 물하고 콜라 감사합니다.  너무 안매울까봐 얼큰으로 시켰는데 리뷰랑 다르게 저에겐 맵네요.  오픈 할때 닭볶음창의 향기가 무척 좋습니다.  다음엔 안매운 맛으로 시켜야겠어요.  참고로 떡은 쌀떡이네요. 떡도 쫀득하니 맛있어요.  물은 많이 먹었지만 맛있었습니다. 잘먹겠습니다.   번창하세요. 감사합니다.,4
맛있게 잘 먹었습니다,5
정말 맛있어요 종종 시켜먹을게요,5
넘 맛있게 먹다보니 배 터질것 같아요 ㅋㅋㅋ 닭도리탕은 여기가 답이예요^^!! 넘넘 맛있어요♡♡♡,5
잘 먹 엇 어 요,5
맛있는데 양이 생각보다 적네요ㅠㅠ 맛도 좋고 다 좋아요!,5
리뷰가 늦어 죄송합니다 ㅠㅠ!!! 다른분이 쓴 닭도리탕 리뷰보고 설마했습니다 제가 찜닭 자주시켜먹는데 이렇게 맛깔나는곳이 없는데 왜 리뷰가 안좋은가 해서 직접시켜먹었는데  왜 안좋게 쓰셨는지 모르겠네요 기깔나게 맛있고 양도 푸짐해서 둘이서 다 못먹습니다. 찜닭뿐 아니라 닭도리탕도 맛이 기가막히니 모두 안심하고 배달시켜드셔도 됩니다!! 서비스콜라 잘 먹었습니다 충성충성!!,5
맜있게 잘 먹었습니다,4
얼큰인데 전에 먹던 얼큰닭도리탕보다는 덜한것같아요! 평일점심시간에 시켰는데 배달시간이 오래걸려서 아쉬웠지만 맛있게먹었습니다 항상 닭도리탕은 여기 먹어요!,5
맛있게 잘 먹겠습니다^^,5
오랜만에 시켜먹었어요 역시 양많네요 잘먹었습니다,5
감자 비율이 조금 많아진 것 말고는 다 좋습니다.,4
"서비스 무슨일인가요 사장님 ㅠㅠ 잘먹을게요 맛두 넘 맛있어요 밥도 두그릇이나 먹었답니다,,  번창하세요🥺🙏🏻",5
군 문제로 3년만에 다시 시켜보는데 그때 맛 그대로 여전히 맛있네요,5
50분 걸린다고 문자왔는데 25분만에 왔어요~ 이사가기 전에 쿠폰 모으며 엄청 시켰는데 오랜만에 주문했어요~ 긴가민가했는데 같은 집 맞았고 여전히 맛있네요^^,5
배달도 빠르고 맛나요.,5
맛잇게 잘 먹엇습니다. 첫 주문  성공,5
배달빠르구매콤달달 딱조아요 쌀떡 짱,5
맛있게 잘 먹었습니다~~~,5
맛  양 배달 서비스  대만족 여기가 진짜임,5
너무 맛있게먹어서 사진은 없네요 아침에 배가고파서 시켰는데 60분이걸린다고 알람이왔는데 거의 한시간반만에 도착했어요 근데 기다린 보람은있네요 맛있었어요 식지도않아서 좋았어요!!,5
잘먹었습니다~~~~~,5
닭도리탕 집 중에서 제일 부담없이 먹을만한 편입니다,5
평소엔 참 맛있는집인데 오늘은 한시간 넘게 걸렸고 음식도 다 식어서 왔어요...,5
매콤하고 맛있고 음료수랑 생수서비스 감사해요😊❤️ 다만 공기밥 별도인게아쉽지만 좋아요👍🏻,5
양은 푸짐해요 근데 고춧가루 텁텁한 맛만 나고 조미료를 안썼다고 하시는데 ..정말 안썻니봐요 밍밍한 부족한 맛입니다..  그리고 예상시간보다 훨씬 긴 75분으로 떠서 바로 취소하려고  시킨지 2분도 안되어서 바로 취소요청 드렸는데 안된다고  바로 말하시고 한시간내 보내주신다더니 꼬박 75분 다 걸리네요.. 재주문 없을 것 같습니다.,1
양도 만고 맛있어요.,5
항상 맛있게 먹고 있습니다 배달이 60분 걸린다고 했었는데 90분 걸려서 배가 많이 고파졌던데 약간 흠이네요,5
자주먹는집인데 저번엔 고기가 마르고 질겼어요,3
오랜만에 주문했는데. 선택잘못해서. 순살로 시켰는데. 순살도 맛있네요 ..,5
맛있게자알먹었습니다,5
"푸짐하게 주셨네요..늦은 시간이지만 닭고기 , 당면, 큰 감자, 떡볶이라서 그리 부담은 없구요. 서비스로 주신 생수, 콜라 감사드려요. 다만 제 입맛에는 조금 달아요. 하지만 맛도 있고 정성이 느껴져서 좋았어요~~~ 오자마자 급히 먹어서 사진 못 찍었네요 ㅠ 배달시간은 좀 걸리니  1시간전에 주문하세요^^",4
배달이 20분 넘게 늦게 왔어요 그래서 고기가 약간 식어서 딱딱하네요 ㅜㅜ 식지 않았다면 더 맛있었을것 같아요 양은 적당했어요,4
배달은 늦었지만 양도 많고 음료수와 생수까지 챙겨주시는 센스....맛있게 먹겟습니다~^^,5
순살은 말라있고 닭냄새 엄청나고 이딴게 5점이라  하~~~,1
금요일이라서 그런지 배달이 엄청 오래걸렸네요ㅠ 맛있게 잘먹었습니다!,4
"얼큰은 처음 시켰는데, 맵지않고 맛있어요 ^^ 항상 먹다보면 배가 찢어질것 같을때까지 먹게되는게 단점이에요 ㅋㅋ 맛있습니다~",5
"간도 너무 적당하고 너무달지도 짜지도않고 양도 꽤 되고 김치도 맛있고 정말 다 맛있는데, 열자마자 당면부터 먹었는데 좀 많이퍼져있어서 그게 너무아쉬었어요.  하지만 저녁반찬으로 잘먹었습니다~~~",5
배달도 빠르고 맛있습니다,5
항상 얼큰먹다가 일반시켰는데  전 얼큰한게 더 입맛에 맞네영 :) 근데 오늘 양이... 중자시켰는데 예전과는 다른 느낌이네요ㅠㅠ 조금 아쉽습니당ㅠ,5
양많고 맛있어요~~,5
"둘이서 먹고도 반이상이 남아요 양,맛 만족합니다",5
장먹었어요 또 시킬게요,5
배달도 빠르고 양도 많고 맛있네요 생각보다 많이 남아서 냉장고에 넣어놨다가 아침에 끓여서 또 먹어야겠어요(괜찮겠죠?),5
저번에 시키고 맛있어서 또주문했습니다. 양은 진짜많았구요. 야채 빼달라는 주문 들어주셔서 감사해요. 당면따로 달라하는게 진짜좋은거같아요. 저는 혼자먹기때문에 나눠먹어 뿔수가있어서 ㅠㅠ 당면 양도 엄청 많이주셔서 배부르게 잘먹었어요 평소에 찜닭을 잘안먹긴 하는데 맛들려서 자주시킬듯,5
맛있어요,5
사장님~~상품으로 녹용까지 주시고 너무 감사해요ㅜ ㅜ 어버이날이라 부모님드리니 너무 좋아하시네요 잡내도 안나고 맛있다고 하시네요 부모님 체력이 좀 약해진 것 같아 좀 걱정스러웠었는데 덕분에 효도 했어요 사장님 너무 감사합니다~~♡♡ 그리고 찜닭도 너무 맛있어요 항상  닭도리탕만 먹다가 이번에 처음으로 찜닭도 시켜봤는데 이것도 진짜 맛있네요 밖에서 찜닭 종종 사먹는데 그 맛이랑 똑같아요 한 번에 다 못 먹어서 다음날 데워 먹었는데도 맛있네요 배달도 예상시간보다 더 빨리 왔어요 항상 감사합니다~~ 덕분에 몸보신 잘하고 갑니다~~,5
배달빠르고맛있어요~,5
역시 맛잇어요 사장님 감사합니다,5
개인적인실수로 담날 끓여먹었지만 맛있네요!,5
새벽에시켜서그런지 닭에서냄새가좀났어요.. 예전엔안그랬는데 그래도잘먹었습니당,4
맛있어요ㅜ 먹다가 생각나서 급하게 사진찍었네요 ㅋㅋ 잘먹었습니다,5
살들이 부들부들하니 너무 맛있게 먹었습니다~,4
맛도 좋고 양도 많고 배달도 빠르고 다 좋았는데 다먹어갈때쯤 조개껍데기가 나와서 기분이 좀 별로였네요..해물관련도 아니었는데 말입니다..,4
잘 먹 었 어 요,5
역시 맛있습니당ㅎㅎ,5
맛있게 먹었습니다 다음에 또 한번 시켜야겠네요,5
순살이라 먹기도 편하고 너무 자극적이지 않아서  좋아요 냄새도 안나고 감자도 많이들어있네요 다음엔 매운것도 먹어보고 싶네요,5
맛이있습니다 다음에 또시킬게요,5
너무 맛있었습니다! 닭도리탕 진짜 좋아하는데 제가 딱 좋아하는 맛이었어요! 자주시켜먹을게요!,5
양많고 떡도많고 맵기도 좋았어요! 배달이...많이늦게와서 아쉽긴 했는데 먹었을때 잊은거같아요! 당면도 많이들어있었는데 너무 아래에 붙어있어서 골라먹기 어려웠어요 다음에 주문할땐 따로 달라해야할듯 매콤매콤합니다 전 불닭안매워해서 맛나게먹었어요. 자극적이지않은 맛있게 매운맛이에요,5
너무 맛있어서 먹고나서 찍었네용ㅋㅋㅋ 정말 감사히 잘먹었습니다 다음에도 더 맛있는걸루 주세요!!,5
순살찜닭시켰는데 뼈있는 찜닭으로 왔네요 먹다보니 순살이 맞았어요ㅠㅠ 살이 커서 뼈 있는줄 알았네요! 완전 맛있습니당!,5
맛 좋아요  근대 공기밥2개 주문한거안줬어요 ....,3
진짜 맛있네요 ㅎㅎ 또 주문할게요!,5
도착 60분 지나고 80분까지 지나서 언제오나 전화 연속으로 세번 넘게 했지만 연락은 되지고 않고 거의 90분째 기다리고 있는데 이걸 먹어야할지도 잘 모르겠네요 다신 안 시킬 것 같습니다 이거 리뷰 지우지 마세요,1
궂은날씨에 맛있는 음식 배달해주셔서 감사합니다,5
여태 시켜먹은 닭도리탕 집중에 제일 맛있습니다,5
배달 시켜먹었던 곳 중에서 가장 맛있었습니다!! 소자시켰는데 양도많고 닭도 연하고  너무 맛있게잘먹었습니다!! 나중에 또 시킬개요!!😊,5
콜라가 폭발해서 집이 엉망이 되었습니다.. 조금만 배달에 신경 써주세요  닭도리탕은 너무 맛있었어요,5
맛있는데 매운맛도있었으면 좋겠어요. 단거 안좋아하는사람이 먹기에는 좀 달아요,5
빠른 배달 맛있는 음식 푸짐한 양 감사합니다~~ 오늘도 잘 먹었습니당~~♥,5
오랜만에 시켰는데   맛이 고대로라  좋았어요~~,5
요기요 자체를 오랜만에 써서 두세달만에 주문해서 먹었네요 역시 여전히 맛있어요~,5
항상 주문해 먹고있습니다.^^,5
엄청 커서 다른 그릇에 덜어 찍었어요 공기밥은 따로 안오니 추가해서 주문하셔야할듯 맛있습니다!!!ㅋㅋㅋ,5
와사비 얹어서 츄릅~~  쇠주 한잔...캬아~~,5
잘 맛있게 먹었네요~,5
맛있게 잘먹었습니다. 늦게까지 배달되니 조아요~,5
오랜만에 먹었는데 더 맛있어진 것 같아요 ! 완전 얼큰매콤 !!,5
맛있게 먹었습니다.,5
먹어요 후회없음 추천함,5
항상 맛잇게 먹고잇습니다,5
처음 시켜봤는데 맛있어요!!,5
배달빠르고  양은  어마어마  맛도  어마어마,5
역시! 닭도리탕은 원조정가네! 항상 맛있습니다! 오늘은 매운닭도리탕이 맵네요! 그래도 맛있게 매워서 굳굳!,5
양많으으으으으으으ㅎ,5
순살 닭도리탕 처음 먹어보는데 상상이상이네요  서비스가 엄청납니다  순살 드세요 두번 드세요  이겁니다!,5
급하게먹느라늦게썻네요리뷰를  콜라도가져다주시고 제가맵고짜게먹어서  다음번엔 맵고짜게부탁드려야겟네요  잘먹엇네요ㅎ,5
맛있게 잘먹었습니다,5
맛있게 잘먹었어요~,5
맛있게 잘 먹었습니다. 서비스로 주신 콜라랑 생수도 감사하지만 불매중인 남양제품이 와서 놀랐네요. 그거 외에는 괜찮습니다,5
잘 먹 엇 어 요,5
오늘 주문이 많았나본데요. 2시간 걸린거 보니. 다음엔 저녁시간 피해서 시키겠습니다. 맛은 괜찮습니다. 많이 파세요,3
아주 맛잇게 먹엇습니다 대박나세요,5
6시넘어서 주문했는데 7시 35분에 왔네요 전화안했으면 1시간있다가 오시려고 했나요 이해는하겠는데 배달 넘 오래걸리네요 예전에 맛있게 먹어서 오래만에 주문했는데  실망이네요 이렇게 오래걸리면 안시킵니다,1
다먹고 볶음밥까지 이틀에 걸쳐 먹엇네요,5
오노자마노우나유마코유나며,5
짱맛잇어요 떡은쌀떡인지 쫠깃,5
배송이 조금 늦어 음식이 조금 식었네요. 그런데 맛은 정말 좋아요,5
항상 맛있어요~^^,5
네번정도 먹어봤지만 이제서야 리뷰쓰네요 맛있습니다! 양도 소짜리 혼자 다 못 먹고 두 번 나눠먹네요 굿굿,4
항상 맛있게 먹었어요,5
후기가 너무 좋아서 시켜봤는데 정말 맛있네요 퍽퍽살 부분도 촉촉할만큼 조리를 잘 하셔서 그냥 다 맛있어요! 치킨먹다 남기면 처리가 곤란했는데 앞으로 닭 생각날땐  여기서 주문해야겠어요 2만원돈에 두세끼는 거뜬한 양이니 가성비 대박 맛집이예요 여기!!!,5
맛있고 양도 넉넉합니다.,5
닭도리탕은 여기만한데 없어요 너무맛있어서 다음엔 둘이먹는데 대자로 시키려구요 ㅋㅋㅋㅋ  추천추천,5
맛있엍ㅍ툐저냐뉴ㅏ니나퉈어,4
꿀맛!!!!!!!!,5
완전 맛있어요~!지금 4번째 룸메들이랑 시켜먹고 있는데 또 사먹을 예정입니당 ㅎㅎ,5
순살로 시켯는데 뼈로 왓네요,3
잘 먹었습니다. 운이 좋은건지 개선하신건지 저번에 시킨 것 보단 부위별로 다양하게 양도 쫌 넉넉하게 온 것 같습니다. 맛있게 잘 먹었습니다. 근데 아직도 매운맛이 부족합니다. 좀 더 맵게 할 수 있는 옵션이 추가 됐으면 좋겠습니다. 엽기 닭도리탕 처럼..,5
안남기고 아주 맛있게 잘먹었습니다 아주아주 맛있었어요 서울 가끔 올때 마다 꼭 시켜먹어요,5
양도 많고 맛있네요~ 잘먹었습니다^^~,5
맛있어요. 항상 시켜먹습니다.,5
처음시켜봤는데 배달도 빠르고 맛있어요!,5
항상 맛있게 먹고있습니다 번창하세요~^^,5
항상 애용하는 맛집 감사합니다,5
항상시켜먹지만 정말 맛있습니다. 엄청 매운맛으로 시켱석습니다.,5
배달도 빠르고 맛도 좋습니다. 번창하세요,5
항상 넘 맛있어요...시키면 3일 반찬 가능,5
맛잇서요 맛잇서요 맛잇서요,4
양 많아서 두번먹음 맛도 굿,5
두번째 시켜먹는데 역시나 빠른배달로 맛있게 잘 먹었습니다.,5
"배달도 생각 보다 빨리 왔고, 양도 많았고, 맛있었어요! 여기로 자주 시켜 먹어야겠어요 ㅎㅎ",5
헐...사장님 녹용 실화예요??? ㅜ ㅜ  고작 리뷰당첨인데 녹용이라뇨 ㅜ ㅜ 사장님 남는거 있으시죵???ㅠㅠ 넘 감동입니당 넘 감사히 잘 먹을게요~♡  그리고 맛은 뭐.... 정가네는 말 안해도 알죠~~ 닭도리탕 맵지않고 적당히 매콤하면서 진짜 맛나요  특히 국물이 너무 맛있어서 밥에 비벼먹으면 한그릇 뚝딱이에요 이날은 두 그릇 먹었네요~~ 항상 좋은 음식 감사합니다~^^,5
맛있어요ㅋㅋㅋㅋㅋㅋ,5
처음 주문이라 맛이 불안했는데 맛있게 잘 먹었습니다 작은 닭한마리에 감자 크게 세조각 들어있고 둘이서 만족스럽게 먹을만한 양입니다 너무 맵지않고 딱 좋았어요,5
맛있고 양도 많네요! 리뷰 서비스도 감사합니다,5
양많고 입에 딱달라붙어 오늘 낼 먹으려 밥두공기시켰다 한번에 다먹음... 순간 주뮤잘못된줄알고 연락드렸지만 사장님침착히 대응 잘해주시고 나중에 제가 잘못본거라 다시연락드렸는데 잘받아주시고 매너좋으신ㅡ  맛난닭도리탕 번창되세요,5
벌써 2번째 주문이네요~ 가족들과 맛있게 먹었습니다~ 감사합니다~,5
맛있게 잘 먹었습니다~,5
맛있게 먹었습니다 감사합니다,5
찜닭 생각날때마다 주문하는 맛집.. 다음에는 닭도리탕 시켜야지 하면서도  찜닭에 좋은기억이 남아서 자꾸 찜닭만  주문하게되네요 어제도 잘 먹었습니다 ^^,5
맛있어유터오오탸더타누타,5
말이필요없는곳 정말 굿,5
배달빠르고 잘먹었습니다,5
잘 먹엇 습 니 다,5
배달도빠르고 맛있었어요!!!!,5
"사장님,, 낮에만 시키다가 처음으로 밤에 시켰는데 낮이랑 맛이 너무 달라서 문의드렸더니 주방이모님이 낮밤 바뀌신다고 들었어요,, 낮에 먹었던 그 맛이 아니고 너무 매웠어요 ㅠ 맛 통일되게 해주시면 안될까요 ㅠ 너무 매워서 제가 다시 조리해서 먹었네요 ㅠ 낮에먹는 정가네닭도리탕은 참 맛있는데요... ㅠ ㅠ",2
언제나최고입니당맛있어염,5
맛있는 닭집 항상 감사합니다 꾸준히 좋은닭 맛있게 부탁드려요~^^,5
맛닭ㅎ 맛있게 잘먹었습니당~^^,5
맛있었고 서비스로 콜라도 주셔서 감사합니다 잘먹었어요,4
그닥........,1
순살 닭도리탕 맛있게 잘 먹었어요~,5
이 집 잘합니다..  믿고 시키삼.,5
순살 먹기도 좋구 진짜 마싯어요!  밥은 따로 안오니 추가로 시키셔야해욧,5
맛있게 잘 먹었습니다 매콤 시키려다 순살이없어서 순살시킨... 매콤은 순살없나요? 음료수 감사합니다,5
닭도 부드럽고 양념이 맛있어요~ 재주문하고 또 리뷰 남깁니다!,5
넘넘넘넘맛있어요,5
맛있어용~^^ 맛집ㅎ 리뷰 늦어서  죄송요,5
엄청 기름져요.. 맛은 나쁘지 않고 매콤하지는 않네요. 배달은 인터폰도 벨도 노크도 문자도 없이 문앞에 두고가셨어요. 관심법으로 찾아다 먹으면 되는건가봅니다.,4
배달  빠르고  닭도리탕도  맛있어요,5
맛있었읍니다 든든.,4
"이런 리뷰안쓰는데요. 배달은 예상시간보다 늦게와서 30분정도 1시간30분정도걸렸구요. 남자친구가 아파서 밥못먹고있다가 닭볶음탕이 먹고싶다해서 리뷰보고 주문했는데 떡이 8개, 감자4개 닭고기는 작은거2개포함해서 6개가 전부였다고 하네요.. 밥은 차갑고 떡이구 국물도 너무 짜서 못먹었대요...얼마냐고해서 2만원이라 했는데 가격과 기다린시간대비 너무 실망스러웠어요.안시켜먹을것같네요..",1
너무 맛있게 먹어서 국물에 밥 비빈 사진뿐이네요 정말 잘 먹었습니다~,5
언제 시켜먹어도 맛있습니다,5
진짜 맛있어요! 순살 시켰는데 퍽퍽하지도 않고 떡도 쫄깃하고 감자도 딱 잘 익고 넘 만족입니다~~~,5
먹다가 찍었지만 맛있게 잘 먹었습니다.,5
언제 먹어도 실망하지 않은 맛이에요~ 맛있어요👍👍👍,5
조금 달지만 맛있어요! 양도 많아서 소 시켰는데 2명이서 먹고 남았어요 배달도 매우 빨라요~,4
엄청존맛탱개꿀맛인정?,5
항상 잘 먹고 있습니다.  050 주문은 귀찮아서 안하지만..ㅎ,5
보통~이네요 배달이너무느려요~ㅠ 예상시간을 넘어서...오네요~,4
닭볶은 이집만 찾아용 ~^^ 맛있어요,5
행복한 점심을 만들어주셔서 감사합니다 한입먹고 배달음식에대한 편견을 깨버렸네요. 닭가슴살도 어쩜 저리 촉촉하게 익히셨는지 결대로 찢어지는 고소함이 정말 맛있었어요. 소 자에는 닭한마리가 들어가네요. 애기 주먹만한 감자도 너무 보슬보슬하니 맛있엇고 제가 떡은 안좋아해서 먹진안았는데 매콤함도 적당히 칼칼하고 한입먹고 정말 육아스트래스가 다날아갈 정도네요ㅠ 또 시켜먹을께요 그때도 잘부탁드려요. 아참 콜라 서비스로 주시는거 알았으면 안시켰을텐데...ㅎ,5
정가네 is 뭔들~ 닭도리탕은 항상 여기만 시켜요 너무 맵지도 않고 맛있어요 사장님도 성격 완전 쿨하신 것 같아요~ 다른 분 가끔 불만족 후기올라오는 것도 감정적으로 대응하시기보다 쿨하게 대응해주시는게 더 믿음가고 좋네요~~ 늘 한결같은 맛 감사합니당~~,5
잘먹었습니다.111,5
오늘도 냠냠 닭도리 잘해요 맛있어요,5
많이 끓여서 그런지 닭이 뭉개져있고 탄 부위들도 좀 있었습니다. 떡김치로 시켰는데 떡을 왕창주고 닭을 뺀느낌. 중짜린데 닭양이 아쉽네요,2
닭도리탕 최고 맛집 감사합니다,5
닭 잡내가 너무나요....,2
닭찜이 맛있네 다음번에는 닭볶음탕 으로 후비고 하겠습니다,5
"얼큰 닭도리탕에 더 맵게 해달라했는데 별로 안매워서 좀 실망했어요. 그리고 문제가 양념은 정말 맛있는데 닭고기가 3/2 들어있는거 같아요. 대짜 시켜도 두사람이서 배부르게 못먹어요. 떡이나 감자, 밥을 같이 먹어는 줘야 그나마 배 쫌 차요. 결론은 양념만 맛있고 나머진 그냥 그래요. 소 중 대의 기준이 정확히 무엇으로 판단되는지 궁금하네요..",3
양념이 매콤하니 너무 맛있네요~찜닭은 여기서 계속 먹을께요~,5
맛있게 잘 먹었습니다 ~ 양도 많고 배달도 정확하구 좋았습니다 ~,5
항상최고에요 믿고먹어요~,5
아 맛있습니다. 순살인데 살덩이도 큼직큼직한 것도 아주 좋아요. 잘 먹었습니다!,5
"양, 맛 둘다 아주좋은곳 다만 배달에시간이 좀걸린다는것... ...그래도 달에 1~2번은 먹게되는집입니다",5
맛있어요 여기.. 옛날에 한번 시켜봤던 기억이 있어서 오랜만에 시켰는데 진짜 맛있네요ㅜ,5
사진 못찍었네요~^^ 리뷰보고 주문했는데 정말 기대 이ㅛㅏㅇ으로 너무 맛있었어요~ 닭요리 먹고 싶은 날에 또 주문할게요~,5
맛있게 잘 먹었슺니그,5
리뷰가 늦었어요 항상 맛있게 잘먹고있어요~~^^,5
빨리왔어요! 당면이 짱많아욥! 닭도 진짜 푸짐...!!!!!넘 맛있어여!!,5
어제 정말 빠르게 배달받았습니다 정말 감사합니다 사장님  국물도 넉넉하고 양도많구요  항상 찜닭이 맛있습니다만 리뷰가 닭도리탕이 많은걸보니 다음엔 닭도리탕으로 주문하겠습니다  잘먹었습니다,5
맛있게 잘 먹었어요...,5
항상맛잇습니다ㅎㅎㅎ,5
맛있고 국물도칼칼하니안주에안성맞춤 진짜하나도안남기고 다먹엇어요둘이서 앞으로자주애용할께요,5
역시 맛있어요^^ 요즘 닭도리탕은 여기서밖에 안먹어요ㅎㅎ,5
맛나고 양도 무지 많아요! 근데 매운맛이 캡사이신 매운맛라 넘 매웠어요 다음엔 좀더 덜맵게 해서 먹어야 겠어요! 감자까지도 완전 맛있음!,5
중짜리 시켰는데 둘이 먹다 남았어요 ㅇㅅㅇ 양도 많고 일단 오자마자 냄새도 너무 좋아요 ㅇㅅㅇ 배부르게 잘 먹었습니다 ㅇㅅㅇ,5
항상 질먹고있습니다.,5
맛있어요!  양도 생각보다 많아요!,5
소 시키면 적을줄 알고 중으로 시켰는데 양이 너무너무 많아요! 맛도 밥비벼먹기 너무 좋았어요  다음에 또 시켜먹을께요,5
닭도리탕은 진짜 이집이 젤맛있어요!!!,5
양념 너무 맛나고 양도 많고 다 좋은데 닭에서 냄새가 나는것들이 좀 있었어요 ㅜㅜ 어떤건 나고 어떤건 괜찮고 ㅜㅜ,3
여기진짜 맛있더라구요 제입맛에딱이었음,5
다 좋은데 지난번보다 양이 조금 줄어든거 같은건 기분탓인가요??ㅋㅋ,5
떡도 푸짐 맛도 보장 감사합니데이~^^,5
향상 잘먹고있습니다~ 번창하세요,5
아니 전화는 왜 안받지? 60분 대기에 90분 기다리는데 전화받을시간도 없으시면 주문을 막아 놓으시던가요. 취소도 안되는데 고객 생각도 하면서 삽시다 제발.,1
안매워요.. 고추기름너무.너무많아요.. 다신안시켜먹을겁니다..,1
항상 닭도리탕만 시키다 처음 찜닭먹어봤는데 맛은있지만 제입맛엔 닭도리탕이 더 맞는거같네요ㅎ 한가지 아쉬운건 배달기사분이 요청사항을 확인을 안하시더라구요 그것만 빼면 좋았습니다ㅎ,5
악천후때매 배달지연은 있었으나  허기는 최고의 조미료라는 말 때문일까요 한입먹자마자 오랜기다림이 있었는지도 모르고  너무 멋있게 잘 먹었습니다 어찌나 맛있던지  배불러죽겠는대도 싹싹긁어먹었습니다  둘이먹다가 하나 죽이고 혼자먹고싶은 맛입니다! 최고맛집 인정합니다!!!  음료써비스 감사히 잘 받앗습니다,5
"양도 정말 푸짐하고, 양념도 맛있음",5
맛있게 먹었습니다.,5
먹다가 찍었네요 양념이 더 베였으면 좋았을것같아요 맛있게 먹었어요,5
오랜만에 먹엇는데 여전히 맛나네용ㅎ,5
"맛은 있는데 배달이 너무 늦었고, 음식도 다 식어서 왔네요. 맛은 정말 있어요.",4
배달이 예상시간보다 조금 늦게왔지만 너무너무 맛있어요♡.♡ 맛있어서 먹다말고 리뷰남겨요ㅋㅋㅋ 볶음밥까지 해먹어야 할 것 같아요>< 감사히 잘먹겠습니다!!!,4
또 시켜 먹는데 여전히 너무 맛잇네용~~~,5
오늘도 먹는 닭돌 넘흐마시써요,5
늘 맛있고 양도 많습니다.,5
배달도 엄청 빠르고 맛있어요오!! 떡도 감자도 다 맛있어요ㅎㅎ,5
너무 맛있어요!!!!,5
항상 맛있게먹는 곳이에요~~ 살도 부드럽고 양념 꿀맛! 배달도 짱빨라여!,5
짱맛있어요 양도많아서 3일나눠서 다먹었네여 ㅋㅋㅌ,5
처음 시켜봤는데 양 많고 정말 맛있네요 닭냄새도 안나고 맛있어요 사진은 뜨거운걸 좋아해서 냄비에 끓여서 한참먹다가 생각나서 찍은거라서 적어보이는데 고기가 두배는 많아요~ 이제 닭요리는 여기서 시킬께요 완전 추천!!,5
"맛이아주좋았으며, 양은 좀 부족한것  같네요",5
이번엔 순살 닭볶음탕을 시켜서 먹고있는데... 맛있어요^^ 그런데 지난번 매꼼한 맛이 강렬했는지 제 입맛엔 매꼼이가 더 맛난거같아요 담엔 다시 매콤이로 주문할께요~ 날씨 좋은날 닭볶음탕 굿 입니다. 다시 휘리릭 마져 먹으러갑니다~^^,5
강추 식사 안주 다되고 만족도 아주좋아요,5
리뷰보고 시켰는데 역시 대박이네요ㅎㅎㅎ 추천!!!!,5
당면도 많고 떡도 진짜 다른집보다 많아서 놀랐어요!! 제가 현장에서 현금결제로 주문해놓고 현금을 어디다뒀는지 까먹어서 급히 카드결제 부탁드렸는데 화도 안내시고 인자하신 표정으로 괜찮다해주셔서 감사해요ㅠ!! 양 정말 많고 맛났습니다 ❤,5
닭도리탕이 맛있어서 이번엔 찜닭을 시켜봤는데 역시나 맛있어요! :) 굳굳!!! 닭도리탕이나 찜닭은 무조건 여기에서 시켜먹을려구요!  그리고 저번에 리뷰이벤트 선물도 잘받았습니다 감사합니당 :),5
맛양 넘 착하구 좋아요 애정하는 맛집이에여 밥은 따로 추가해야한다는 점!!,5
맛있어요👍🏻👍🏻감사합니당,5
간만에 시켜먹는거라 사진을 깜빡했네요 이집 중짜로 돼지(본인) 1 보통 2명 충분히먹습니다.,5
맛있어요 그리고 순살이네요,5
오랜만에 시켜먹었는데 오랜만에 먹어도 맛있네요~,5
넘나 맛있어요!!!!!,5
첫 주문이예요~많이 얼큰하지 않지만 닭냄새도 전혀안나고 담백하니 🍺와 🍚도둑이네요~ 서비스 음료도 감사해요,5
역시 맛있음 오자마자 냄새부터 맛있어서 사진찍을시간이없음 맛집인정 별열개,5
잘먹었어요~~~~~👍👍👍,5
"너무 맛있어요,  세번째 시켜먹어요  앞으로도 계속 시킬게요 !",5
맛이 훌륭합니다 교과서같은맛,5
적당히 매콤하고 양도 많고 맛있었어요 !!,5
맛과양은 최고였으나 배달이 너무늦게와서 아쉬웠습니다,5
진짜 달달 매콤이네요 ㅎ 깜빡하고 밥을 안시켰네여 ㅋㅋ  밥없으신분은 추가하세요 ㅎ 콜라조아하시는분들은 리뷰이벤트 꼭하시구요 진짜 존맛입니다 순삭,5
왜 5점 만점애 100점 드리고싶은 마음일뿐이에요!!너무 맛있어용!!,5
맛잇어요!!!몇번째시켯는지몰라여ㅎㅎㅎ잘먹엇습니다,5
이제 말하면 입아픈 훌륭한맛에 빠른 배달에 서비스까지 확실히 챙겨주셧어요 닭도리탕은 무조건 여기 시키세요~,5
맛있게 잘먹어습니다 오늘도 맛있었어요~^^,5
"매울 줄 알았는데 안매워서 확실히 좋았습니다. 고기에 퍽살은 거의 없고 전부 다리나 허벅지살 같아요. 부드럽고 맛있습니다. 안주로도, 밥반찬으로도 다 좋습니다.",5
맛있는 닥도리탕 감사합니다,5
매콤한게 땡길때 생각나요^^ ㅋ 맛있게 잘 먹었어요,5
항상 맛있게 먹고있어요~~,5
맛있었는데 맵찔이인 저에게는 좀 매웠어요..ㅎㅎ,4
맛있게 잘먹었어요 또 시킬게요,5
맛 배달 양 가성비는물론 식사 술안주로도 재격,5
~~~~~~~~~<~,4
우선 눈이 오는 날씨에도 예정 시간보다 빨리 배달해주셔서 감사합니다^^ 오늘 처음 시켰는데 맛도 양도 대만족이네요 단골 될 듯합니다ㅎㅎ,5
닭도리탕만 먹어봤는데 찜닭이 히트였네요 잘먹겠습니다,5
생각 없이 시켰는데 맛있네요 김치도 존 맛땡,5
전화로 조금만 맵게 요청드렸는데 역시나 언제나처럼 맛있습니다! 오늘도 잘 먹었습니다!👍👍,5
그냥 그냥 그저 그래요..,5
맛있게 먹구 리뷰늦었네요 감사요,5
맛있게 잘 먹었어요 양도 많구요! 감자를 좋아하는데 감자 크게 두개 들어가 잇어서 좋았어용 남아서 내일도 먹으려구욤,5
아주좋습니다 ^^ 많이파세요 ^^,5
예상시간보다 빠른 배달과 항상 먹던 그 맛있는 맛 감사합니다~,5
맛있는데 야채가 너무적을거 같아 많이좀 달라했는데 역시나 너무없네요 ㅠ 양은 많습니다,5
배달이 진짜 빨리왔어요! 처음 먹어봤는데 맛있네요ㅎ,5
맛있게 잘 먹었습니다,5
양이 많아서 두끼에 걸쳐서 먹었네요! 맛도 좋고 고기도 부드럽습니다! 잘 먹었습니다~~,5
순살에 이정도 양에 이정도 맛이다? 여기가 정답임 ㄹㅇ 맛있음,5
잘 먹 엇 습 니 다 역시 존맛,5
매콤달콤하니 너무 맛있고 양도 낭낭해요~!! 추천추천,5
맛있엇습니다! 근데 밥이 특이하게와서 놀랬어요 ㅋㅋ,5
우리만나게먹었어요~~~~,5
배달속도 빨랐고 맛있게 먹었습니다,5
맛있고 간도 딱맞았아요!,5
몇번째 시켜먹는데 항상 너무 맛있게 먹고있어요! 지금 먹고있는데 역시나 맛있네요 ㅎㅎㅎㅎ 꼭 시켜드세요!,5
완전항상맛있어요:D,5
닭볶음탕하면 항상 이 가게 시켜먹는데 잘 먹었습니다!,5
항상 맛있게 잘 먹고있습니다!!,5
ㅎㅎ맜있어요ㅎㅎㅎㅎㅎㅎㅎ,5
너무맛있었어요!리뷰가많은이유를 알겠더라구요! 배달이 예상시간보다 넘 늦어져서 아쉬웠지만 양고푸짐하고 맛도있고! 감사합니당!,5
살짝 매콤한 듯 하고 간도 많이 짜지 않고 맛있어요,5
배달도빠르게오고 맛도엄청잇엇습니다.,5
간만에 먹는 닭볶음탕인데 넘 잘먹었어요 매콥하기도 딱 좋고 배달도 예정시간보다 빠르고... 다음 배달을 기약합니다,5
닭도리탕은 여기서만 시켜먹어요👍👍,5
건만에 시켰는데 여전히 정말 맛있어요.,5
먹어본 닭도리탕중에 제일 맛있어요,5
말할거없이 너무맛있어요!!! 양도많앗니3번나눠먹었어요 콜라도2개나주시고ㅠㅜ 조만간또시킬예정입니다ㅎㅎ,5
리뷰보고 기대가 컸는데 그냥 그렇네요. 재료가 막 좋은 느낌도 아니고 그냥 그래요. 한끼 먹기 좋은 정도.,4
항상 맛있게 먹고 있습니다,5
맛있게 잘 먹었습니다!,5
닭도리탕은 이집으로!,5
예상시간보다 빨라 좋았구요. 맛이 좀 자극적이지만 4인가족 밥이랑 한끼 먹기엔 좋네요. 집에 뒹구는 감자 한개 넣고 절반 남은 상태에요 ^^;;,5
맛있게 잘 먹었습니다 리뷰당첨 선물도 잘받았습니다 감사합니다,5
항상맛있게먹고있어요,5
넘나.. 넘나 맛있는것!!,5
맛있어요. 양도 푸짐,5
맛있어요~~~~.,5
맛있게 잘먹었습니다,5
맛있게 잘먹었습니다 양도많도 맛있네요 ㅎ,5
배달도 빠르고 맛있습니다.,5
맛도 좋았고 배송도 30분만에 왔네요 예상시간이 한시간이었는데요 감사합니다^^,5
고객들 요청사항 안보시나봐요?,1
덜어먹은거라저케나왓는뎈ㅋㅋ 근데요기정말닭볶음탕맛집이야요!!! 무조건여기에시켜먹어요.궁물많이주시고 넘나좋음!!,5
오케이오케이오케이오케이오케이,5
좋아요좋아요좋아요좋아요좋아요좋아요좋아요좋아요좋아요,4
자주시켜먹습니다,5
맛나요오오오오큐ㅠ어나너눤,5
언제먹어도 여긴 맛잇어... 희안해요 입맛 까다로운 저인데...,5
맛있게 먹어 습니다  담에  또,4
양도 많고 맛있어요~~~,5
닭도리탕은 진짜 맛있고 찜닭도맛있우요 ㅎㅎ,5
배송이 너무 늦어서.. 그래도 요즘 날씨다 추워서 그런가보다..하고 참고 기다렸는데.. 참고 기다릴만한 맛이 아니었습니다.. 일단 너무 식어서 왔고..매운맛 닭 볶음탕이었는데.. 매운맛보다는 단맛이 강했어요. 전반적으로 심하게 달아요.,2
눈이 녹지 않은 날 시켜서 그랬는지 주문거절 당해서 오늘도 안되면 속상할 뻔 했어요 ㅜㅜㅜㅜㅜㅋㅋㅋㅋ오랜만에 주문하면서 조금만 매콤하게 부탁드렸는데 맵찔이인 저한테는 딱 알맞네요 ㅎㅎㅎㅎㅎ 감사합니다! 오늘도 잘 먹었습니다 번창하세요-!,5
맛있게 잘먹었습니다~👍,5
여기 닭도리탕 진짜 맛있어요!!ㅋㅋㅋ👍,5
떡볶이떡이 쫄깃해요ㅋㅋ 맛있음다,5
매번 맛있어요!!^^ 근데 쫌 매콤했음 좋겠어요. 맛이 순해지는거 같아요^^;,5
음...음식 오픈하자마자..이상한 비린내 나서..그냥 밥이랑 김치만 먹엇어요.. 닭 털도 그대로 있는 찜닭은 첨이네요 돈아까워,1
저번에 덜맵게 해달라고 했을때는 덜맵게.해주셨는데 이번에는 그냥 아예 안맵게 해주셨네요 ㅋㅋ 그냥 안매운걸 준건가 싶을정도로요;; 맛있게 잘 먹었어요! 다음엔  맵기조절 안하고 그냥먹어야 겠어요!,4
내돈내산 정직한 후기.. 후기가 너무 좋아서 대 사이즈를 시켰는데..닭비린내가 너무 나서 다버렸어요.감자도 덜익어서 서걱거렸고..김치랑 깍두기도  싱겁고 맛이 없었어요. 전화해서 반품하려다 진상 고객이라 할까봐 다버렸네요.두번은 안시킬거 같아요.,1
이른  아침에 주문했는데도 시간보다 일찍오고 맛도 좋았어요^^,5
배달도 빠르고 맛있어요,5
얼큰한거 생각날때 간간히 주문합니다 김치만 맛있으면 만점같아요~,5
찜닭두 맛있고  닭도리탕도 맛있어요 자주시켜 먹어요 배달이랑 포장 깔끔합니다 굿~^^,5
맛있어요  맛있어요,5
왜 배달이 안오나요? 제가 전화나 문자가 안됩니다,1
와 맛있는데 엄청 매워요 ㅠㅜ 그래도 맛있어요 잘 먹었습니다 리뷰쓰는데 아직도 입이 얼얼하네요 ~~,5
매번 시킬때마다 맛잇게 먹고잇습니다ㅎㅎ,5
리뷰를읽어보고주문했는데완전실망이네요.달고기살도버석 버석하고.,2
매운거 좋아하는데 입맛에 딱 맞고  양도 알맞네요 굿입니다,5
진짜 먹어본 닭볶음탕중에 최고,5
서비스도 잘 챙겨주시고 시켜먹을때마다 너무 잘먹고있습니다,5
오랜만에 먹었는데 역시 맛있네요~,5
양념이 진짜 맛있어요 딱 밥반ㅇ찬 밥도둑입니다,5
눈와서 다 주문취소됬었는데 겨우 주문된곳이에요 ㅠ,5
맛있어요~~~~~~~,4
눈와서 걱정했는데 배달도 빨리오고 양도 많아요.  당면도  짱많아여!!!고기두 많구!!! 맛있어욤!!,5
👍👍👍👍👍👍👍,5
너무너무 맛있게. 잘먹어습당~~♥♥♥ 매번 신속배달 감사합니당~~맛도 짱짱~~ 아쉬운거능 급하게 먹어서 사진 못 찍었네용ㅠㅠ다음번에 사진능 꼭이용~~♥♥행복한 하루 되세용,5
양도 많고 아주 맛있습니다.,5
배달은진짜빨리왔구요 국물얼큰하구 양도 소짜인데 넘 많앗어요 ~~ 감자는푹익어서 제일 맛있게 먹었습니다!!!,4
저번에도3번정도시켰는데양도혼자먹기에 양도적당히괜찮고맛있어보이고.배달분도날이추운데고생이많고시간맟춰와줘서땡~큐👍👍👍,4
매달 한번씩 다섯번째 먹었네요 항상 찾게되는 맛입니다~,5
증말 맛있네요 쥑여줘요,5
처음시켜보는데 진짜 맛있네요 또 시켜먹을게요!,5
죄송합니다 한입먹고 정신차려보니 다 먹었네요 사진을 못찍어서... 좀 더러운 이거라도...,5
당면의  전분이 많이 남아있어 불편했지만 맛은 좋았습니다.,4
감자가 푹 익어서 가장 맛있네요   국물이 짜지 않아서 좋았어요 잘 먹었습니다!,5
맛있게 잘 먹었어여,5
닭도리탕은 여깁니다. 항상 예정시간보다 빨리 오고 양도 푸짐하고 맛짱입니다~,5
잘먹었습니다!! 다음에 또 시킬게요,5
배달이 늦어서 확인차 전화했는데 안받으셔서 취소요청했습니다. 근데 도착은 하더군요 그래서 오긴오네 하면서 먹었는데.. 맛이 있으서... 화가 누그러지더라구요.. 그래서ㅜ평가 남겨요. 응대만 잘해주시면 번창하시겠네요,5
장먹었어요 또 시킬게요,5
진짜 존맛탱 생각나면 또시켜야징,5
배달이 정말 빨랐어요 맛도 있고 양도 둘이먹기 딱이였어요  살짝달달하니 맛있네요!,5
넘 맛있게 먹었어요!! 오늘은 맵기가 조금 약했어요!! 그래도 굿!!! 단골입니당!!,5
나쁘지않았어요! 또이용하겠습니다ㅎㅎ,4
정말맛있엇어요~ 다음에도 꼭 시켜먹을께요,5
맛있습니다 주먹밥이 없는게 매우 아쉽지만ㅠ_ㅠ 맛은 짱짱맨입니다,5
정말 너무 맛있어요 매번 맛있게먹습니다 ㅎㅎ,5
진짜 맛있어요! 닭고기 야들야들하고 양념 남겨서 밥볶아먹었는데 진짜 맛있음 이제야 알게되다니ㅜㅜ아쉬울정도,5
맛있었어요~~~~~~~~~,5
두번째 시켰어요! 첫번째 보다 매웠지만 맛있게 매워서 괜츈! 맛있게 잘먹었습니다 ! :),5
닭도리탕 먹고싶으면 이 집만 찾게 되네요.  내일까지 먹을 생각으로 큰거 했는데 다 먹어버렸네요 ㅋㅋ   닭도리탕 자체가 시간 좀 걸리니까 주문하실 분들은 넉넉하게 식사 30분 전 즘에 주문하는거 추천드려용,5
good!!!,5
항상 맛있게 먹고있어요~~~,5
닭도리탕이 먹고싶어서 시켰는데 잘먹었습니다  매콤달콤 적절한 맛이네요,4
양도많고 맛있네요~,5
배달도 빠르고 기사님도 친절하시고 맛은 아주 환상적으로 맛있습니다 한류 열풍인 지금 외국인들이 원조정가네 음식을먹고 환호하는 모습을 보고싶네요^^,5
너무 맛있어요!!👍👍,5
아이들이좋아하네요  너무 맵지않아 좋데요  당근 맛있구요,5
양이 많고 감자가 특히 맛있어요,5
60분걸린다고했는데 40분안에 오셨어요 얼큰맛 시켰는데 매콤하니 좋아요.,5
아주 맛있게 잘먹었습니다,5
새해아침부터 맛있게 먹었네요,4
꽤나 맵습니다. 맛은 좋고 양도 많은 편입니다. 사리는 부족하니 필요하면 추가 하셔아합니다.,5
여기넘 맛있음 양념이 기가막혀요 닭도부드럽고 그리고 같이오는 김치랑 깍두기도 신선하고 맛있었어요!,5
"늘 믿고먹는 맛집이라 좋아했는데 두메뉴다 퍽퍽살만 가득하고,  너무 달기만해져서 ..ㅠㅠ 혹시 주방장님 바뀐건가요?",3
거리가 좀 멀어 식긴했지만 맛있어요,5
늦게왔지만 맛있었어요~~~!,5
맛있게 잘 먹었고요 배달도 빠르지만 양은 충분하진 않았습니다.,3
큰 기대 없이 주문했는데 진짜 너~무 만족했어요 닭도리탕도 맛있구 국물도 끝내주면서 김치 깍두기까지 정말 맛있었어요 기사님도 친절한 분이 오셨었구요 : ) 앞으로 자주뵙겠습니다 사장님 : D,5
맛있게 잘먹었습니다~~~!!,5
항상 너무 잘 먹고 있습니다!,5
매콤하니 맛있게 잘 먹었어요 감자 맛있고 고기도 부드럽고 좋아여,5
기름이 많기는 했으나 맛은 있었어요,4
어플 문제로 배달 주문이 안 들어가서 배달이 지연되었는데 사장님이 인지하시고 죄송하다고 서비스까지 주셨네요. 음식은 맛있습니다.,5
얼큰하고 적당히 달달하고 정말 맛있습니다. 배달은 1시간 30분 걸리듯합니다,5
친절하시고 맛있어요,5
배달원 빵점 드립니다.,1
배가 넘 고파서 먹다보니 사진 찍는걸 깜빡했네요ㅋ 양도 푸짐하고 너무너무 맛있어요!! 양념이 짱 맛있어요!! 강추!! 가래떡도 넘 좋아요!!,5
친구네 놀러가서 시켜먹었는데 진짜 맛있어요! 맛있는 매운맛!!!!!!,5
맛나고 옳고 푸짐한 양~!,5
고춧가루 풋내가 조금 나서 양념만 먹기에는 별로였지만 닭도 부드럽고 양도 많아서 괜찮았어요~ 서비스로 주신 콜라 감사합니다!,4
매번 맛있게 잘 먹었습니다 ~이번에 리뷰 당첨 해 가지고 선물까지  보내 주셨네용~~감동~~~😭😭감사합니당~~  앞으로도 계속 이용할게용~~,5
너무너무 맛있어요오오오오,5
걍... 그래요....,3
닭도리탕은늘여기서시켜먹어요!!,5
맛은 먹을만한 정도인데 고기손질이 잘되어있지 않은것 같고 고추 가루가 너무 많이 들어갔어요..ㅡ.ㅡ,3
맛있어요. 후회없는 선택.,5
양념이 맛있어요 육수도 괜찮아염,4
지금 먹고있어서 사진찍기가 좀.. 맛있습니다. 그런데 단맛은 조금 빼시고 조금더 매콤하면 ☆정말.. 맛있을거 같아요 많이파세요 >_<,4
항상맛있어요.번창하세요,5
처음 시켰었는데 맛있었어요! 굳! 재구매 의사 충분합니당! :),5
오랜만에 닭볶음탕이 땡겨서 시켜먹었네요 역시나 넘 맛있어요~~~ 최고,5
ㅂㄱㅋㅋㅋㄱㅋㅋ ㅋㅋㅋ ㅋㅋㅋ ㅋㅋ ㅋㅋ ㅋㅋㅋ ㅋㅋㅋ ㅋㅋ ㅋㅋ ㅋㅋㅋ ㅋㅋㅋ ㅋㅋ ㅋㅋ ㅋㅋㅋ ㅋㅋㅋ ㅋㅋ ㅋㅋ,5
맛은좋은데 밥이라도껴서보내주시면좋을것같아요,3
진짜 너무너무 맛있어요!!!또시킬거에요!!!,5
맛있게 잘 먹었습니다,5
여기 진짜 맛있어요... 진심입니다.  얼큰함과 맛도리 나는 닭도리탕 꼭꼭 시켜먹으세요!! 너무 맛있게 먹어서 친구들한테도 추천했어요 ㅋㅋㅌ,5
지금것 먹운 닭도리탕 중 제일 맛있었어요! 양념이 예술이네요,5
맛있게잘먹었습니다.,5
정말 다신안먹는다,1
치즈랑 파슬리는 개인적으로 한거에요!  배송이랑 양은 좋아오. 맛은 음 솔직히 진짜 평범? 같이먹은 남편도 인상이 안남는 맛이라고하네요 진짜 무난하고 평범합니다!!,4
1. 배송 보통 2. 양 보통 3. 안 매움 4. 김치 맛있음 5. 고기 맛있음 6. 국물 맛있음 7. 떡 말랑 보통,5
맛있네요. 간도 적당하고 양도 넉넉하네요.  사이즈 소 짜리는 치킨한마리 양 정도이니 주문하시는분들 참조하시길,4
양념이 맛있어요 굿,5
맛이랑 양은 다 괜찮았는데 인간적으로 배달이 너무 늦게와서 음식이 조금 식어서 왓어요.그부분만 보완한다면 괜찮을거같아요,3
최고 말이 필요없어요 당면사리추가나 야채추가가 있었음 더좋겠습니다 당근을 좋아해서 추가시키면 진짜 맛있을것같습니다 좋은식사 감사합니다,5
집에서 엄마가 만들어주는 맛이랑 비슷해요 순살 최고,5
언제 먹어도 닭도리탕은 역시 정가네-!👍,5
잘먹고 있습니다!!,5
매달 적어도 한번씩은 먹게 되는 맛 입니다 강추합니다 그런데 당첨 된거는 언제 받아요?,5
참을 수 없어서 한입 먹고 사진찍어서 올렸어요. 맛있습니다.,5
양도 많고 맛있습니다,5
잘 먹었습니다. 사이다 감사합니당!,5
맛있게 잘 먹었습니다,5
역시 언제 먹어도 맛있어요,5
중자 시킬지 대자 시킬지 고민했는데 네명이 중자면 적당한것같습니다. 양 많은 분들 기준으로는 3인분 정도?  맛은 너무 짜거나 맵지 않아서 좋습니다. 간에 비해 좀 달달하긴 하지만 맛있게 먹었습니다. 짜고 되직하게 먹으려면 집에서 한번 끓여먹으면 되겠네요.  사진은 좀 덜어먹고 찍었습니다.  많이 파세요.,5
매콤~~ 너무 너무 맛있게 잘 먹었습니다~~~^^,5
너무 맛있었구.. 2명이서 먹기엔 양이 너무 풍족하네요 좋다는 뜻입니다 감사히 잘먹었습니다~!!,5
맛 좋고양 많아요 배달만빠르면 ~,5
맛100점 양100점 배달89점 준수합니다^^,5
회사분들이 직접가서 먹어보고 싶어할정도로 맛잇네요 ㅎㅎㅎ 어른들이 좋아하십니다 ㅎㅎ,5
맛과양은괜찮은데ᆢ배달이너무늦게와서밥두차구닭도리탕도뜨겁지가않았어요코로나때문에그런다구하지만배달은빨리왔으면좋겠어요,3
양 많고 맛있었어요^_^ 여자 세명이서 먹고 남아서 다음날 또 먹었네요~,5
넘달아요~~단게 덜하고 칼칼했음 더욱 맛났을것같아요~~~~,3
너무 빨리 먹어서 사진을 못찍었어요 엄청 맛있음,5
맛도좋고 양도 많고 잘받아서 맛나게 식사했습니다,4
맛있어요.  가게에서 먹는기랑 별 차이 없어요.,5
잘먹어습니당~~~~~~,5
맛있는데 조금 느끼해요...,4
배달도 빠르고 맛있습니다,5
배달도 친절하시고 음식도 딜리샤스 입니다.^^ 고춧가루가 많아서 얘만 먹기에는 간이 좀 센거 같습니다. 맛있습니다 ㅎㅎ 잘먹었습니다.,5
맛있게 잘먹을게요~^^ 배가고파 먹느라 사진은 못찍었어요ㅜㅜ,5
맛있어요 잘 먹었습니다,5
초대한 손님들이 닭도리탕 먹고 싶다고 함 주문 후 배달 1시간 이상 소요 요기요 배달 완료 문자 후 배달원 도착 안함 손님들 하나 둘 집에 가고 배달 안와서 취소 과정에서 음식 던져놓고 후다닥 감 요기요 상담원 처음에만 연락받고 연락 안받음 업체 직원은 환불 안된다고 함 음식 버림 업체 측 이해가지만 요기요와 배달원은 조치 부탁드림,1
너무 맛있어서 이틀 연속으로 시켜먹네요!! 완전 맛있어요!!,5
저번에 쿠폰모아서 닭도리탕 시켜보고 너무 맛있어서 이번엔 찜닭 도전!! 진짜 제취향! 양많고 맛있어요~ 실컷 먹었네요!!,5
신속히왔고 양도 푸짐해  좋았습니다,4
매콤한 닭볶음탕 완전 강추에요! 아는 언니가 집에 놀러와서 시켜줬는데 언니도 너무 맛있대요 ㅋㅋ잘먹었습니다~!,5
맛있어서 또 시켰습니다,5
항상 맛있게 잘 먹고 있습니다 ㅎㄹㅎㅎㅎ,5
배달 빨리와서 잘 먹엇어요~,5
양도 *적고 맛도없고 배달1시간 30분 공기밥도 없음 이걸 * 또 먹겠냐,1
감자는 덜익고 당면은 다 불고 식고   찜닭을 엄청 좋아해서 여기저기서 자주 시켜먹는데  여긴 최악입니다,1
매운거 잘 못먹는편인데 이건 넘 맛있어서 그냥 참고 다 먹었어요ㅋㅋㅋ 맛있게 잘 먹었습니다 :),5
너무 맛나게 잘 먹었습니다  또 시켜 묵고 싶어집니다^^,5
너무 오래걸렸네요 대자에 김치 너무 야박해요 앞으로 그릇은 채워주세요~~~,4
진짜 맛있네요 닭볶음탕은 여기에 정착해야겠습니다,5
양많고 맛있어요~ 다음에 또 시킬겁니당,5
리뷰보고첨 시켜봤습니다 적당히맵고 달달합니다 떡볶이떡도들어있네요 맛있게잘먹었습니대,4
양 많고 매콤하고 맛있어요,5
맛은있는데 깍두기가 맛이엄ㅅ어요 ㅠㅠ 무우를주지....,3
하하 철수세미 이벤트 당첨됐나봐여!  먹다가 위장청소할뻔  맛은 그냥 쏘쏘,1
닭도리탕 맛잇네요 배달도 빠르고,3
맛있게 먹었어요 전보다는 덜 매워진 것 같아요! 요청사항 들어주셔서 감사해요,5
배달도 빠르고 맛있게 잘 먹었어요~ 음료도 잘 마셨습니다~ 번창하세요^^,5
맛있었어요 짜다고 하던 댓글이 좀 있던데 전 딱맞거나 싱거운 정도? 다만 떡이 좀 덜익혔더라구요 굿,5
ㅅㅅㅅㅅㅅㅅㅅㅅㅅㅅㅅㅅㅅ,5
자주 시켜먹는곳이라 믿고 먹어요 맛 양 빠른 배달까지 다 굿이에요,5
사장님 이렇게 장사하시면 망하시겠어요!  양도 엄청 많구 맛도 맛있어서 이렇게 많이 주시면 금방 망해요!! 그러지 마세요 저만의 맛집으로 남아주세요...✨✨✨✨✨,5
들어가는 야채는 없고 국물은 짜고....,3
처음 시켜봤는데 맛있게 먹었습니다 감사합니다,5
매콤한게 너무 맛있게 잘 먹었어욬ㅋ,5
진짜 오자마자 우걱우걱 먹었어여... 맛있게 잘먹었습니당 👍👍,5
이전에 주문해서 먹고 만족스러워서 재주문 했습니다 당첨되었다고 해서 전달할 내용에 이전주문일자와 닉네임 기재했는데 특별한게 없네요,5
리뷰 보고 주문했는데 넘 맛있게 먹었어요^^ 정말 굿 초이스!! 단골 찜입니다.... 강추,5
두번째시켜먹어요ㅎ 근데....사진찍는다는걸.....;;;배고파서 정신없이먹었네요ㅎ 맛있어요 애들도 잘먹네요,5
닭볶음탕만 주문해서 먹다가 이번엔 찜닭을 주문해봤는데 역시 실망시키지않네요~ 찜닭도 맛있게 잘 먹었습니다. 양도 푸짐하고 맛도 좋았어요.^^  단지 개인적으로 당면이 납작당면이였으면 더 좋았겠다는 생각을 해봤습니다. 제가 납작당면을 좋아해서요. ㅎㅎ 번창하세요~^^,5
맛있어요~감사합니다^^,5
지금까지 시켜본 배달 찜닭중에 제일 신선하고 맛있네요 양도 푸짐하고. 약간 짜기도한데 밥 비벼먹으면 딱 맞는 간이네요. 다음에도 주문 하려구요. 번창하세요 ^^,5
완전 양이 많다는 ^^ 맛도 좋고 배달도 친절 ~ 재주문했어요^^ 굿굿굿👍👍👍,5
맛 짱입니다. 닭도리는 여기서만 시켜요. 배달도 빠르고~!!!,5
너무 맛있게 잘 먹었습니다.,5
넘넘 맛있어요 양도 진짜많구 김치닭도리탕 진리예요,5
뼈도 없고 맛잇엇네요 배달도 빠르네요,4
배달도 빠르고 닭볶음탕만 먹다가 찜닭 먹어봤는데 찜닭도 엄청 맛있네요 -.-b 저번에 보내주신 리뷰 당첨 선물도 잘 받아서 먹고 있습니다. 번창하세요^^,5
언제나믿고먹는그린☆ 국물넘나맛있어서밥비벼먹음짱,5
영등포 갈때마다 무조건 먹습니다,5
배달이 너무오래걸리고 문앞에 놓고 전화도 노크도 없이 그냥 놓고 가버려서 좀 그랬는데 전화 응대해주신 사장님이 너무 친절합니다 맛은 조금 뻑뻑하긴 하지만 무난하게 잘먹었습니다,4
간도 딱이고 양도 많고 이틀동안 잘 먹었습니다!,5
배달 1시간20분 걸렸고욪 닭에 간이 베들어가지 않아서 맛 없어요,2
맛있게 잘 먹었습니다.,5
항상 잘 먹고 있스빈다...,5
역시 언제시켜먹어도 맛있네요 ㅎㅎ매콤하게부탁드렸는데 너무 맛있고 매콤했어요 ㅎㅎ다음에 또 이용할께요,5
닭도리탕 평생 먹어본것중에 이게제일 맛있습니다😋😊,5
냐아아아아아아아아아아아아아아아아아아아앙악악냐아아아아아아아아아아아아아아아아아앙🐱,5
매운걸 못먹는데 적당히 매콤하고 맛있네요 ^^ 밥 비벼먹으니 너무 맛있어요  잘 먹었습니다!,5
아주 맛있게 잘먹었습니다,5
오늘도 역시나 맛이 있습니당! 닭도리탕을 수고롭지않게 직접 요리 안하고 편하게 먹을수 있어 너무 좋아요!!! 거기다 맛까지 좋으니 금상첨화네요^^ 배달이 좀 오래걸렸는데 인기가 많아서겠죠~ 번창하세요!! 또 먹으러 올께용^^,5
닭볶음탕 배달맛집은 만나기가 힘들어서 왠만하면 잘 안시켜먹고 해먹는편인데  지난주 밤늦게 야식이 땡겨서 재료는 사러가기 늦었고 급! 검색으로 주문했는데 왠걸 진짜 맛있게 먹었습니다 ㅎㅎ  고추장으로 양념진한거 달고 진득해서 안좋아하는데 여긴 고춧가루로 맛을낸거같아요 국물이 깔끔해요  두번 시켜먹었는데 두번 다 매콤 닭볶음탕 먹었어요 맛있습니다!! 신라면 매운맛보단 좀 더 매워요 매운걸 좋아해서 청양고추 좀 더 넣어서 먹었더니 아주 굿입니다 사진은 찍은게없어서 아쉽네용ㅠ,5
정신차려보니 다먹었어요.. 리뷰 당첨 이벤트도 감사합니다,5
~~~~~<<<<<<,4
정기네ㅜ닭도리탕 맛들이면 다른데꺼 못먹어요...,5
맛있어요ㅎ또시킬게요,5
닭볶음탕이 맛있어서 찜닭에 도전해봤는데 맛있어요,5
조금 다네요. 원래 이정도까지는 아니었던거 같은데...달짝지근해서 얼큰한맛이 덜해요,3
맛있네요 ~~~~~~~~~,5
맛있다 ㅋㅋㅋㅋㅋㅋㅋㅋㅋ,5
믿고 먹는 순살 닭도리탕☆☆☆☆☆,5
맛있어요~!^^ 굿굿굿~,5
푸짐하고 칼칼하고 맛있네요,5
달달하고 너무 맛있어요 살짝 매콤한게 딱 제 취향이네요!,5
받자마자 양이 적은줄 알고 실망했다가 크고 튼실한 고기 덩어리들이 많이 있더라구요 은근 양 많고 맛도 좋아요 !!! 재주문 의사 있고 무엇보다도 맛 좋아용 !! 다음에 또 시켜먹을게요ㅎㅎ번창하세요~~! 사진 찍는걸 깜박해서 먹다가 찍기도 애매하고ㅜㅜ나중에 다시 시킬때 사진과 함께 리뷰 올릴게용^^,5
맛있게 잘 먹겠습니다~~,5
양도 푸짐하고 맛있게 잘 먹었습니다. 예전엔 순살로 주문해서 먹었는데 이번엔 뼈있는 걸로 주문했더니 확실히 뼈발라먹기 힘드네요. 다음엔 다시 순살로 시켜 먹어야겠어요. ㅎㅎ,5
전에 맛있게 먹었던 기억이 있어서 시켰는데 여전히 맛있네요!! 잘먹었습니다,5
양은 괜찮고 맛은 평범합니다 순살이 있는게 너무좋습니다 매운맛 순살메뉴도 있었으면합니다 순살은 일반밖에 없네요,4
아까 리뷰 쓰고 또 씁니당~ 좀 전에  받아서  지금  먹고있구요  역시  맛있습니다! 콜라도 감사해요~~~ 맛도 더도말고 깔끔하고 맛있어용!  담에 또 주문 하겠습니다!,5
제가 얼마전에 시켜 먹고 리뷰 쓰는 걸 깜박 했어요 너무 맛있었고요 ㅠㅠ 염지를 직접  하시는거겠죠??  후추같은게 속에 묻어있고 그런게 진짜 잡내 하나도 없고(제가 예민해서 진짜 잡내 혐오에 진심인 편입니다 ㅜ 여튼 ) 열심히 준비를 하셨을까 싶더라구요 정말로요  그리고 제가  지금 새벽인데 배가고파서 잠을 못자고있습니다 ㅋㅋㅋㅋㅋ 그래서 이거 쓰고 바로 시키려구요! 곧 다음 리뷰로 오겠습니다 너무 잘먹었구요 또 잘 먹겠습니다~(너스레),5
늘 맛있게 잘 먹었어요 콜라 서비스 감사합니다,5
양이 정말 많습니다! 그리고 맛나요^^ 16개월 저희 아가도 잘 먹네요 ㅎㅎ,5
시켜먹울때마다 맛있어요!!!!,5
양도 많고 맛도 굿 !! 배달도 친절 ^^,5
정말 맛있고 빠른배달 감사합니다^^,5
항상 잘 먹고 있습니다!,5
전에비해 배달이 많이 늦었네요ㅜㅜ  전에는 뜨끈뜨끈하고 엄청 맛있게먹었는데 이번에는 다식어서왔어요ㅜㅜ  그래도 맛있게먹었습니다,5
너무 맛있어요 많이 짜지 않아 좋아요,5
닭볶음탕이 맵고 달아ㅇᆢ ㅜㅜ,3
되게 잘먹었어욥!!,5
맛있어용 양도 많고,5
.,5
얼큰 맛이 이렇게 매울지 몰랐네요.,5
맛은 진짜맛있어요 근데 뚜껑열어보니 랩싼거 가운데 구멍 뚫려서 국물 다새서 왔어요 그리고 먹다 짧은 머리카락 한가닥 나왔어요 맛은 진짜 맛있는데.. 랩을 누가 찢고 머리카락을 넣은건지 아님 조리하고 담을때 머리카락이 들어간건지.. 기분 나빠서 별두개뺐어요,3
항상 후회없이 맛있게 먹고있습니다. 감사합니다.,5
이집에서 자주 시켜먹는데 정말 맛있어요 양도 풍족하고 살코기도 너무 부드럽고 양념도 밥과 함께 먹기 너무 좋네요,5
오랜만에 먹어도 역시 배신하지 않는 맛👍,5
너무맛있었어용ㅎㅎㅎㅎ,5
기본적으로 양도 많고 맛있었어요. 약간 달짝지근한 느낌이 있는데 조금 더 매콤하게 해주셨더라면 더 훌륭할 것 같습니다.,5
음료수도 두개나 서비스로 주시고 맛있게 잘먹었습니다ㅎㅎ,5
배달 진짜 빨리왔어요 아침으로 밥 먹고 싶었는데 덕분에 잘 먹었습니당,5
개인적으로 텁텁한 국물을 별로 안좋아하는데 여긴 최강 텁텁 맛이 없는 건 아니구요 워낙 리뷰가 좋아서 시켜본건데 제 취향은 쪼끔 빗나갔어요  맵기도 적당하고 잡냄새는 안나긴 하는데 굵은 고춧가루를 좀만 덜 써 보심이..,3
단짠단짠 맛있어요~ 저희는 술안주로 먹었지만 밥이랑 막었어도 맛있었을것 같아요! 같이 있는 떡이랑 감자도 넘 맛있었어요~ 또 시켜 먹을께요^^,5
맛있게 잘 먹었습니다~ 당면이 생각보다 많더라구요 ㄷㄷ,5
닭볶음탕쵝오.. 짱맛있어요 밥뚝딱밥도둑 ㅜ,5
밥 되기전에 다먹었네요 ㅡㅡ,5
^^맛잇네요 번창하세요,4
맛있어요~! 새벽에 야식시킨거라 맛 기대안했는데.. 존맛...,4
닭도리탕 배달 처음 시켜봤는데 양도 맛도 좋은거같아요,5
"맛있는데, 살짝 취향타겠네요. 고춧가루로 맛내는거 좋아하시는 분들은 아주 좋아하실것 같고, 고추장으로 맛내는거 좋아하시는 분들한테는 쏘쏘인듯 합니다.",4
양과 맛 모두 만족해요 꿀맛보장,5
진짜로 맛있어요.. 양도 엄청많고 원래 김치찜좋아해서 김치찜먹을지 닭도리탕먹을지 고민했는데 김치닭도리탕있어서 시켰는데 진짜맛있어요!!  많이파세용~~~,5
닭도리탕은 역시 이집이 최고^^ 양이 더 푸짐해진것 같아요^^  배달원분도 요청사항 잘 들어주고 가셔서 감사합니다^^,5
자주 시켜먹는 곳입니다 매운맛 정말 내ㅛㅡ타일 ㅎ,5
엄마랑 둘이 하나도 남김없이 먹음 존맛 진짜,5
맵기도 적당하고 맛있게 먹었어요!,5
맛있어요 자주 시켜먹을게요,5
항상 잘 먹고있습니다!,5
맛있게 잘 먹었어요! 양이 아쉬워요 :(,5
후기에 다 맛있다 그래서 시켰는데 정말 맛있어융 간이 조금 센편인데 밥이랑 먹으면 딜리샤스,5
진짜맛나요~~~~~~!,5
리뷰안써서 사진안찍는데 다먹고 지금 남은거 데워먹는디 줭나맛잇네요 3일뒤에 또먹을거이요,5
처음 먹어보았는데 맛있게  잘먹었습니다.,5
너무맛있고 양도 많고 음료수 서비스장난아니에여 ㅎㅎ,5
맛잇어요 ㅋㅋㅋㅋㅋㅋ,4
맛있게 잘 먹었습니다,5
매콤한맛이 일품입니다!!!!! 정말 너무 맛있게 먹었습니다 계속 시켜먹을게요,5
먹다 찍엇음 리뷰안남기는데 맛나서올림 콜라같은걸로는 내 리뷰를 작성할순 없음 근데 맛잇어서 남김 맛남 굿,5
맛있게 잘먹었습니다. 배달은 10분 정도 늦었지만 추석당일이었기 때문에 이해합니다. 번창하세요,5
저번처럼 배달도 빠르고 역시 잡내하나 안나고 양은 너무 푸짐^^  국물도 얼큰하니 좋네요 맛집^^,5
좋아요좋아요좋아요좋아요,5
예상시간보다 배달도 일단 빨리 왔구요 새벽에 갑자기 닭도리탕이 땡겨서 시켰는데 너무 맛있게 잘 먹었어요ㅜㅜ매콤하니 너무 맛있었습니다 콜라도 서비스? 로 주시구요 다음에 닭도리탕 또 시켜먹을거 같아요!!,5
맵긴 한데 너무 맛있어요ㅎㅎ,5
으앙 ㅠㅠ 방금 10줄은 썼는데 ㅠㅠ 날라가서 다시 써요 ㅠㅠ 여기 진짜 너무너무너무 맛있어요 ㅠ 요기요 닭볶음탕집중 최고인거 같습니다 ㅠ 사장님 진짜 손맛인정요~!!!!!!,5
음료수 서비스에 놀랐어요 ㅎㅎ 고춧가루 맛이 좀 세긴 했지만 맛있었어요 진짜!!! 닭볶음탕 최고에용~~ 리뷰많은 순에서 시켰는데 리뷰가 많은 이유가 있네여 ㅎㅎ 양도 많아서 둘이 먹는데 다 못먹었어요 ㅠㅠ 사진은 까먹고 먹다가 배부를 때쯤 찍은건데도 양 많은 거 보이죠?? 짱짱!,5
역시 닭도리탕 전문점은 다른거같아요 ㅎㅎ진짜맛잇엇고 국물도 많이주셔서 나중에 밥볶아먹엇어요 양도많고 떡도맛잇고 ㅠㅠㅠ담에 또 시켜먹을께요 ㅎㅎㅎㅎ,5
처음 시켜먹었는데 아주 좋네요  문앞에 놓고 연락을 달라고 했는데 초인종 누루고 문 두드리고 이런건 조심해  줬으면 하네요,5
가격대비 괜찮네요! 양도 많고! 잘먹었습니다!,4
배달예정시간 한참 남았는데 신속배달 와서 완전 만족 입니다 근데 지난번에 당첨 됬다고 했는데 선물을 받으려면 정보란의 전화로 직접 걸어서 주문해야 하는건가요?,5
잘먹었습니다 또 시킬게요,5
닭도리와 찜닭은 이집고정,4
푸짐하고 넘 맛있어요 자주 시켜먹을게요 감사합니다~^^,5
콜라 서비스 좋았구요 넘 달아요...,3
추석에도 늦은시간까지 감사합니다 올해도 고향에 내려가지 못했지만 잘 먹었습니다!,5
맛나요!! 양념이 좀 쎄기는 해요. 보통맛인데도 고춧가루가 많아서 자극적인 맛난 맛이에요! 감자랑 떡도 넉넉히 들어 있어요!,5
맛있어요! 또쥬뮨할께요,5
맛있어요 ㅋㅋㅋㅋㅌㅌㅌㅌ,5
고춧가루가 조금 작았으면 좋겠지만 맛있게 잘 먹었습니다~,4
맛있게 먹었습니다. 번창하세요.,5
양도괜찮고 맛있습니다.,4
순살시켯는데 뼈가옴 전화하니 저에게 어떻게할까요 물으시면 저는뭐라대답해야할까요 가끔시켜먹던집인데 아쉽네요 수고하세요,1
국물많이달라고 요청했는데 딱적당히  주셔서 맛있게 먹었습니다 다른가게랑 다르게 질리지않는맛입니다 내입맛에 딱입니다,5
맛있습니다 맛있습니다,4
첨시켜서 먹어봤는데. 짱. 맛나요,5
배달 빠르고 맛있어요 근데 현금 내면 2000원할인인데 돈 다 받아가셨어요 카드했을건데 호텔이라서 현금 가지고 내려가서 어쩔수없었어요,5
평이좋아서 주문했는데 강추합니다^^ 비린내나 잡내 하나 안나네요ㅎ 정말 맛있어요 양도 중이맞나 싶더라구요 배달원분도 친절하게 문옆에 잘두고 가주셔서 감사합니다^^ 또 주문할게요,5
진짜 맛있게 먹었어요,5
아~~맛있어요~~~,5
올드보이 군만두처럼 15년동안 이것만먹어도 안질리고 자꾸생각나는 맛..😭,5
항상 맛있게 먹고 있어요 ㅎ,5
엄청 맛있읍니다. 자주 와요,5
항상맛있죠 ㅎㅎ괜차나요,5
배달 빠르고 맛나요..,4
닭도리탕 너무 맛나게 먹었어서 닭백숙이 먹고 싶어 꿩 대신 닭이라고 믿고 시켰는데 경악을 금치 못하겠습니다...손으로 들기만해도 바스러지는 이 닭뼈는 삶아진 삼계탕 닭이 아니라 포장된 비닐팩에서 곪아진 시판삼계탕인데 이거 플라스틱 용기에 담고 깍두기 좀 주면서 마리당 12000원...이 마저도 2인분 이상 시켜야 해서 2마리 24000원에 파신다니 ㅎㅎ 사장님이 고객이면 이거 이 돈 주고 사 먹어요? 딱 첨부한 사진 제품 맛인데? 내가 1팩 사도 6천원 안되는거 기업 단체주문이면 훠얼씨이인 더어 쌀텐데?,1
한시간 걸린다고 했는데 훨 빨리 왓어요!! 따뜻할 땐 좀 짠가? 싶었는데 식으니까 확실히 짜더라구요. 닭 자체 간이 잘 배서 그냥 물 좀 더 넣고 끓여 먹었더니 너무 맛있어요. 감자가 진짜 맛있는ㄷ 두개뿐이라 아쉽더라구오ㅠㅜ,4
배송도 빠르고 제품도 아주아주 좋아요,5
얼큰하니 정말 맛있게 먹엇어요~~~^^,5
이제 다른곳은 못먹을것 같네요 너무 맛있습니다!,5
배달 왕 빨리오고 여기서만 닭도리탕 먹어용,5
두명이서 소짜먹었는데 남길정도로 양도많고 맛있어요 !!,5
냄새가심해요 오래된 닭 같아요,1
오늘은 닭 몇개가 비린내가 약간 났어요ㅜ,4
맛있게 잘 먹었습니다,5
맛잇구 음료수 서비스도 좋아용~~,5
엄마가 해주셨던 닭도리탕 맛이네요 진심 맛있었습니다~*,5
맛있게 잘 먹었습니다!^^,5
닭도리탕 먹고 싶을땐 늘 시켜먹는집입니다 맛도좋고 저렴해서 좋습니다,5
맛있게 잘 먹었습니다,5
닭을  너무 좋아해서  식구들끼리  쿠폰이용해서  번갈아   배달시켜보는데  음~~   양은  가격대비 푸짐하고  아직까지 우리가족  최애는  노량진  닭갈비(?)짱! 이네요,4
짱마싯어요 국물도 많이 달라햇는데 많이 주셔서 감사합니당,5
맛있게 잘먹었습니다,5
부재료들이 들어가는게 적은거빼고는 다 좋아용!,5
전보다 양이 너무 줄어서 아쉽네요....,3
오랜만에 먹었는데 양도 많고 맛있네요!,5
양도 많고 배달도 빨랐고 맛있어요 근데 공기밥이 스티로폼이 랩 씌우 와서 쬐끔 당황 ㅎㅎ 양 많이 주시려고 여기 담아 주신것 같기도 하구옴,5
맛있게 잘먹었습니다 배달이 조금만 더 빠르면 좋겠어요ㅠ,5
배달지 잘못 입력했는데 급하게 정정도 해주시고 맵게 해달라고 요청 했는데 진짜 맛있게 매워요! 사장님 감사합니다 ^^ ~~ 지금 잘 먹고 있어요!!,5
국물좀  많이 달라고 했는데 내 요청사항은 하늘로 가버렸다 추워서 고기필요없고 따뜻한것  국물좀 마시고 싶었는데 그리고 하루지나니 역시 음식에서 냄새가  난다 안좋은 고기를 쓰거나  미리 요리했던걸 데워서 파는것같다,1
여기 맛있네여 담엔 일반으로 시켜먹게요 넘 매워서 ㅋㅋㅋㅋㅋㅋ 맛있게잘먹었슺니다!!,5
양은 많고  좋으나 맵게 해달라했는데 순한맛으로 왔뜸 코로나땜시 배달이 늦었으나 사장님 친절하심 대박나세요,5
살짝 매콤하니 맛있어요. 닭도 신선하고 양도 푸짐하네요. 먹다보면 살짝 단 맛이 강한 느낌인데 이건 개인 취향이 뭐.. 야근 하면서 시켜먹었는데 맛있게 잘 먹었네요!!,5
닭도리탕은항상여기서만시켜먹어요!!ㅎㅎ,5
진짜 먹을때마다 감탄사가 나오는 맛입니다 한번 맛보면 잊을 수 없어요,5
너무맛있어요 또주문할게요,5
사진못찍어서친구들이 찍는다햇는데 안찍고 먹음..죄송합니다. 맨날찜닭만먹다가 닭도리탕먹었는데 국물이 진짜 맛있네요 밥까지싹싹비벼먹었습니다. 매콤하니 술안주에 밥까지  닭도리탕 고민안해도되겠음 잘먹었습니다,5
두번째로 시켜봤어요 처음에는 매운 찜닭 도 맛있었는데 오늘 순살찜닭도 넘 맛있어요 굿굿굿!,5
적당히 늦어야 이해를 하지 두시간이 넘었는데 출발했다고만 하고 안오는건 언제까지 기다리기만 하라는거임 하;;,1
넘맛있습니다~~!,5
떡이랑 당면이 맛이너무 쌀맛이나요,3
집밥먹는느낌 얼큰하니 좋구먼요,5
맛있게 잘 먹었습니다,5
맛있어요ㅡㅡㅡㅡㅡㅡ,5
닭볶음탕 엄청 맛있었습니다 배달도 정시간에 왔구요  깍두기가 새거를 퍼는건지는 모르겠는데 이빨자국? 이 있더라구요 그거만 신경써주세요! 잘먹었습니다@!!!,5
신선하고 건전한 맛이 납니다  양도 많습니다 순살 찜닭은 고기 덩어리가 커서 불호하실 수 도 있을거같은데 저는 좋았어요,4
매콤합니다다다다다다,5
양도 푸짐하고 맛있어서 항상 잘 먹고 있어요.,5
배달원이 엄청 불친절한거 빼면 다 좋았어요 맛도 좋고 양도 둘이먹기 딱 좋았구요 조금 남으면 항상 버리는데 냉장고에 두고 아침에 데워 먹었네요 정말 맛있게 잘 먹었습니다.,5
맵기도 적당하고 양도 많고 좋습니다~,5
맛있어요~~~ 양도 많고 달다구리해요ㅎㅎ,5
첫 주문인데 빠르고 맛나네요.....,5
밥이랑 먹으면 맛있어요 잘 먹었습니다!,5
매콤하니 너무 맛있네요 잘 묵었습니다~,5
배달로 닭볶음탕을 주문해본건 처음이라 걱정했는데 맛있었어요!,5
맛있게 잘 먹었습니다,5
정말 맛있게 잘먹었습니다,5
"정확하게 2시간넘어서 배달받았고 식은것도 화나는데 국물은 거의 쫄아서 짜고, 면은 띵띵 다 불어서 덩어리져있습니다, 퇴근후 기분좋게 먹을 저녁한끼가 이렇게 엉망이 될줄이야 .배달온분이 전문배달원은 아닌거 같은데 죄송하다는 말한마디 없이 엘레베이터 벨 누르는거 보고 또 시켜먹을일은 없겠다 싶네요 날씨탓 교통탓 안하셨으면 합니다 3키로 밖에 안되는거리인데 출발했다고 통화한지 한시간 지나서 받았으니까요 주문이 많으면 받지를 마세요",1
국물이 칼칼해서 늘 시켜먹게되네요  서비스 콜라 감사합니다,5
맛은  괜찬았어요.배송은  많이  늦었어요.,5
후기가 조아서 주문했는데 맛있네용,4
맛있었습니다 고추가루가 너무많아요,5
맛도 좋구 양도 많구 배달도 빠르네요,5
양도 많고 맛 좋습니다!!! 강츄,5
잡내도 안나고 매콤하니 맛있었어요~  떡이랑 감자 버섯도 들어있고 양도 두끼이상 먹을만큼 넉넉해요~~!!,5
맛있게 잘먹었어요! 양도 많네요^^ 먹기전에 사진못찍어서 죄송해요ㅠㅠ 음료수도 정말 감사합니다!,5
사장님 리뷰 이벤트 그렇게 주시면 남는게 있으세요ㅜㅜㅜㅜㅜㅜ? 맛도 가격도 착한데 사장님 인심까지 먹을때마다 놀랍니다. 오늘도 맛있게 잘 먹었습니다. 코로나 잘 이겨내시고 번창하세여-!,5
저 국물 색깔좀 보세요... 예정시간보다 늦게오고 감자가 덜 익은 감이 있지만 그래도 맛있습니다. 닭도리탕은 여기서만 시켜먹어요ㅎㅎ 콜라도 2개나 주시고!!! 잘먹었습니다~,5
먹어 본 닭도리탕 중 정말 최고입니다. 양념 맛이 밥과 함께 먹기에 딱 좋습니다. 맛집 찾은 것 같아 기쁘네요. 다음에는 찜닭도 먹어보려구요!,5
좀 기름 많지만 맛은 좋았습니다,2
늘 푸짐하고 맛있게 잘먹고 있습니다. 리뷰 당첨됐다고 남겼더니 정말로 큰 사은품을 보내주셔서 놀랐네요~ 홍삼 한박스 먹고 힘내겠습니다~ 더 번창하세요^^,5
맛잇어요콜라 두개주심 ㅎㅎ,5
정확한 시간에 와서 맛있게 먹었습니다. 감자가 조금만 더있으면 좋겠다는 생각이지만 전체적으로 만족합니다.^^,5
최고에요!!!!!!,5
배달 2시간걸렸어요 ..이 전 주문은 1시간 반..,5
늘 맛있습니다 좋아요,5
"사진이 좀 어둡게 나왔지만, 개꿀맛",5
항상 잘 먹고 있습니다.,5
너무 맛있게 잘먹었어요,5
예상시간 1시간 반으로 잡히더니 결국 2시간 조금넘어서왔네요...,1
중짜리 시켰는데 3일동안 먹었네요 ㅋㅋㅋ 양 진짜 많은데 당면 밑에 숨어있으니까 불기전에 먼저 드세요,5
다 먹어치워서 사진이 없네요 역시 맛있어요 항상 푸짐한 양에 놀랍니다 또 시켜먹을게요 잘 먹었습니다!,5
맛있어요   얼큰하고  매콤하고,5
맛나게 먹었지만 가다리는시간이 너무기네요~ㅜㅜ 1시간소유라 시켰는데2시간걸렸답니다~ㅜㅜ,1
"두시간 넘어서 도착했고, 얼큰 시켰는데 그냥 바빠서 다 일반 맛으로 해서 줬는지 하나도 안 매콤했어요. 오늘 완전 비추",3
맛있어 일단 시켜봐아와우아,5
기분 나쁘게메운맛하지만개속땡기는맛입니다,2
아 여기 진짜 맛있어요.. 처음시켰는데 대자리 여자 넷이 먹었는데 양도 많고 정말 맛있었어요 ㅋㅋ최고,5
"굿.., ., , .",5
탄고기섞여 있는거같음 ..?,5
오늘은 좀 맵네요 ㅜㅜ  요청사항에 안맵게 해달라고 하는데 매번 맵기가 왔다갔다 ㅋ 맛은 있어요 ~,5
닭도리 양도 많고 맛은 있지만 배달이 너무 느려요. 1시간 30분만에 배달이 왔어요. 배달원도 너무 예의가 없는것 같고요,3
배고파서 사진 찍는 건 잊고 먹었지만 맛있고 맛있고  특히 김치랑 떡도 굿굿!  밥을 한그릇으로 나눠 먹으려다 결국 두그릇 먹어서 배터지겠어요,5
조금 매콤한데 맛있어요!,4
오늘도 맛잇게 잘 먹었습니당,5
맛잇게 잘 먹었습니다~,5
닭도리탕  처음시켜 먹었는데  정말 맛있습니다 기대를  저버리지 않은  맛이었습니다 앞으로 종종 시켜먹을  생각입니다   사진은  못찍었어요   리뷰남길생각이  없었는데    맛있게 먹어서  올립니다,5
늘 시켜먹지만 늘 맛있는 곳,5
역대급이에요 얼큰닭도리탕 다음엔대자시킬거에요. 국물 한방울도 남김없이 밥비벼먹었어요 소자시켰는데 닭한마리 완전대박입니다.,5
아주 맛있습니다 국물도 칼칼하고 끝내줍니다,5
맛있게 잘먹었습니다~~,5
맛있게 잘 먹었습니다,5
오늘 칭구네집 놀러와서 원조정가네를 시킬 맘으로 갔는데.. 친구가 장염에 걸린거에요ㅠ 그래서 할수없이 원조정가네를 시켜서 닭볶음탕을 혼자 먹는 행운을 🤭🤭🤭 점심 저녁까지 친구 옆에 있어주면서 닭볶음탕 맛있게 클리어했어요🤗 원조정가네닭볶음탕은 제사랑입니다❤,5
매콤하며’ 맛있게 잘먹었습니다.,5
배달은 조금 늦었지만 너무 잘먹었어요 ㅎㅎ,5
맛있게 잘 먹었습니다!!,5
배달 빨리와서 좋았어요 약간 간이 센편이나 밥이랑먹기엔 나쁘지않았고 전체적으로 좋았지만 파랑 버섯양이 매우적고 양파가 없어서 좀 아쉬웠지만 별5개,5
맛.있.어.요♡-♡,5
맛있엉용 퇴근하고나서 넘힘들고 지쳤는데 처음으로 찜닭 시켰는데 예상보다 맛있었어요 처음 시켜서 매운 단게를 잘 몰라서 ...진짜 매워용 근데 맛있으면서 매운맛이에요 중독적인 맛 ㅋㅋㅋㅋㅋ,4
몇번시켜먹었는데 오늘 이상하게 김친지 닭껍질인지에서 누린내가나네요 김치떡은 이제안시키고 걍매운거로시켜야될까봐여 근데콜라를두개주셨네여 서비슨가여 ㅎㅎ여튼 와이프는 맛있다거 잘먹네여,4
배달이 좀 오래 걸렸지만 맛있어서 좋아요 잘 먹었습니다,5
맛있게 먹느라 사진을 못 찍었네요ㅜ.ㅜ 너무 맛있게 잘먹어요~^^,5
ㅡㅡ고추기름 너무마니들어갔네요,1
양이 적어졌지만 배달도 빠르고 맛도 있어요 ^^,5
배달이 조금 늦었지만 너무 맛있었어요ㅎㅎㅎ,5
빠르게 보내주셔서 감사합니다 음료도 주심 잘먹었어요 맛나구 조아요!,5
배달시간 빼고 별 4개 슥샥쇽,4
잘맛있게 먹었슴당~~~~~,5
당면이 살짝 불어서왔지만 맛있습니다! 음료수도 두개챙겨주셔서 아주아주 만족스럽게 잘먹었습니다,5
너무 빠르게 베달받아서 잘먹엇습니다,5
맛있는 음식 잘  먹었습니다,5
오늘도 푸짐하게 너무 잘먹었습니다 ㅋ,5
그 재난카드 가능하다고 적혀있엇는데 막상 시키니까 안되던데요? 맛은있엇읍네다,5
맛있어요ㅠㅠ 자주 시켜먹을 것 같아요,5
비오는 날에도 고생많으십니다 ^^,5
맛있게 잘먹었습니다,3
너무 맛있어서 사진 찍는 걸 까먹었어요ㅠ 서울로 여행와서 먹는 밥이였는데 너무 맛있게 잘 먹었어요 대박나세요 사장님:),5
111111111111,5
처음시켜먹었는데 넘나 맛있었어요 ㅎㅎ,5
맛있게 잘 먹었습니다,5
전에 리뷰 당첨돼서 당첨된 것 받았네여 상품이 항상 같은건지 몰라서 말을 해도 될지는 모르겠지만 그래도 보고 우와 이걸 보내준다고?할만한 거였습니다!!!저도 리뷰당첨 뭐 안 올줄 알았는데!!어느날 택배배달와서 우와!!와우!!  언제나 맛있게 먹고 있습니다 순살 시켜도 안퍽퍽하구요! 매운것도 적당하고 양도 많아서 배부르게 먹었어요 사진은 똥손이 찍어서 맛없게 나온겁니다!진짜 맛있어요,5
배달이 좀 늦었어요ㅋㅋ근데 이해합니다 비도 많이 오고 배달이 밀려서 그랬을거라 생각해요! 고생하셨어요~~  맛도 맛이고 양도 좋았어요! 저희동네에서 시켜먹는 닭도리탕집중에서 제일맛있었네요,5
"포장이 너무 깔끔하고 잘 되어져서 와서 엄청 좋았어요! 다만, 제가 시킬때 주문량이 많지 않았던건지... 닭에서 오래된 냄새가 나더라고요ㅠㅠㅠ 다음에는 좀 더 신선한 재료를 사용해주시면 좋을 것 같습니다...ㅠㅠ 포장 및 밑반찬 서비스 등 그 외적인 부분들은 전부 마음에 들었어요^^",3
맛있게 먹었어요 양도 푸짐하고요~,5
정말 맵기도적당하고 맛있었습니다.,4
양 진짜 많고 맛있어서 다음에 또 시킬게요~~~,5
밥한그릇 뚝딱이네요~ 얼큰은 처음먹어봤는데 맛있어요!!!,5
냄새없이 맜잇는거 같으요~^^,5
닭도리탕은 항상 여기서만 시켜 먹어요ㅎㅎ 얼큰닭도리탕 진짜 매우면서 맛잇어요 짱짱!!,5
항상맛있어요!! 닭도리탕은 여기가 제일 맛있습니다,5
"항상 맛있게 잘 먹고있습니다. 다만, 이번에는 닭 잡내가 좀 많이나서 먹기 힘들었네요. 다음에는 신경써서 조리 부탁드릴게요 번창하세요",4
매우면서 맛잇네용!,5
맛있어요 양도 많구~~~ 그래서 세번째 주문이었는데...첨이랑 두번째는 빨리 왔는데 세번째는 배달이 너무너무 늦어서ㅜㅜ별 하나 뺏어요... 그치만 맛있어서 포기할수 없는맛~^^ 담에 또 주문할께용 배달만 좀 시간에 맞게 부탁드립니다~~,4
잘 먹었어요.  감사합니다,5
차라리 비비고가 나음,1
딱 적당한 간에 잡내도 안나고 굿입니다~,5
맛잇긴한데 닭 잡내 잇는고기가 몇개 있었어요..,5
너무 배고파서 먹고보니 리뷰를 까먹었어요 ㅋㅋ 고기도 부드럽고 얼큰하니 딱 좋았습니다.  잘먹었습니다~,5
맛있게 잘먹었습니다,5
어제밤에 친구네 놀러왔다가 눈뜨자마자 시킨 원조정가네 닭도리탕^^ 이거 먹으러 왔냐고 서운해 할정도로 하트뿅뿅입니다~ 다음엔 두개 시켜서 집에 가져가야겠어요~😍 오늘도 넘넘 맛있게 잘먹었습니다,5
맛있어요 콜ㅈ라서비스 감사합니다🤩😊,5
순살닭도리탕 +매운닭도리탕 완전 둘다 마싯아유ㅠㅠㅠㅠㅠㅠㅠㅠ,5
배달후에 문자달라고했는데 안줘서 도착한줄도 몰랐네요. 전화라도 주지. 콜라가 뜨끈해졌음. 양많고 맛은 있습니다.,4
당면은 다 불고 고기에는 돼지간 같은 맛이 나요,1
정말 맛있습니다 적극 추천합니다 가격도 저렴하고 ㅎ,5
맛있게 잘 먹었습니다 ~~,5
음식  맛있어요  음료도  두병이나  주셔서  감사했어요 ~,4
진짜 변하지않네요 맛강추합니다 리뷰당첨 감사합니다. 상품 기대하겠습니다,5
잘먹었습니다 감사드립니다,5
"아무리 문앞에 넣고가라고 했고서니 배달 자체가 2시간 딜레이 된 상태에서 노크도 없이 문앞에 두고가면 온지 안온지 어떻게 아나요? 전화하면 배달 출발한지 1시간 됐다고 하고 문 밖에서 당면 불고, 식은채로 최소 30분 이상 방치되게 하네요",4
삼계탕 기름이 좀 많은거같애요,3
배달예상 시간보다 빠르게 도착해서 만족~ 서비스로 음료수도 많이 주셔서 대만족~ 맛과 양은 말할 것도 없쥬~ *닭도리탕 양념 새지 않게 센스있는 포장 진짜 맘에 드네요,5
음료수 하나 더주셨는데 서비스라 생각하고 감사히 먹겠습니다 닭도리탕 너무 맛있어요,5
먹을때마다 맛있네여,4
얼큰달달한 국물이 일품이에요! 맛있는 국물이 재료에도 간이 적당히 잘 배어서 정말 맛있어요 양이 많은데도 너무 맛있어서 국물까지 남기지 않고 먹어요 그리고 사장님도 친절하셔서 기분 좋게 먹는 맛집입니다!,5
배달 시켜본 닭볶음탕 중 최고였어여~ 맛도 있고 양도 많고 배달도 빠르궁 재주문 의사는 100% 입니당 콜라도 2개나 보내주셔서 감사합니당~ 담엔 찜닭도 먹어봐야겠네용 대박나세용~!,5
배달도 제때오고 맛있어요! 근데 중간중간 닭이 메말라 있는건지 간먹는것처럼 퍽퍽한 부분이 있었습니다ㅠ 닭볶음탕이 더 맛있네요! 서비스 콜라 감사합니다!,5
맛있게 잘 먹었습니다 떡사리 3천원 추가했는데. 떡 몇개 안들어가있네요 흐,5
이거 시켜서 드시지 마시고 차라리 가게에서 사다 드세요,1
맛있게 잘 먹었습니다,5
늘 맛있게 먹고있습니다. 엄마랑 간만에 맛있게 식사했네요.,5
20분만에 왔어요!! 닭도리탕도 맛있고 서비스로 콜라도 주셔서 감사해요! 넘 맛있어서 속성으로 흰쌀밥해서 비벼먹었어요 ㅎㅎ 닭고기는 물론이고 감자도 폭 잘 익어서 무지 맛있네요.,5
good!!!!!,5
음 역시 리뷰많아서 그런지 배달도 빠르고 가격대비 맛도 훌륭합니당^^  첫주문이였는데 생각나면 자주 먹을듯 합니다,5
두번째 시켜먹었는데 사진을 한번도 못 찍네요 ㅜㅜㅜㅜ너무 맛있게 잘 먹고 있습니다!! 김치도 시원한게 깔끔하고 너무 맛있어요!!,5
닭에간이덜베어 음식이따로노는듯했어요 양념은괜찮으나 더쫄였어야하지싶은느낌이었슴다,4
진짜 얼큰하고 맛나요♡♡♡꿀맛,5
"저번에 한번 가족들이랑 시켜먹고 너무 맛있어서, 집에 손님 오셔서 시켰습니다. 대 만족입니다. 지인들이 닭볶음탕이 제일 맛있대요ㅋ",5
이제까지 먹어본 배달 닭도리탕중이 제일 맛있네요 강추드립니다 서비스도 콜라를 어마어마하게 주셔서 시원하게 잘 먹었습니다 ^^ 앞으로도 닭도리탕 먹을때있으면 여기 시킬것같네용~,5
음식은 항상 괜찮은데 배달이 ㅡㅡ 전화하라는 탭은 왜만든건지 알수가없음 안오길래 문열어서확인했더니 툭 던져놓고 갔디만 ㅋㅋㅋㅋㅋ,4
순살 찜닭을 주문했는데 일반 닭볶음탕이 왔네요ㅠㅠ 지금 격리중이라 제가 만지거 다시 보낼수도 없어서 그냥 먹었어요. 음식물처리 안만들고 싶어서 순살 주문했는데 뼈가 많이 나왔네요. 아이가 있어서 너무 매울까봐 걱정했는데 맛은 있어서 허허 그러면서 다 먹었어요. 닭볶음탕이 맛있어서 담엔 꼭 찜닭도 먹어보고 싶네요. 담엔 꼭 주문 확인하시고 보내주세요ㅠㅠ 먹기전에 당황해서 사진을 못찍었어요. 나머지 떡도 깔끔하게 다 먹을만큼 맛은 있었습니다.,3
닭볶음탕 먹고 맛있어서 이번엔 찜닭 시켜봤는데 역시는 역시네용!! 실망시키지 않는 맛👍🏻👍🏻 배달도 진짜 빠르고 연중무휴라고하셔서 자주자주 시켜먹을 것 같아여!! 찜닭은 간이 삼삼하니 너무 짜지도 않고 적당해서 맛있었어요!! 맛은 기본이고 빠른 배달이랑 서비스가 좋아서 계속 생각나는 곳입니다!! 너무너무 맛있어요❣️❣️,5
배달 최악 음식은 존맛 난 또 시켜먹을꺼에여 . 근데 ㅠㅠ배달음식 자주시켜먹는데 와.. 콜라 여는데 진짜 머리랑 다리 옷 테이블 전부 다 콜라폭탄맞았어요... 한달에 배달10번넘게 시키는데 이런적 처음이라 ..와 너무 화났는데 ..... 왜케 맛있어요.....? 너무 화났는데 다음에 또시켜먹긴할것같아요... 와... 너무맛있어여....오늘 배달기사님 한분 안나와서 늦었다고 하더라구요.. 아주머니가 연신 미안하다 하시는데... 엄청 친절하셨어요,5
넘 맛있어용 국물도 크으,5
양도 많고 맛도 좋아요 믿고 시켜 드셔도 될 것 같습니다 요청 사항도 잘 들어주세요!!,5
진짜맛있어요 벌써 세번째먹네요 ㅋ 콜라까지 감사해요 ㅎ 또시켜먹을게욧!!!,5
음식이 안와요....,1
굿굿굿 맛집 괜히 많이 먹는게 아녔어,5
배달 빠르고 맛있어요..,5
국물이 진국이에요  배달이 1시간 걸린다고 했는데  1시간 반정도 걸린 듯 합니다  서비스가 좀 아쉽네요,3
닭도리탕 매니아로서 맛있게 잘먹었습니다 다만 국물이좀 적은게 아쉽네요 맛은 있어요,5
닭도리탕 좀 짜긴했지만 맛있었어요!,5
너무 맛있었어요 강추!!!,5
리뷰 좋아서 시켜봤는데 진짜 맛있네요 양도 많고 양념도 달콤매콤~ 추천합니다 ^.^,5
맛도있고 양도 많았어요~~ㅎㅎ,5
너무 맛있게 잘먹었숩니다!!! 첨시켰는데 리뷰보고 시키는게 역시는 역시당👍  저도 리뷰를 쓸수밖에 없네용  싸장님 화이팅입니다 🥰,5
닭도리탕은 여기가 제입맛엔 최고입니다. 다만 어제 배송이 1시간 반이나 걸렸다는 ....... 8시에 시켯는데 9시반애 받았어요 왜져..,5
앗!원조정가네 닭도리탕 엄마가 해주신 것보다 더 맛있다!,5
"일단은 배달이 진짜 빨라서 좋았어요!! 그리고 국물 안 새도록 포장도 꼼꼼하게 해주시고, 서비스로 콜라 주신 것도 잘 마셨습니다~!! 닭볶음탕 맛있는 곳 별로 못 봤는데 진짜 진짜 진짜로 너무너무머누너무너누 맛있었어요ㅠㅠㅠ 다음에 또 주문해서 먹을려구요!! 술 드시는 분들은 안주로 드셔도 좋을 것 같아요 진짜 맛있습니다!!! 밥 될때까지 기다리려고 한개만 먹었는데... 그 때까지 못기다릴 것 같아서 그냥 닭볶음탕 하나만 놓고 엄청 먹었어요!! 완전 완전 강추!! 사장님 맛맀는 음식 감사합니당❣️",5
맛있게 잘 먹었어요,4
아 정신없이 먹느라 사진 못 찍었어요~ 얼큰닭도리탕 입안이 알싸하네요 ㅎㅎ 넘맛있게 먹었어요!!!,5
"배달음식 시키면서   음식에  정성이  들어있다고 느낀것은  처음 입니다.  양념도  정성이 느껴졋고 맛도  느끼하지 않고   좋앗습니다. 특히  요즘  공기밥 시키면  아주  1인분 만큼만 오는데  밥 1인분이  ㅎㅎ  옛날  밥한공기 만큼  둘이  먹어도  돼는 양을 .... 거기다 음료 서비스 까지,  사장님이  누구신지  궁금할정도로  음식은  좋앗어요 그리고 여름철  입맛 잃으신분들  꼭 드셔보세요~  저희는 배달음식 남으면 항상 두번 안먹고 버렷는데 이번엔   야무지게 다 먹엇어요 ㅎ~ 드셔보세요~^^   양도최고",5
살짝 맵긴 하지만 넘 맛있게 잘먹었습니다. 양도 푸짐하고 좋아요~,5
맛있게 잘 막었습니다. 양도 많아요,5
항상 잘 먹고 있습니다ㅎ,5
양이많네여  당근없어서좋아요,5
전에 너무 맛있게 먹었던 기억이 있어서 또 시켰는데 역시 이번에도 맛있게 잘 먹었습니다~! 다음에 또 시킬게요!,5
감사합니다! 음료수를 3개나 주셨어요 ㅎㅎ,5
콜라가 서비스로 두개나 왔써염! 맛도 좋아염!,5
매운맛 하길잘했고 감자 추가하길 잘했어요 ^^  후기보고 주문했는데 맛있게 잘 먹었어요,5
완전 맛있어요!! 대박대박~~,5
맵기도 적당하고 너무 맛있게 잘 먹었습니다!!,5
자주 주문해서 먹고 있어요 맛있어요,5
"맛있었습니다! 간도 잘 들어있고, 양도 푸짐합니다. 앞으로도 자주 시켜먹을게요^~^",5
양도 많고 너무 맛있게 잘먹었어요~ 앞으로 자주 시켜먹을거 같네요 ㅋ,5
짱입니다 정말 맛있게먹었어요,5
진짜가 나타났다 리뷰만큼 기대하고 먹어도 맛있습니다!,5
평소 닭도리탕은 이곳에서만 시키는데 와... 이거 실화예요??? 예전 후기가 당첨됐다고 해서 이번에 5000원짜리 상품권 한장정도 주겠지 생각했는데 홍삼진 에브리데이를 한박스도 아니고 3박스나???? 사장님 너무 인심 후하신거 아닙니까 ㅜ ㅜ 정가네를 더 사랑하게 만드네요 ㅠ ㅜ 너무 감사해요 근데 배송이 몇일 걸리니까 2~3일내로 택배로 상품 배송된다는 쪽지나 문자정도 주면 좋을 것 같아요 당첨됐다고 멘트썼는데 닭도리탕만 오고 아무 말도 없어서 좀 당황했거든요 ㅠ 여튼 홍삼먹고 올 여름 건강하게 잘 보낼게요 사장님 번창하세요~^^,5
맛있고요 리뷰이벤트상품도 잘받았습니다 고맙슨ㅂ다,5
잘먹었습니다~~~~~,5
흑흑 다 먹어 버려서 사진이 없네요 벌써 7번째 재주문~~ 엄청 맛있어요 가족들이 모두 좋아해서 자주 시킵니다,5
맛있어요 굿굿 양도많음,5
당면이 넘 퍼져서 못먹겠네요.. 그거 빼곤 맛있어요.. 배달은 좀 걸렸는데 비와서  그런거 같아 이해합니다.. 담에 시켜먹을때는 당면을 빼야겠어요..,4
배달 빨리 오고 ~맛있게 먹었습니다~~또 이용 할게요,5
맛있게 잘 먹었습니다~~~~^^,5
잘먹엇습니다다음에또시킬게요ㅐ,5
닭도리탕 처음 주문해서 먹어봤는데 너무 맛있었어요. 가족이 전부 너무 맛있대요.,5
맛있게 잘먹었습니다. ( ^^),5
예전에 먹었을때랑 같은맛에 같은 맛이라 너무 만족했습니다,5
뭔가 전보다 양이 많이 줄어든것같아요..,4
자주 주문하는 단골가게입니다 맛있게 잘 먹었어요,5
맛있게 먹었습니다 ~~,5
양이 많고~ 매콤하고 딱 좋아요👍 두번 나눠서 먹었어요..담에 또 시켜먹어야겟어용~~,5
배송도 빠르고 양많아서 이일동안 먹었어요!,5
세상에 너무 빨리와서 배고팠는데 얼렁 먹을수 있었어요 ㅎㅎㅎ 벨 안누르는 요청사항두 잘 지켜주시구 찜닭은 처음 시켰는데 찜닭ㄷ도 맛있네요ㅠㅠ !! 또 시켜먹을게욥 ㅎㅎ,5
저번엔 매운찜닭먹고 매워서죽는줄알았네요 닭도리탕은 기가막힙니다 특히 감자 좋아하시면 더 맛있게 드실수있으실거이용,3
맛있어서 또 시켰어요,5
맛있어요 또 시켜먹을거 같아요,5
맛나게 잘먹었습니다~~~~!,5
떡복기를  넣으려면 몆개더넣었으면하는아쉬움 가격대비  양은 적당했음,2
오늘은 안 맵게 해주셔서 잘 먹었습니다 ㅜㅜ,5
ㅎㅎㅎㅎㅎㅎㅎㅎㅎㅎㅎㅎㅎㅎㅎ,3
배송도 빠르고 맛도 여전히 맛있습니다,5
언제나 변함없는 맛이라 먹을때마다 맛있다를 연발하게 되네요~~감사합니다~~,5
"조금 싱겁고,, 뭔가 닭에 양념이 너무 안되있어서 그런지 먹는 내내 잉? 했습니다 ㅠㅡㅠ............ 맵지 않아서 넘 좋았지만 양도 많아서 좋았어요 ㅠ 제가 입맛이 영 아닌건지,, ㅠ 더위 조심하시고 항상 행복하세염 ~! 그냥 사람마다 입맛이 다르니까염 ㅎㅅㅎ",5
맛있었어요~ 당면은 쫌 아쉬웠지만 닭이 정말 맛있어요,5
배부르게 잘먹었습니다~~~~!,5
적당히 맛있게 잘 먹었습니다,5
항상 잘 먹고있습니다,5
맛있어용!! 배달도 매우 빠르고요~ 오늘도 만족합니다,5
맛잇어여 감자도 큼직큼빅 많아요 적당히 얼큰하도 짱,5
맛있어요 간간해서 밥이랑 먹기좋아요! 양이많음,5
항상 맛있어요. ㄹㅇ 밥도둑 두그릇 순삭,5
절대적으로 추천! 술한잔해도 좋고 밥하고도 좋은 김치떡닭도리,5
순살 시키고 요청사항에 얼큰하게 부탁드린다고 썼는데 얼큰한 맛으로 해주셨어요!! 배달도 20분? 만에 왔고 양도 많고 콜라도 2개나 주셨어욤 맛있게 잘 먹었습니당 :-),5
빨리오고 맛있었어요,5
원래 리뷰같은거 안쓰는데 정확히 지금 2시간 20분째 안오고 있습니다. 여러 배달음식 시켜봤지만 역대급 최고네요 대단하십니다. 아무리 주문이 많아도 예상시간 한시간으로 해놓으시고 연락한통도 없이 이런식으로 배달되는거면 맛이고 자시고 떠나서 먹고 싶겠습니까? 아침에 일찍일어나야 해서 먹고 바로 잘라했는데 잠도못자고 이것때문에 기다려야하나요? 본인의 인내심 테스트 하시고 싶은 분들만 시켜드시길 추천합니다.,1
배달은 0점주고싶은데 1점이 최소네요. 비도 오는거 알겠고 주문 폭주인것도 알겠는데 주문시간 1시간50 분이 지난 지금도 못받았습니다 이미 음식에 대한 기대도도 떨어져서 맛도 1점드립니다 예상시간 60분이여서 기다리고도 50분 더기다렸는데 연락한통없고 제가 기다리다 전화드리니 주문이 밀렸다고 하네요 서비스를 바라는건 아니지만 최소한의 성의는 보여야한다고 생각하는데 그런것도 없네요 덕분에 저녁 9시50분쯤에 먹습니다,1
배달 빨랐고 공기밥 양이 엄청많아요 국물 양은 약간 적은 느낌이네요,5
오랜만에 닭도리탕 먹고싶어서 시켯는데 여전히 맛있었습니다~~^^  자주 시켜먹을께융,5
양은적당해요 잘먹었습니다,4
언제나 맛있게 먹고있습니다~,5
먹어도먹오도질리지안고맛잇네요 근댜주문할때문앞에놓고전화주새요햇는대 그냥문앞에놓코연락없이가셧네요 너무안와서나가보니 문앞에잇는... 다식어서다시끓여먹엇습니다 배달에신경좀써주세요,5
잘먹었습니다 양적당해요,5
배달이 조금 늦어서 배고파서 오자마자 부랴부랴 먹느라 사진은 없어요ㅠㅠ 닭도리탕은 너무 맛있고 양도 많아요 또 시켜먹을것 같아요~,5
닭도리탕 너무 맛있어요  또시킬거같아여,5
오늘도 역시 역시~~~,5
순살닭도리만먹어서기대치가높앗나봐요ㅠㅠ 간하나도안되어잇고 콜라좀넣으셔야할듯,5
진짜 맛있어요ㅠㅠ 매콤하고 안에 든 감자 버섯 떡도 간이 잘 베어있었어요! 사진은 못 찍었지만 양도 푸짐합니당,5
와 진짜 제가 리뷰 이벤트 때문에 이러는 게 아니라 진짜 너무 맛있어요 그냥 기본에 충실한 우리가 찜닭하면 떠올리는 딱 그 느낌이라고 해야 하나? 닭도 살이 너무 촉촉하고 양도 진짜 많아요 소자 시켰는데 어제 세명이 오늘 또 먹었어요 오자마자 눈돌아가서 먹느라 사진은 없지만ㅎㅎ...ㅠ 맛있으니까 한번씩 다들 시켜보세요 후회는 없을 듯,5
닭도리탕드세요 맛있음!,5
양도 굉장히 많고 닭도리탕이 너무 맛있어서 계속 먹었네여ㅋㅋㅋㅋㅋㅋㅋㅋㅋ직원분인지 사장님이신지 모르겠지만 굉장히 친절하셔서 좋았습니다. 맛있게 잘 먹었어요~,5
리뷰이벤트.당첨되서 메모기재했는데...못보신건지... 그냥 주문한것만 오고 다른건없었어요...10만원 상당의 뭘 주신다.그랫는뎀....원래이런건지..아니면 다른게있는건지...!? ㅠㅠ 당첨되서 기분좋았는뎅...,4
배달시간도 맞게 오고 언제먹어도 맛나요,5
너무맛잇습니다잘먹엇습니다,5
맛있어요  양도 많고 맵기도 적당합니다!!,5
맛있게 잘 먹었습니다,5
역시나 맛있었어요! 양도 많고 맵지도 않고!  (당첨은 두 번짼데 뭐가 없던데요..?뭔지 모르겠어요ㅎㅎ) 그래도 자주 먹을만큼 맛있습니다,5
언제시켜먹어도 맛있습니다.,5
맛있었어영~~~ㅎ_ㅎㅎㅎㅎ,5
소짜라서 그런가 앙이 살짝 아쉽,4
항상맛있게먹고잇습니다,5
오늘은 딱 시간맞춰 배달왔네요 근데 리뷰이벤트 저번에 당첨됐는데 아무것도 없네요? 띠용 어쨌든 맛있게 먹을께요,5
"매번 주문때마다 요리하는 분에 따라 음식 조리하는 방법이 달라진다면 뭘 믿고 주문해야할지 모르겠네요.  저번 주문때 당면추가 해서 왔던 당면의 양과 그 맛이 좋아서 이번 주문때 그렇게 다시 시켰던건데, 당면 추가를 안한것처럼 별로 안들어있는채로 와서 전화드렸더니 요리하는 이모님이 바꼈다고 양해를 구하셔서 넘어갔는데.. 이렇게 레시피와 양이 달라지면 또 다시 시킬때 시켜야하나?. 당면 추가로 3000원 더 낸거 환불 받고 싶은데 해결책을 제시해줄건가요? 이 리뷰 답글이 ai가 쓰는 답글처럼 똑같은 글 복사해서 붙인게 아니길 바랍니다.",3
항상 잘받았는데 요청사항에 이벤트 당첨된거 썻는데 그거에 대한 답은 없네요...ㅠ,5
맛있습니다 추천합니다,5
크칸는나ㅏㄴㄴ ㅇㅇㅌㅊㅎㅎ,4
항상맛잇게잘먹고잇습니다 근대배달이2시간이나걸렷네요.... 배달에신경좀써주세요,5
맛있고 양도 많은데 너무 싱거워서 별은 하나 뺐어요,4
강력추천합니다 늘 맛있어서 이것만 먹어요,5
배달이 쪼금 늦었지만 양도많고 맛있습니다. 다음엔 안매운맛으로 먹어봐야겠습니다,5
맛있게 잘 먹었습니다,5
여기는 닭도리탕 사랑이에요  진짜 마싯어여 양념도 잘베겨이꾸 짱이에오,5
맛나게 잘먹었습니다~~~!  순살찜닭 추천!!,5
맛잇게절먹엇습니다  항상맛잇개먹고잇습니다,5
닭이 퍽퍽하지 않고 부드러워 맛있습니다^^ 또 시켜먹을께요 맛있게 잘 부탁드립니당,5
감사히 잘먹었습니다,5
닭볶음탕 생각날때 시켜먹어요 매콤하고 맛있습니다,5
항상 맛있게 잘 먹고 있습니다  감사합니다~,5
맛있게 잘 먹었습니다,5
역시 맛있네요~ 잘먹었습니다  코로나에도 힘내시고 많이 파세요~,5
정말 잘 먹었습니다   후기가 늦었네용 초등생 애들하고 먹기 좋아요 맵지않고 간장 양념이고요 밥 까지  볶아먹었네요 양은 정말 많고 당면많이 부탁드렸는데 정말 많이 주셨네요 아주 감솨합니다 맛과 양 그리고 서비스 콜라 두병 감사합니다 앞으로 번창하세요,5
맛있고 양도 많아요,4
"웬만하면 맛있게 먹었다고 하겠는데.. 이건 좀 그렇네요 1. 깍뚜기:맛없게 셨고 하나 씹고 뱉음.... 2. 김치 : 요즘 포장김치 맛있는데 이건 모양만 김치네요. 해외에서 먹는 김치보다 더 맛이 없네요 3. 메인: 순살 닭볶음탕, 사장님~음식에 신경 좀 쓰세요. 국물 진한 맛도 안나고 고기의 질도 좀 별로네요. 고추가루 맛만 나고 이게 뭔지...  사장님께 미안합니다 안좋은평만 써서... 그러나 맛있게 먹는 사람을들 생각해서 음식 품질에 신경 좀 써 주셨으면 합니다.",1
너무맛잇게먹엇습니다.,5
오랜만에 시켜먹었는데 요구사항을 무시하셔서 .... 평소처럼 맛나게 먹지못했어요...,5
맛있었어요! 떡도 맛있고 밥도둑입니당,5
절대 먹지마세요 맛도짜고맵고 김치는 직원두 너무 불친절해요 너무하는 업장이네요,1
두번째  입니다  맛았어용,4
맛있게 잘 먹고 있네요 빨리 먹고 자야 했는데 배달도 빨라서 넘좋았어요,5
맛있게 먹었습니다 ~,5
긋긋긋 배리긋 맛있었습니다,5
배달이좀 늦었지만 맛있어요,5
닭요리먹을때 누린내 이런거 느껴본적이 없는데 열자마자 냄새가 확 올라오네요 맛은 있는데 계속 냄새가 나서 멈칫멈칫 합니다 그리고 당면은 오래된건지 뭔지 뭔가 눅눅?ㅋ한 느낌입니다,3
밤에 갑자기 칼칼한 국물이 땡겨 처음 주문해봤는데 적당히 매콤하고 너무 맛있어요~,5
리뷰가늣엇네요  너무맛잇고양도푸집합니다 자주사켜먹을게요,5
맛있어요맛있어요맛있어요,5
종었습니다~ 다음엔 다른 매뉴도 시켜볼께요~,4
얼큰 닭도리탕..고춧가루맛... 영.. 역시 여긴 찜닭으로..,3
맛있게 잘 먹었습니다,4
자주 주문했었는데 요즘은 예전같은 맛이 안나네요,5
항상 감사합니다 잘먹었습니다,5
큰기대 안했는데  먹을수록 맛있어요! 쪼꼼만 더 매웠으면 싶기도 하고..,4
맛잇게잘먹엇습니다,5
맛있게 잘 먹었습니다,5
자주 먹는 단골집으로 순살닭볶음탕 너무 맛있어요 가족 모두 좋아해요 많이 파시고 늘 감사드려요,5
맛있어요! 매콤한거 좋아해서 얼큰 시켰는데 입맛에 딱 맞았어요. 다음번엔 다른메뉴도 한번 시켜먹어보려구요!  완전 밥도둑...,5
비오고해서그런가  좀 식어서왔어요ㅜㅜ 양은 둘이먹기적당했어요,5
항상 맛있게 잘 먹고있습니다,5
성인남자 둘이 먹기엔 작은거는 고기가 조금 적은듯해요ㅎ 밥 3개 주문하길 잘했네요ㅎ 맛좋고 배달도 빠르고 굳굳입니다,5
성인셋이먹엇구요 뼈가없으니 편하네요 배달도 60분걸린댓는데 엄청 일찍오심👍,4
매운찜닭을 주문했어요..ㅎㅎ 근데 넘 맛있어서..   아들은 좀 맵다면서도 계속 먹길래 물어봤더니맛있게 맵다고..두그릇을 먹더라고요..ㅋ,5
고기 중간중간 몇개 덩어리가 좀 오래된맛 느껴졋어요 별로..,4
조금 매콤하더라구요! 맛있었어요  양은 조금 적은 거 같아요! 밥 적게먹는 둘이서 먹었는데 거의 다먹었거든요! 다음에 찜닭도 먹어보려구요~,5
아 정말 맛있었네요,5
ㅠㅠ 매운 거 못 먹어서 안 맵게 요청했는데도 견딜수 없이 맵네요... 속 쓰려용 ㅠ,5
진짜 맛있어요 밥을 부르네요 국물에 싹싹 비벼먹었어요. 배달은 20분만에 와서 너무 좋았어요,5
시켜서 먹은 닭도리탕 중에 제일 맛있어요 ㅠ,5
늘 먹지만 늘 맛있고 소자 시켜도 3끼는 먹어요 ㅎㅎ 여긴 너무 맛있어요,5
"열심히 먹느라 사진을 못찍었네요 여기는 양념도 너무  맛있고, 고기에 양념도 잘 베어있어서 좋아요. 남은 양념으로는 다음날 밥 볶아먹었네요 ㅎ...",5
4월 20일 4월 27일 등등 여러번 리뷰 당첨되었어요!!ㅎㅎ 항상 맛있게 먹고있어요!!!,5
문앞에 두고 벨 눌러달라고 했더니 그냥 두고갔더라구요? 하도 안와서 나가봤더니 덩그러니ㅋㅋㅋ황당 맛은 있었는데 배달은 개선해주세요,4
맛있게 잘먹었어요 감사합니당,5
배달도 빨리왓고 맛있어요 ㅎ 음료수도 서비스 감사합니다!!,5
순살 부위가 부드러워 참 좋음,5
"배달이 오래걸려서 그런지 당면이 다 불어서 왔어요,,그래도 매운거 먹고싶을 땐 생각날 것 같아요",3
아 꼭 드세요ㅋㅋㅋㅋㅋㅋㅋ안먹으먄 손해,5
오늘도 맛있게잘먹었어요!,5
일단 리뷰도 많고 후기도 괜찮아서 시켜봤는데 실패네요 배달 어플로 시켜먹어서 괜찮은 곳은 꾸준히 그 메뉴 생각날때마다 주문해서 더 장사가 잘되야하는데 한번 시키고 다시는 안시킬거같아요 양념이 닭이랑 따로 노는느낌 밍밍함 그냥 닭삶아서 소스에 넣고 살짝 끓여서 가져온느낌인데다가 식어서 와가지고 별로였어요 ㅜㅠ 배달도 오래걸리고 후기가 많은걸 믿으면 안되겠네요,2
리뷰를 남길수가 없어요... 무슨 이유에서인지.. 저는 분명 닭볶음탕을 시켰는데.. 부대찌개가 왔어요.. 완전 다른 가게 이고요.. 하하하 닭볶음탕 먹고싶어요....... ㅠㅠ 가격이 500원차이라 그냥 먹었네요..,1
음식양은 적당했고요 약간 짰어요 배달도 예상보다 일찍 와서 좋았습니다,4
리뷰 당첨은 매번되는데 피드백은 없네요ㅠㅠ 맛은 항상 있어요!!!,5
엄청 맵지두 않구 맛있어요!! 포장도 튼튼하게 잘돼있구용 순살 특유의 잡내?? 같은것듀 안나구 감자랑 양념 다 맛있어요 ㅎㅎ 넘넘 좋은데 떡사리 추가 메뉴같은게 있음 더 좋을고가타용><,5
맛있게 잘 먹었습니다,5
항상 맛있어요 굿굿굿 좋아요,5
항상맛있고좋은데오늘은조금덜매웠어여^^,5
김치닭도리탕 진짜 ㄹㅇ핵맛집 다이어트할때먹으면안됌,5
"진짜 맛있어요 !! 사장님께서 국물을 넉넉히 넣어주셔서 사진상으론 오히려 양이 적어보이는데, 실제론 양도 진짜 많아요 ! 이 동네 이사오고 2번정도 닭도리탕 시켜먹었는데, 다 실패했는데.. 이번에는 완전 성공이에요! 무조건 여기에 정착합니다 ~~",5
언제나 변함없는맛  항상 고민없이 시키는 맛집입니다^^*,5
진짜 맛있어요 ㅋㅋㅋ 담날 밥도 볶아먹었어요 매콤한거 먹고싶었는데 오리지널인데도 살짝 매콤해서좋았어유,5
이번엔 먹기전에 찍었습니다 저번에 밥을 너무많이 먹어서 다시 시키는게 무서웠는데 이번엔 적당했네요  저번에 대짜리를 잘못주신건가 ...  여튼 잘먹었습니다,5
잘먹었습니다아아아아,5
정말 맛있었습니다 사진 찍어서 올리는건줄은 몰라서요 배달음식점에서 이런맛 찾기 힘들겁니다,5
맛있어요~~~~~~,5
세번째 시켜먹는데 싹 비웠네요,5
다먹고나서 사진찍는걸 깜빡ㅋㅋㅋ 양도푸짐하고 맛도 굿~!! 너무 맛있어서 담에 또 시켜먹을게요ㅎㅎ  좋은하루되세요~,4
진짜 맛있었어요 배달만 조금 더 빠르면 완벽할거 같아요,5
양도 많고 이른아침에 급땡켜서 먹었는데 너무 맛있었어요 감사합니다,5
맛있고욤 양이많아요 감자가 존맛 담엔 꼬기 쫌 빼고 감자더넣어달라고할래요,5
맛있게 잘먹었습니다~!,5
맛있게 잘먹었습니다~!,5
순살닭도리탕 진리입니다. 너무 맛있어요ㅠㅠ,5
맛있어요~ 가족들모두 밥 두그릇뚝딱했네요! 배고파서 먹느라사진은 못찍어서 아쉽네요☆ 다음에 또 주문할께용~,5
닭도리탕 순살로도 있어서 2번째 시켜먹었는데 먹기는 편하고 양념은 매콤해서 맛있게 잘 먹었습니다!^^,5
항상 만족해요  잘 먹고있습니다  감사합니다,5
찜닭먹어보고 맛있어서 닭볶음탕도 주문해봤습니다.. 집사람한테 칭찬많이 받았어요 정말 맛있네요 평일이라 그런지 배달도 빨랐습니다. 앞으로 닭볶음탕은 정가네로 ~ 제가 사진을못찍어서 사진상 비쥬얼은 별로네요^^ㅋ,5
잘 먹었습니다 맛 쏘쏘,5
잘먹었습니다. 매번 잘먹고있네요.,5
둘이 먹기에 딱 좋아요  맛도 있고 담에 또 시켜 먹어야겠어요,4
맛있습니다 감자도 보슬보슬하고 적당히 맵고 좋습니자!,4
찜닭도 매우 굿입니당,5
포장도 깔끔하고 맛있었습니다,5
너어무너어무맛있어유 ㅎㅎ,5
매번 먹을 때마다 만족스럽습니다~^^ 다음에 또 주문할게요~,5
양도 많고 맛있어요~~~!  콜라도 있어서 좋았습니다,5
맛있게 잘 먹었습니다,5
오늘도 역시 맛있습니다! 리뷰이벤트 당첨됐다고했는데 이무것도 안와서 슬프네용 ㅜ 그래도 맛있게먹겠습니다~,5
백문이불여일견 물어뭐합니까 그냥 맛있는데,5
ㅎㅎㅎㅎㅎㅎㅎㅎㅎㅎㅎㅎㅎ,4
넘 마싯어여 양도 많구 첨시켜밧는데 단골댈거가틈,5
"당면이 뿔어서 건져내니 가운데가 비였네요~~ㅠㅠ매운맛 시켰는데...하나도 안 맵고,당면은 느끼하네요...",2
늦었지만 너무 맛있어요 ㅎㅎ,5
캬 또시켜먹었습니다. 짱입니다,5
마ㅏㅅ로ㅠㅊㄹㅇ유ㅝㅓㅓ,5
순살닭볶음탕 먹기 편해 아빠도 좋아하시고 가족들이 자주 시켜먹습니다 적당히 매콤해서 너무 맛있어요 배달속도 19분만에 이거 실화인가요? 맛있게 잘 먹었습니다,5
감사합니다. 역시 맛있네요. 매일 먹어도 안질립니다!!!,5
맛도 좋고 배달도 빠르게 사장님도 친절해요,5
고기도크고 아아주  맛있었어요,5
닭도리탕은 정가네죠! 꿀맛!! 배달하시는 분도 친절하시네요~,5
맛있게 잘먹었습니다~~~,5
맛은 있는데 국물이 기름기가 많아서 아쉽네요,5
넘넘 맛있게 잘 먹었습니다... 리뷰가 좋은게 이해가 됐어요~^^  ㅎㅎ  보통맛했는데 딱 일반적인 닭도리탕입니당~^^  다만 조금 아쉬운점은 중자 주문했는데 양이 조금 아쉬운 느낌이 있어용~ 좀만 더 많았음 좋겠어용~^^  ㅎㅎ,5
"이런 맛 정말 찾기 어려웠는데 드디어 찾았습니다. 엄마가 해주신 바로 그 맛이었고, 양념이 너무 맛나서 밥 비벼먹기도 좋았습니다!",5
너무 맛있어용 내일 또시킬게용,5
배달시간도 맛도 양도 다 만족합니다,4
리뷰가늦엇어요!!몇일전먹고너무맛잇어서 재주문햇습니다!!!!뼈잇는게더맛잇어요!!!,5
저번과 똑같이 중짜리시켰는데 용기가 작아진거같은건 제 착각이겠죠?,4
역시 맛있습니다 잘 먹었어요,5
맛잇게 잘먹엇습니다 ㅁㅁㅁ,5
닭볶음탕 맛집 드디어 찾았네요 양도 많고 맛도 깔끔해서 비법양념 전수 받고 싶을 정도 입니다 저처럼 계란후라이 4개 해서 막으면 밥도둑입니다 ㅎㅎㅎ 사이드 메뉴에 후라이 팔면 좋겠네요,5
포장도 맛도 김치도 뭐하나 빠지지 않습니다! 유일한 단점은 콜라가 펩시라는점 ㅋㅋ,5
맛도양도 반찬도 깔끔하고 좋습니다🤘,4
너무맛잇다고 목포남친이 극찬을해서 지금리뷰쓰고 재주문햇습니다!!!맛잇어요!!야채도많으면좋겟어용!!,5
와진짜맛있어요ㅋㅋㅋ,5
먹다가 찍었는데도 양이.. 대박입니다 ㅠㅠㅠㅠ 제가 다른 배달 어플을 삭제해버려서 전에 먹었던 닭도리탕 집 이름이 생각이 안나서 이 집으로 주문한건데... 알고보니 같은 집이었어요 천생연분일까요....? 순살 닭도리탕 쵝오......  맛있어용 잘먹었어요 !! 👍,5
양도 많고 너무 너무 맛있어요~ 만족해요. 다음에도 주문할게요~,5
오랜만에 시켰는데 역시 맛있네요 근데 소스가 좀 더 넉넉했으면 좋겠습니다 ! 다음에 요청사항에 써볼게요~,4
배달은 40분 정도 걸린것같ㅇ요 양이 진짜많고 살짝 매콤해서좋앗어요,3
맛 괜찮고 양 많고 배달은 50분,4
역시 맛있어요 벌써 여러번시킴!,5
맛잇어요 눌 시켜먹습니다 생파때도 시켜먹엇어요,5
ㅠ ㅜㅠ너무맛있어요 오랫만에 시켜서 먹렀는데 또생각나서 또시켰어요..생각나는 맛 ㅠㅠ번창하세용 ..,5
항상 시켜먹을때마다 너무 맛있게먹습니다!,5
맛있게 잘먹었습니다,5
맛이 왜 변했나요? 점점 왜 변하고 있나요? 3개월 전의 맛으로 돌아와 주세요,5
맛있습니다~^^ 잘먹었어습니다~ 또시킬께요!^^,5
집에서 엄마가 해주던 닭도리탕 맛이었어요. 공기밥은 기본적으로 포함되있지 않습니다. 참고하세요.,4
맛있게 잘먹었습니다.,5
양 진짜 많고 적당히 매콤하고 맛있어요 밥이 안 와서 첨에 좀 놀랐지만 원래 안 오나봐요 밥드실분들은 공기밥 추가하세요 그리고 리뷰이벤트 신청 깜빡하고 안 했는데 콜라 같이 넣어주셨어요 감사합니다 맛있게 잘 먹었어요 또 시켜먹을게요,5
언제 먹어도 맛나요~,5
매번 잘먹고있어요 !!!!,5
역시 양 많고 맛있어요 또 시켜먹었어요,5
짭쪼름하니 밥과 같이먹기 진짜 딱 좋았어요~ 당면이 넓적당면도 있으면 좋겠어요! 넓적당면을 좋아해가꾸ㅎㅎ,5
맛도 양도 만적스러웠습니다.,5
너무맛있게 잘먹었습니다.소짜인데도 양은 넉넉해요 ^^!,5
여기 닭도리탕 먹다가 다른집꺼 못먹어요!!!ㅎㅎ,5
아~말해뭐해~굿굿굿~ 예전엔 둘이서 중자에 라면사리 두개에 밥 두공기까지 푸파마냥 먹었는게 이젠 다메요..⭐️ 한 입이라도 꾸역꾸역 못 넣는 내 위가 야속합니다~,5
배달도 엄청 빨리왔고 너무 맛있게 잘먹었어요 근데 공기밥이 넙적한? 용기에오던데 원래 그런건가요?,5
여기는 뭐... 말이 필요없습니다 ㅋㅋㅋ 다만 당면이 너무 불었다는 점? 빼고는 다 좋아요,5
너무 맛있어요 ㅜㅜ 며칠 전에 시켜먹었었는데 자꾸 생각나서 또 먹었습니당,5
신랑이랑 제입맛에 딱이예요  항상 맛있게 먹고 있습니다 앞으로도 자주 애용할께요~,5
얼큰하면서 매콤해서 맛있게 잘 먹었습니다!^^,5
"진짜 엄마가해준맛,, 넘 맛있어요",5
고기속까지 양념이 잘베서 맛있게 먹었어요! 얼큰시키려다가 일반시켰는데 얼큰시켰으면 많이매웠겠어요 일반이딱이네요ㅎ 감자포슬해서 밥비벼먹기좋았고 국물이 찐해서 입술이 쫀득쫀득 붙어요 맛있게 잘먹었어요!!,5
저번에 시켰는데 지금 쓰네여.. 또 와구와구 먹느라 못 찍었어여.. 잘목었숩니당 너무 맛있어여~!~!!,5
양도 많고 정말 맛있네요. 사장님 메뉴에 당면 추가하실 생각 없으신가여,5
맛도좋고양도많고 부재료도 다양함,4
언제 시켜먹어도 양도 많고 맛있습니다 콜라도 같이와서 좋네요 순살찜닭 강력히 추천,5
맛나게잘먹엇습니다~,5
배달 해주시는 분 너무 친절 하시고 사진 보십쇼 미쳤쥬? 먹어보세요 다들,5
맛있게 잘 먹었어요,5
얼큰하고 맛있네요!! 언제나 믿고 시켜먹기 좋네요,5
생각보다 양도많고 맛잇고 염지잘하셔서 부드럽고 너무너무 좋습니다 ㅎㅎ 다음에 꼭 또시켜먹겠습니다 ㅎㅎ,5
벌써 3?4?번째 시켜먹눈데 너무 맛잇어요 ㅠㅠ  회사가 여의도라 회사에서만 먹을수 있는게 너무 안타까울뿐이에요... 닭돌탕 꼭드셔보세여 진짜 양념맛 쥑여줘여,5
양도 많구 맛있게 잘먹었습니다~,5
처음 시켰는데 배달 시간도 빠르고 양도 많고 맛있습니다!!,5
닭볶음탕 양도 많고 맛있어욤!!!!,5
맛있었어요~ 다음에 시키면 또 요기닷!,5
자주 먹는 단골 닭볶음탕집이에요!! 여전히 존맛. 두명이서 밥두개에 면추가해서 먹으면 진짜 배터져여 최근에 못먹었어서 너무 먹고싶었는데 여전히 맛있습니당,5
"급 닭도리탕이 먹고싶어서 시켜봤는데, 다른 리뷰들처럼 양이 많고 떡도 쫀득쫀득 닭도 양념이 잘 베어있어서 너무 맛있어요!! 자주 시킬게요^^",5
맛있게잘먹었습니다 또시킬게요 ㅎㅎ,5
존맛탱구리구리구리구리구리구리리,5
양 많고 맛있었어요 중 시켰는데 세명이 다 못먹었네요,5
코로나 때문에 재택근뮤하는사람이 많아서 그런가 점심 배달은 늦지만서도 맛은 매우 훌륭합니다 양도 많고 너무 잘먹었어요!~,5
맛있어요 닭볶음탕,5
진짜 맛있네요!! 특히 친구랑 둘이 소자 시켜서 먹었는데 양 정말 많아 배부르게 잘 먹었어요^^ 다음엔 얼큰닭도리로 한번 시켜 먹어볼게요. 반찬 덕후라 반찬 넉넉히 달라고 요청 드렸는데 푸짐하게 챙겨주셔서 넘 감사했습니다. 잘 먹었습니다. 번창하세요!! ^^,5
맛있어요! 당면이 조금 금방 퍼져서 꾸덕(?)해지지만 전체적으로 짜지 않고 고기도 맛있습니다.,5
먹어도 목어도 맛있어요!,5
순살시겨는데 닭한마리 왔어요. 맛괜찮아서 그냥먹어게요,3
음료도 서비스로 주시고 음식도 맛있었어요~~~~,4
넘 맛있네요!,5
맛있습니다! 배달도 빨라요,5
잘 먹었습니다 양이 많아요,5
리뷰작성하려다가 너무맛있어서 다먹고 찍습니다. 추천합니다!,5
배달은 예상 시간보다 10분 정도 늦어서 총 70분 걸렸고 양은 2명이서 먹기 충분 했어요! 근데 맛이... 맵기는 딱 좋았는데 뭔가 닭육수 맛이 안나고 그냥 맵기만 해서 좀 밍밍했어요ㅠㅠㅠ 육수 없이 물로 끓였는데 닭육수가 충분히 우러나오지 않은 듯요... 다시다 한스푼 넣고 다시 끓일까 고민 했는데 그냥 먹었습니다......ㅠㅠ,3
자주 주문해서 먹는 집이라 믿고 주문합니다 적당히 매콤해서 맛있어요 서비스로 음료수도 챙겨주시고 너무 감사해요 더욱 번창하세요,5
넘 맛있어요 많이 파세요,5
둘이 먹기엔 양도 많고 당면도 넉넉히 주셔서 감사하구요 떡볶기 떡이 엄청 크고 쫄깃해서 굿~~ 수저와 젓가락도 넉넉히 챙겨주시는 센스까지~~ 달지도 짜지도 않고 맛잇엇어요~ 담에도 또 주문할듯 합니다,5
맛있게 잘먹었습니다,5
너무 맛있어용 ㅎㅎ,4
아흑흣흓흣 너무 마싯서요 당면 직접 삶아서 넣었어요 ㅎㅎ 진짜 최고 담에 또 시켜머그께유,5
맛있게 잘먹었어요~~,5
배달 빨랐어요 닭도리탕 맛있고 앙도 괜찮아요,5
얼큰닭돌탕을 시켰는데ㅠ 그냥 고추가루 범뻑이된 닭도리탕이옴,4
잘먹었습니다~~~~~,3
음.. 후기들 보고 기대했는데 그만큼음 아니었어요 제입맛에ㅜ안맞는듯,3
양도 많고 맛있게 잘먹었습니다~~!,5
항상 맛있게 먹고있습니다. 감사합니다.,4
닭 상태가 좀별루네요 양념과 당면은 맛잇게먹엇습니다,3
닭도리탕생각날때마다 여기서 시켜요,5
맛있는데 조금 매워요..,4
맛잇어요! 배달도 빨리오고 좋앗어요,5
순살사진은 못찍었지만 다리살로 돼있어서 아주 부드럽고 먹기도 편하고 맛있으용 ㅎㅎ :) 할인안하나유ㅠㅠㅠㅠ 자주먹고파오,5
맛있어요~~~~~~,5
빠른 배달 맛있는 음식 감사합니다~ 오늘 잘 먹었습니다~,5
닭도리탕을 너무 오랜만에  먹었는대 정말 맛있게 먹었습니다.  앞으로 자주 먹겠내요 양도 맛도 빠질게 없내요~~,5
진짜 너무너무 맛있어요. 소짜라고 하셔서 적은 양일줄알앗는데 양도 엄청 많아서.. 다음날 친구랑 식사했어요 ㅋㅋㅋ 그리고 감자를 정말 맛잇는 감자를 쓰시네요. 원래 감자 잘 안먹는데 감자를 제일먼저 다먹었어요 ㅋㅋ 그리고 같이 온 깍두기 너무 취향저격입니다. 물론 다음날 식사때 같이 다먹었어요.. 그리고 콜라도 2개나 주시고... 여기는 완전 단골 등록입니다 ♡♡ 코로나 조심하세요 사장님!,5
잘먹었습니다또주문하겠읍니다,5
맛있게 잘 먹었습니다,5
역시 맛있어요 계속 생각나는 맛!,5
"매운맛이 당겨서 조금 매운맛?을 시켰는데 맵알못인 주제에 바보였습니다 나에겐 너무 매운 당신이었습니다.... 그런데 진짜 맛있었어요. 반찬도 맛있었구요. 찜닭 양념 너무 맛있게 하신것 같아요! 다음엔 안매운 맛으로 시켜보고싶어요. 그런데 뼈쪽에선 닭냄새가 쪼끔 났습니다. 닭 잡내만 조금 잘 잡히면 너무 좋을것 같아요ㅠ,ㅜ 맛있게 잘 먹었습니다 다음에 또 시킬게요!",5
잘 먹었습니다. ^^,3
처음시켰는데 양도 엄청 많고 맛있게 잘먹었어요 :),5
오늘도 너무 맛있게 먹었습니다 요청사항도 다 잘 들어주셔서 정말 좋아요!!!!,5
호에에에에에에에에에엥,5
매번 시켜먹지만 정말 맛있어요,5
나무너무너무 맛있어요 또시킬게요,5
찜닭도 닭도리도 내입맛이네요 맛있는 아점 했어요 또뵈요ㅎ,5
배부르게 잘 먹었습니다~~!,5
리뷰당첨이요  몇번이나 됐는데.... 전 상품이 안오네요ㅜ.ㅜ 리뷰 당첨 관련햐서 아무것도 없나봐요ㅜ.ㅜ,5
잘먹었습니다또주문하겠읍니다,5
점심으로 시켜먹었는데 정말 맛있었어요~,5
괜찮았어용 조금 달달한 느낌의 닭볶음탕,4
맛있게 잘 먹었습니다,5
너무 맛있어서 엄청 자주 먹다가 애인한테 그만 좀 먹자고 혼났는데 이사가기 전에 마지막으로 시켜 먹어 봐요 동네에서 벗어나는 건 너무너무 좋은데 이거 못 먹게 되는 건 너무 아쉽네요.. 다들 꼭 시켜 드세요!,5
세번째 시켜목뉸뎅.. 요본엔 좀 평소보다 양념이 덜 배어잇엇어영 😭 ㅠㅠ 그래도 맛잇는건 변함없으니까.. 넘넘 잘목었습니다 :->  담엔 찜닭을 도즈엉 해보겠습니다..번창하세염 ❤️,5
너무 배고파서 빨리먹고싶은맘에 사진을 한장바께 못찍었네요~!! 순살시켰는데 닭 크기가커서 일반으로 잘못 주문한줄 알았어요~!!ㅋㅋ너무 맛있게 잘먹었습니다 ^.^담에 또 시켜먹을께요,5
정가네는 무조껀맛잇습니다!,5
굿 맛있어요~  배달도 빨라요,5
배달도 빠르고 너무 맛있어서 야간근무때 자주 시켜먹게됩니다. 전화주문만 가능한 특대사이즈도 요기요주문으로 할 수 있게 해주세요.,5
너무 맛있어서 아껴먹고있어요,5
당면 추가는 앞으로 안해야겠어요 ㅋㅋㅋㅋㅋㅋㅋㅋㅋㅋㅋㅋㅋㅋㅋㅋㅋㅋㅋㅋㅋㅋㅋㅋㅋㅋㅋㅋㅋㅋㅋㅋㅋㅋㅋ 뚜껑 열고 1분 정도 멍하니 쳐다봤네요 ㅋㅋㅋㅋㅋㅋ 양도 많고 좋은데 당면 많이 들어간만큼 소스도 좀더 넉넉히 넣어야할듯해요 ㅜ 그래도 잘먹었습니다. 요청사항 잘 체크해주시는 모습이 참 맘에 들어요~,4
양도 많고 맛있게 잘먹었습니다~~~!,5
배달이 90분걸려서 취소하고 막 하려했는데... 오셔서 먹어보니깐 너무 맛납니다. 진상 부린거같아 죄송합니다. 기사님께도 사장님께도,5
생각보다 간이 안 배어 있어요.. 감자도 살짝 설 익고 처음 시켜봤는데 여러모로 아쉽습니다 양은 많아요 기사님도 친절하시고 요청사항도 잘 들어주셨는데 너무 아쉽습니다 ㅠㅠ..,4
잘먹었습니다 리뷰당첨 감사합니다 선물도 잘 받았어요~ 그런데 또 당첨이 되었네요~ 매주 30명 안팍에 당첨되는 로또도 안되는 당첨이 이렇게 잘 된다니~~ 행복하네요 감사합니다 코로나 조심하시고 번창하세요,5
항상 닭볶음탕 생각나면 시켜먹는곳입니다.,5
맛있어요 닭볶음탕은 원조정가네에서,5
너무 맛있어요 굿굿,5
순살 양은 많은데 냄새가 좀나요 그리고 공깃밥 같이안나와요,3
리뷰 당첨!  몇번을 시켜먹고 몇번을 당첨되어도 전... 상품이 안오네요...ㅜㅠ 넘 자주 시켜먹는 사람이라 그런걸까요....  그래도 맛은 좋아요....오늘도 시켜먹네요 ㅎㅎㅎ,5
배달도 빠르고 항상 맛있게 잘 먹고있습니다,5
핵존맛입니다 미쳤습니다,5
공기밥은 처음 시켜봤는데 순간 뭔가했어요ㅋㅋ 그래도 배달도 빠르고 맛있네요,5
찜닭먹었는데 맛있었어요 당면대신 닭고기가많으면 더좋을듯,5
맛있게 잘먹었습니다.,5
"맛도 진심 좋고 배달시간도 괜찮았어요! 생각보다 많이 매웠지만, 양념이 넘 맛나서 밥까지 볶아서 먹었어용ㅎㅎ",5
양이 되게 많네요!맛있게 잘 먹었습니다,5
말할것도 없어요! 너무 맛있어요 ㅋㅋㅋ,5
배부르게 잘목었어요~ 남아서 내일 더 먹어야겠네요,5
너무 달아요... 예전에 이렇게까지 안달았는데 ㅠㅠ 너무너무 달아요.. 얼큰한거 주문했는데 안맵고 덜기만해요 ㅜㅜ 맛이 살짝 바뀐거같아요. 오랜만에 주문했는데 아쉽네요.,4
생각보다 제가 느끼기엔 기름기가 좀많았어요! 그래도 맛있게 먹었습니다 :),5
잘먹었습니다. 요새 배달을 주로 시키는데 괜찮아요,5
"너무 맛있습니다,, 제 위가 작아서 다 먹지 못하는게 한이 될 뿐입니다ㅠㅠㅠ",5
맛은 좋았는데 양이 좀 적었어요~ 감자는 맛도 못봤네요~ 조금 더 푸짐하면 좋을것같아요~~,4
맛있게 잘 먹었습니다,4
배달시간도 빠르고 양도 푸짐하고 찜닭이 이렇게 맛있을수가 없네요! 정말 잘먹었습니다. 재주문 의사 100프로입니다.,5
고기도 간이 잘베고 국물이랑 먹으니 맛이 굿입니다요~감자랑 떡도있고 김치랑 깍두기도 주시고 콜라도 감사합니다~~~,5
양도 많고 콜라도 주셔서 맛나게잘먹었습니다~~!,5
조금 짰지만 맛있게 잘먹었급니다!!,5
둘이서 다 먹고나니 햇반 여덟개를 먹었다는것을 깨달았습니다     다시 시키기 무섭습니다   무조건 다 먹게되는 맛이네요   잘먹었습니다,5
잘먹었습니다 소짜리여도 양이 넉넉하네요 다만 예상 배달 시간보다 40분이 더 걸려 1시간 40분만에 음식을 받은건 아쉬운 부분입니다,5
사진은 깜박하고 못찍어서 글리뷰합니다. 배달은 예상시간 내로 왔고  양은 은근 많습니다. 찜닭이니 당면이 많지만 고기도 많아 점심이라면 중으로 4명이서 먹어도 될 듯 합니다.,5
배달은 딱맞게 한시간 걸렸고 양은 엄청 많았습니다. 맛도 괜찮았는데 매콤한 맛은 아예 없는 달기만 한 간장양념이라 많이는 못 먹겠더라고요. 그리고 당면이 너무 많이 불어있었고 국물이 너무 적었습니다. 그래도 두번에 나눠서 먹을만큼 양이 많아 좋았습니다. 콜라 500ml인것도 굿,5
늦은 귀가에 허겁지겁 먹었네요 잡채밥을 좋아하는데 찜닭에 당면이 잡채처럼 맛났습니다~,5
배고파서 바로 먹느라 사진을 못찍었네용 당면이 뿔은거 빼고는 맛있어욥! 잘먹었습니당~~,4
맛있어요! 근데 고추가루가 많아사 좀 놀랬네욤ㅎ,4
리뷰 당첨되었어요!!!!!!  저 진짜 주문내역보시면 엄청 시켜먹는거 아실수 있으실거에요ㅠㅠㅎㅎ 정말 맛있어요ㅠㅠ 배달료있어서 진짜 안시켜먹어야지!! 해놓고선 또 시켜먹고있어요ㅠㅜㅜㅜㅜ  진짜 맛있어여ㅜㅜㅜ,5
코로나로 점심 식당 이용하지 않고 배달시켜 먹는데 모두들 맛있다며 잠시 사태를 망각했네요,5
맛있게 잘 먹었어요,5
닭도리탕 양념도 잘 배어있고 맛있게 매워요 왠만한 식당에서 먹는 닭도리탕보다 맛있어서 집밥 하기 싫을때 이거하나 시켜서 신랑이랑 맛있게 먹습니다,5
김치 많이주셔서 좋았습니다 후후,5
이번엔 찜닭먹어봤는데 양도많고 맛있게잘먹었습니다~!,5
코로나때문에 밖에 잘 나가지도못하고 요즘 배달음식만 먹느라고 얼굴에도 뭐 나고 ㅠ 건강도 안좋아졌는데 오랜만에 밥이랑 건강식좀 먹고싶어서 닭볶음탕 시켰습니다. 첨 시켜보는데 맛있고 양도많아서 배 터지게 먹었네요 잘먹었습니다^^ 같이오는 김치도 두개나돼서 너무좋아요~,5
자주 시켜먹었는데 역시 오랜만에 먹어도 맛있네요. 양은 2명이서 먹기 아주 충분하고 매운 정도는 엽떡보다는 아래지만 충분히 매운걸 좋아하시는 분이라면 만족하시고 드시기 좋습니다. 양념이 맛있어서 밥 비벼먹으면 진짜 한공기 뚝딱입니다. 자주 시켜먹을게요.  코로나때문에 자영업자분들 모두 힘드신데 같이 힘내봐요~!  감사합니다.,5
"같은 쿠폰쓰는 음식점 다 최고입니다. 평소에 자주 시켜먹습니다.  쿠폰좀 많이 주셨으면 좋겠습니다. 소 시키나 특대 시키나 밥을 2공기 시키나 7공기 시키나 무조건 1주문당 1개씩 주시더군요... 기준이 어떻게 되시는 건지...  이러면 최소단위로 2~3번 시키는게 이득이네여, 같은 양과 가격에 쿠폰은 많아지니...!",5
많이 맵지않고 맛있게 잘먹었습니다,4
존맛탱구리구리구리구리구리,5
사진 찍을 새도 없이 먹었네요 뼈만 남은건 쵸큼.. 더러우니까 잘먹었습니다.,5
양도많고 리뷰이벤트한다하묜 음료수 한개 더주고~̊̈~̊̈~̊̈~̊̈  받자마자̆̈ 못찍어서 남은거 당면이랑 팽이버섯 넣고 요리해먹었어요. 닭볶음탕에도 당면이 들어가면 인기있을거같아ටㅕ. 맛있오요!!!,5
"믿음이 확신으로 변했습니다. 바로 먹느라 이번엔 사진을 안찍었는데, 첫주문 이후 이틀만에 바로 시켰는데도 맛있네요. 다들 시키세요 후회 안해요.",5
"ㅠㅠ어제 시켰는데 리뷰를 이제쓰네엽!!!사장님 미치신거아닙니까!양이 엄청많아서 저녁,아침으로 나눠먹었어요ㅠㅠ두명이서 먹어도 엄~청 양도많고 맛도 진짜맛나요ㅠㅠ많이 번창하시길바래요!",5
시장님 너무 잘 먹었습니다. 배달도 빠르고 양도 많았어요^^,5
맛나게 잘먹었습니다~~~!,5
역쉬ㅠㅠ 너무 맛있어요!!배달도 빠르고 정말 최곱니다!!!!!,5
맛있어용~~배달도 빠름,5
얼큰하니 정말 맛있네요~,5
"맛과 멋의 도시, 전주에서 태어나서 자랐고 많은 요리들을 먹어보고, 요식업을 하여 맛에 대해 어느정도 견해가 있는 사람인데, 여기다... 찾았다..  서울 올라와서 살면서 그동안 얼마나 많은 배달음식들을 실패 했었는가.  드디어 찾았다... 여긴 실패하지 않습니다. 한 입 먹고 재주문 의사 100% 바로 드는 배달음식은 몇 없어요. 근데 그걸 이 찜닭이 해냅니다.  여러분 시키세요. 후회 안합니다. 굉장히 나이스합니다.",5
맛있어용정말맛있어용,5
넘맛있어요 양도많구 매콤하면서 달달해요 자주 이용할게용!,5
찜닭을 시켰는데.. 당면이 너무 불어서 국물이 하나도 안남았었어요;; 대자인데도 다른 집에 비해서 양이 너무 작은 것 같아요..,3
맛있어요 또 시킬게요,5
잘먹었습니다 리뷰 당첨 되서 기쁜 마음에 주문~ 10만원 상당의 콜라 서비스 감사합니다,5
양도 많고 정말 맛있습니다.,5
고춧가루가 많이잇는데 그래서 얼큰한거같아여ㅎㅎㅎ 해장하기에 아주 딱 좋아여,4
배달빨리왔습니다 거기에비해 당면 퉁퉁불어있었고 불은거 이해하는데 당면에서 냄새 났습니다 배가너무고파서 그나마 닭은 먹을만해서 먹었는데 당면은 한입먹고 다남았습니다,1
언제나 잘 먹고 있습니다~ 배달만 조금 더 빠르면 좋겠지만 그래도 배달도 별 다섯개로!ㅎㅎㅎ,5
소자치곤 양이 적어요,3
맛은 있습니다. 주문하고 1시간 40분 뒤에 받았습니다. 아무래도 인기있는집은 배송이 밀리나봐요..,4
두번째 시켜먹는데 맛있어요!!,5
배달원 진짜 불친절하시네요  외부 기사님이니 어쩔수 없겠지만  배달 보낼 때 “친절히 부탁드립니다” 라고 부탁한번 해드려 보는것도 나쁘지 않다 생각합니다. 전화 와서 짜증내고 그냥 문앞에 음식 띡던지고 내려가던데 한끼는 배부르게 맛있게 잘먹었습니다 ~,3
닭도리탕은여기서먼시켜먹는데맛도맛잇고배송도빨라요ㅎㅎ,5
옛날에 자주 시켜먹다 오랜만에 시켰는데 여전히 맛있네요,5
다먹구 찍네영 ㅋㅋ 맛있어서 쿠폰 9개모았어용,5
항상 닭도리탕은 여기서 주문해요 근데 오늘은 1시간이나 걸려서 와서 배고팠네요  오늘은 예전보다 국물이 더 묽게 해서 왔어요 조금 덜 졸여진듯 그래도 이곳 항상 맛있어요,4
국물에 기름이 너무 많고... 닭이나 야채(버섯.감자)가 좀 오래된거같아요. 닭살코기도 많고 양도 넉넉히 국물도 넉넉히 주셔서 좋았는데 맛보는 순간 닭 누린내가 좀 많이 나네요.  사진은 좀 먹고나서 찍은거라 양은 이것보다 많이 주셨어요.,3
리뷰는 처음 달아보내요  너무 맛잇어서 리뷰남깁니다,5
배달오래걸렷지만 알고시킨거니..ㅎ 감자랑 고기 반반정도로  요청드렷는데 그건안되나바여ㅋㅋㅋ 고기보다 감자좋아해서ㅠ 양념 많이느끼하지않고맛잇어요! 저번에 매콤하게부탁드렷더니 넘매워서 힘들엇는데  이번에요청없이시켯더니 딱맛잇네요. 완전잘먹엇습니다!!!!   둘이먹고 고기남앗네여ㅎ,5
마싯었습니다. 또주문할게요 번창하세요,5
사진찍고 리뷰올린다는걸 너무 정신없이 먹어서 사진이 없네요;; 이곳 순살 닭도리탕 진리입니다. 배달음식 닭도리탕 중 특히 가성비 생각하시면 이곳보다 나은곳은 찾기 힘드실것. 양이 엄청 많은데 그 대부분이 닭다리살입니다. 잡내도없음..,5
맛나요 역시 잘먹었습니다❤️❤️❤️,5
아 순실이 맛있는데~ㅜㅜ 다음에는 잘 부탁 드릴께요,5
리뷰남기면 뭐 준다고 해서 그런지 다들 리뷰가 좋네요 최근에 먹은 것 중 제일 별로에요 김치도 맛 없어요,1
시키고 15분만에 온것같아요. 맵지도 짜지도않고 국물도 밥에 비벼먹을정도 로 맛괜찮앗어요,5
닭도리탕 진성맛집 무조건 여기서만시킴  영등포에서 거주하는목적이 여기서 시켜먹을라고 거주할정도,5
"최근에 먹어본중에 제일 맛있는 찜닭집이네요! 국물이 자작자작해서 밥반찬으로 딱이었어요 닭에 양념이 잘베어서 맛있어요!!👏🏻👏🏻👏🏻 살짝 더 매우면 좋겠는데, 요청대로 해주신다고하니 다음번에는 요청사항에 적어서 주문할게요 중자는 용기자체가 커서 양도 많아요! 성인 3명 배터지게 먹었어요! 단골로 찜합니다❤️",5
배달이 느려서 오래기다렸지만 맛있었어요,5
양도 많고 맛있어요^^,5
너무맛있게잘먹고있어요~ 대 자는 처음 시켰는데 양이 생각했던것보다 좀 적은느낌? 그래도 맛있게 잘먹었네욧!,5
완전 맛있었어요... 뜻밖에 찾은 맛집 같아요,5
맛잇게 잘 묵었심더 ㅎㅎ,5
양도 많고 항상 맛있어요 ㅎㅎ 일주일에 적어도 1-2번씩은 꼭 시켜먹는데.. 요구사항도 잘 지켜주시고 참 좋습니다ㅎㅎ  다만 배달료 올라 그 부분이 조금 부담스러운데... 그 부분만 조정된다면 더 많이 시켜먹을수 있을거같아요!,5
아이도 맛있다고 잘 먹고 맛나게 먹었네요.,5
넘 맛있어요 국물이 진하고 닭고기하고 감자도 맛있게 잘익어서 잘먹었습니다~ 단거 안좋아해서 제입맛에는 좀달았어요.이점빼고 다좋았어요. 많이파시고 번창하세요~,5
너무 늦게 와서 배가̆̎ 등에 붙는 줄 알았습니다̆̎ 그치만 맛있으니까 이해합니다̆̎,5
양이 정말 많습니다. 다만 저는 간을 세게 해서 먹기에 조금 심심했네요. 배달도 매우 빠릅니다.,5
리뷰당첨 되었습니다.!!!  요구사항도 빠짐없이 들어주시고 그리고 무엇보다 정말 맛있어요ㅎㅎ 꿀맛이에요 ㅎㅎ 다만 ㅠㅠ 배달료....없애주시면 행복할거같아요ㅜㅜㅜ,5
이제  쿠폰 10장을 모았다.    닭볶음탕은  정가네.,5
2주에 한번은먹는거 같아요 최애단골입니다,5
배송 빠르고 맛 그럭저럭 좋아요 양이 생각보다 많아 좋습니다 둘이 먹기에 배부릅니다,5
항상 잘 먹고 있습니다.  리뷰당첨으로 전화드렸는데 어플 주문하라고 해서 어플로 주문했습니다.  그리고 당첨자는 콜라 서비스 없네요?ㅠ,5
오늘도 잘먹엇습니다,5
예상 도착시간이 60분정도였는데 1시간40분만에 도착했네요 날씨때매 교통이 편치않았다는거 감안해도 음식안에 당면도 완전 불어버려서 오고.. 다른 재료들은 괜찮았으나 좀 아쉽네요,3
조금 짠 거 빼고는 맛있었습니다 !,5
너무 맛있게 잘 먹었어요!!,5
리뷰가좋아서주문했었는데..제입맛에는 우와~~맛있다..이런느낌못받았구요...그냥그냥나쁘지않다..요정도...암튼 잘먹었어영,4
배달음식에 대해 큰 기대안하는 편인데.  여기 좀 탁월하게 맛있네요. 사실 음식중에서도 탕종류는 직접가서 먹는게 더맛있겠지만 여기는 배달음식임에도 불구하고 굉장히 맛있게 먹었네요. 저도 음식을잘하는편인데도 간도 딱이었고 매콤한정도나 감자의 익힘정도가 진짜 훌륭했어요. 직접가서 먹음 얼마나 더 맛있을까요? 앞으로 닭요리는 이곳에서 먹을예정입니다. 이런 맛있는 집은 많은 사람이알아야해요^^ 사장님 앞으로도 좋은 요리 부탁드려요 서비스로 주신 음료도 잘먹겠습니다. 진짜 오랜만에 배달요리먹으면서 맛있다 맛있다 말하면서 남편이랑 먹었네요.,5
"밖에서 사먹은 닭도리탕 중에 가장 만족스러웠습니다. 너무 흡입해버려서 사진은 없어요 ㅠㅠ  순살 닭도리탕 시켰는디 뼈가 없어서 먹기 편하고 뒷처리도 간편하고, 무엇보다 퍽퍽한 부위가 정말 하나도 없이 부드러운 살만 있어서 감동!!!!!! 양이 많아서 2명이서 2끼로 나눠 먹었습니다. 굵은 고춧가루가 많이 들어간 양념은 걸쭉하니 맛있고, 좀 단 편. 단걸 좋아해서 너무 맛있게 먹었습니다. 닭도리탕때문에 이사오고 싶은 건 처음이네요..",5
잘먹었습니닫 사장님께서 열심히 하시는 모습이 보이네요. 한가지 아이디어를 드리면 순살닭찜도 중국당면을 한다면 아마 사람들 반응이 훨씬 뜨거울것같아요. 수지가 맞지않다면 중국당면을 좀작게 넣어도 훨씬 더더 맛잇을것같아요 일반당면은 눅눅해지거든여 음료도 잘먹었습니당~!!!!!,4
정말 자주 시켜먹는 곳인데...ㅠㅠ 제가 주문을 잘못해서 빨간양념 찜닭이 왔는데 그래도 맛나네요ㅎㅎㅎ 원래 배달비가 없었는데ㅠㅠ 1000원으로 오르더니 어느새 2000원이 되어서 넘나 슬프네요ㅠㅠㅠㅜ  배달료가 없음 더 자주 시켜먹을수 있을거같은데 아쉬워요!!!ㅎㅎ,5
항상먹는 닭볶음탕 맛집 꼭 시켜드세요~~!!!,5
맛있어요 역시 정가네 닭도리탕은 여기가 최고,5
역시 믿고 시킵니다 맛있어요,4
맛은 진짜 맛있는데 기름이 조금 많아요 양도 소 인데도 엄청 많네요 !,4
진짜 푸짐하고 진짜 맛있네요. 4인 가족 배부르게 잘 먹었습니다^^ 배달도 엄청 빨랐어요. 앞으로 자주 시켜먹을 것 같아요.,5
양이푸짐합니다ㅋ공기밥주는용기가 찜닭먹을때 요기나게썼어요 ㅋ 다음엔 매운찜닭으로 도전해봐야겠어요 ㅋ,5
당면 많이 달라고 부탁 드렸는데̄̈ 진짜 많이 주셨어요 ㅎㅎ̌̈ㅎ̌̈ 그리고 콜라는̆̈ 원래 두개오는건가요?ˀ 밥을̄̈ 많이 시켜서 서비스로 주신건가̆̈?ˀ 진짜 여긴 양도 많고 ㅠㅠㅠㅠ전ටㅔ 닭볶음탕 시켜먹고 반해서 찜닭시켰는데̄̈ 간도 잘 베어있고 진짜 한마디로 존맛탱,5
푸짐하게 잘 먹어서 좋았습니다,5
가격착하고 맛있네요~*,5
맛잇어요 맛잇어요 맛잇어요,4
맛은 다른집에 견주어도 손색없이 맛있었습니다 양은 그럭저럭 모자른정도는 아니에요 조금 더 많았으면 좋았지만 나쁘진 않았어요 다른분들에게 강추할만해요,5
배달도 빠르고 맛있어요 양념이 진해서 더 좋은거같아요 잘먹었습니다,5
항상 맛있게 잘 먹고 있습니다~~람쥐~~다람쥐~~,5
맛잇고 양이 너무 마나서 배가 엄청 불러요 짱,4
감사합니다  . 맛있게 잘 먹었습니다 ^^~%,5
맛있게 잘  먹었습니다~~^^,5
맛있게 잘 먹었습니다,5
고춧가루가 많이 들어간 닭도리탕이네용 저는 살짝 양념이 강해 부담스러웟는데 남자친구는 맛잇다고 잘먹엇습니다. 서울에서 닭도리탕 시키면 너무 묽고 탕처럼 나오는집 많은데 그거에 비하면 여긴 완전 맛잇는겁니당 다음에 또 시켜먹을게유 감사합니다!!,5
호에에에에에에에에엥,5
생각보다 맛있었어요 빠르게 도착했어요 그런데 배달료를 또 이천원 달라고하셔서 드렸어요 먹기전에 찍었어야 했는데,5
콜라 오는 거 깜빡하고 음료 추가했는데 어쨋건 닭볶음탕이 진리,5
맛있어요 배달도 빨리 오고,5
제가 사진을  못찍었는데 너무 맛있게 먹었습니다!,5
맛있어요 매운 찜닭이 이렇게 매운 줄 알았다면 기본 시켜먹었을거에요. 하지만 맛있어서 다 먹었습니다,5
양너무 많고 맛도 좋네여 담엔 다른거 시켜볼께요 굳굳!!!,5
맛있게 잘먹었습키다!,5
60분 예상으로  7시반 도착 예정으로 8시까지 오지않아 전화햇더니 출발예정이라고 하시네요 도착은 8시47분이네요 배달하시는분은 비오는 중에 친절하게 말씀해주셔서 점수를 어떻게 드려야할지,1
ㅅㅈㄷㄴㅇㅊㄴㅎㄷㄴ,5
찜닭도 맛있게 잘 먹었습니다 ~~근데 저 취향 아직도 닭도리탕 인가봐요~~ 찜닭 좀 달아요ㅠㅠ,5
맛은 있는데 양이 좀 적어서 아쉬웠어요 밥이 안나오는지 모르고 기다렸다가 밥없이먹었네요 ㅜ ㅜ,4
저번주에만 2번 시켜먹었어용 ! 짱짱맛,5
배달예상시간에 딱 맞춰서 와서 신기해요 그리고 맛있고 양도 적당한것같아요 잘먹겠습니당,4
음식받고나서 묵직한무게에 놀라고 포장뜯고나서 양에 놀라고 먹어보면서 맛에 놀라고 사람 여러번 놀라게 하네요 잘먹었어요 :),5
2인에 소자시켰는데  양도 생각보다많고 맛있어용 밥은 따로라 아쉽지만 많이 맵지도않고 당면도 많고 맛있었어요 🤗 닭도리탕 찜닭 좋아하는데 맛있네용 배달은 주말이라 한시간반 정도 걸렸긴했는데그래도 전화하니까 친절하게 대응해주셨어요~ 잘먹었습니다!,5
맛있게 잘  먹었습니다~~^^,5
너무 맛잇게 잘먹엇습니다 리뷰가 왜 많은지 알겠네요진짜 서비스좋고 여기서만 시켜먹겠습니다❤️❤️❤️양도많고 사장님 최고!!!!,5
맛있어요맛이썽요맛이써용,5
언제나 마시써요~~~~,5
맛있게 잘 먹었습니다,5
맛있어요 포장도 잘되있고 따뜻하고 좋아요,4
맛도 양도 좋습니다. 배달시간도 양호하고요.,4
개인적으로 너무 달고 짜고 별로였네요,1
우리동네 최애 맛집😎 맛있어요!,5
쿠폰 9장 모았습니당 ㅎㅎ  10장이면  1만원 할인 받을수 있네용,5
좋아요 양많아요 맛있어요,5
짱 매워요 ㅋㅋㅋㅋㅋ  매운거 좋아하는분들 추천합니다,5
많이 매워졌는데 그래도 맛있어요,5
맛있네요~매콤해요 추천합니다,5
맛있다! 고기많고 소스많고 먹어도 안질린다 정말 맛있으니 추천박고 갑니다 념념쓰,4
호에에에에에에에에엥,5
가끔 생각날 때마다 시켜먹는데  항상 맛이 좋습니다.  번창하세요.,5
아직도 안오네요 ㅜㅜ 자고 싶다. 1시간넘었는데 배달 안옮 ㅠㅠ아침이다,1
존맛탱~~이에요! 자주 시켜먹을게영!!,5
배달도 빨리왔고 맛도 있었어요 담에 또 시켜먹을께요~,5
별로 기대안했는데 진짜 맛있어요! 양두 많고 만족합니다,5
역시 맛이나 양이나 최곱니다 순살이면 뼈 안나와서 좋은데  살 양도 많더라구요 맛있구요ㅎㅎ,5
맛있게 잘 먹었습니다~.,3
배달도빠르고 맛있네용,5
고기 크고 양도 많았는데 뭔가 막 맛있지는 않았어요,3
배달도 제때오고 맛있어요,3
항상 맛있는 음식 빠른 배달 감사합니다~~ 오늘도 잘 먹었어요,5
오랜만에 먹지만 역시 닭도리탕은 여기가제일이네요,5
맛있어요 느끼하지 않고,5
이세상 맛이 아닙니다.. 두번째 먹는건데 먹을때마다 눈물날듯...,5
오늘 첨 시켜먹는데 매콤달콤한게 정말 맛있네요♡ 깍두기랑 김치도 제 입맛에 딱 맞아요 ㅎㅎ 그리고 콜라도 감사합니다~~,5
너무너무 맛있었어요 또 먹고 싶네요!! 근데 전화주문 해야 2000원 할인이란 말을 써주면 안 헷갈릴것 같아요ㅠ 무튼 맛있게 잘먹었습니다!!!!,5
친구네 놀러가서 또 시켜먹었지요~원조정가네 여전히 맛있는 내가 아는 그맛♡ 닭도 야들야들 양념에 밥비벼먹음 꿀맛!! 잘먹었습니다~~,5
맛있습니다!!!최고♡ 음료도 주시고 감사합니다,5
대체로 맛나요   묵은지가 끝내줍니다 양은 조금 적은듯합니다  가격에 비하면,4
여기 그냥 주문ㄱㄱ나 오늘 또먹는다,2
.,5
맛있습니다~~  순살인데 살이 정말 부드럽고 닭내도 안나고 깔끔합니다 약간 매운기가 있어서 매콤하게 먹었습니다,5
주문이 많이 밀려있어서 그런지 조금 늦게 도착했어요ㅠ 매운걸 잘 못먹는편인데 딱 맛있게 매콤하게 먹을수 있구 떡도 엄청 많이 들어가있는게 좋았어요! 배부르게 먹고 밥까지 볶아먹었네요 하하 다음번에 또 시켜먹으랴구요~ 맛있었습니다!!,5
맛있네요 ㅎㅎㅎㅎㅎㅎㅎㅎㅎㅎㅎ,5
저번에 찜닭을 시켜먹었었는데 너무 맛있어서 오늘은 닭볶음탕을 주문해서 먹었는데 진짜 맛집인정ㅜㅜ!!!!!!,5
맛있게 잘먹었어요 ㅋㅋ,5
음식이 너무 식어서 왔어요,3
맛잇게 잘 먹었습니다!,5
아주아주 맛남😋😋😋😋,5
맛있습니다. 술안주에 그만이네요~,5
잘못 시켜서 전화로 요청드리니 친절하게 요청에도 응해 주시고 맛도 좋고 정말 맛있게 잘 먹었습니다,5
"와 지짜 짱 맛있다̆̈,,,,",5
현금결제하면 2000원할인된다해서 찾아왓는데 그냥 똑같이 받네요 이럴거였으면 그냥시켯겟죠... 맛은 맛잇고 양도많아요,4
너무 너무 맛있습니다,5
맛있게 먹었습니다,5
감자먹고싶어서 문자남겼는데 2조각밖에 안줬더라구요. ㅠㅠ. 근데 맛은 있어요. 항상 먹던데라. 배달도 총알배송20분만에 왔어요. 서비스 콜라도 감사해요,5
너무 맛있어요♡자주 애용하고 있습니다,5
너무 맛있었어요 또 시키겠습니다!!!,5
😋😋😋😋😋😋😋,5
맛있어요~~ 감기 걸려서 칼칼하게 해달라고 요청 드렸더니 정말 먹고 감기 뚝 떨어졌네요!,5
두번째 시켜요 맛있게 먹었는데 현장 현금결제했는데 2천원 할인 되는 거 아닌가요??? 음식은 아주 맛있습니다,5
매콤하니 맛있어요!,4
맛있어요 느끼하지 않고,5
호에에에에에에에에엥,5
단면 너무 많았어요 다 불어서 먹기 힘들었어요 ㅠㅠ 단면 조금 넣거나 따로 주시면 더 좋을거 같아요,5
잘먹었어여ㅕㅕㅕㅕㅕㅕㅕ,4
항상 시켜먹는데 두명이서 먹기엔 딱 적당한 양 맛있게 먹었어요,4
맛있어요 매운찍닭 짱,5
맛있습니다!! 또 먹을게요,5
자주 시켜먹는 곳인데 순살은 처음 시켜봤거든요 순살이라 양 적을까 걱정했는데 양도 많고 맛도 있더라구요 역시 크  먹느라 정신없어서 사진이 맛없게 나왔어요ㅠ맛있습니다!!,5
배달이 빨라서 좋았어요!!,5
오랜만에 주문해서 먹었는데 역시 맛있네요! 배달도 예상시간보다 빨랐고 양도 푸짐했습니다.,5
매번 시킬때마다....매번 맛나요 ㅋㅋㅋㅋㅋㅋ 굿굿,5
맛있어용ㅋㅋㅋ굿굿굿,5
리뷰이벤트 하는 줄 모르고 못썼는데 콜라 서비스 너무너무 감사합니다 양도 정말많고 셋이서 중 시켰는데 맛있게 잘먹었습니다 ㅎㅎ 다음에도 이용할 예정이에요,5
호에에에에에에에에엥,5
닭에서 냄새나고 살이 뻑뻑하네요 양념은 맛잇습니다.,2
처음시켜봣는데 양도많고 맛도 너무 맛잇엇어요 콜라도 2개나 주셔서 감사합니다 재주문 100프로,5
배달도 빠르고 맛도 맛있습니다. 순살이라 먹기도 더 편하고 좋네요,5
달콤하니 맛있어요 고기도 부드럽네요 많이 매운건 아니고 그냥 매워요 그런데 사장님 음식 이름 닭도리탕을 닭볶음탕으로 바꾸면 좋겠습니다,5
뼈없는 닭도리탕이 이렇게 맛있네요 뼈가 없으니 먹기 너무 편하고 좋아요,5
역시 정가네닭도리탕은 맛있었어요! 비가오고 날이추웠어서 아주조금 식긴했지만 맛은👍,4
예전에 맛있어서 시켰는데 이게 뭐죠.. 입에 넣자마자 날개부분 닭다리부분인데도 뼈가 다 씹어서 부서지고..깎두기 맛있었는데 다 쉰거 소금좀 뿌려 재생시킨느낌에.. 2인분부터 주문되길래 기대했는데..닭을 안좋은걸 쓰시나.. 저 배달앱쓰면서 이렇게 안좋은 후기 직접 쓴적 처음입니다..정말 믿는도끼에 발등찍혔네요. 돈아깝고 화나고,1
맛집😋😋😋😋😋😋,5
JMT 무조건 여기 ㄱㄱㄱㄱㄱㄱ,5
굿굿 ~~~~~~~~~~~~,3
언제 먹어도 맛있어용,5
맛있게 잘 먹었습니다. 배달이 좀 늦어서 불어오긴 했지만 기사분이 미리 연락주고 사과도 여러번하셔서 불쾌하진 않았어요.,4
쏘괜춘굿괜찮.....,3
맛있어요 양이좀아쉽네요,4
괜찮았는데... 면이....ㅡㅡ 다뿔어서 ㅡㅡ,3
양도많고 엄청 맛있어서 찾게되네요,5
평소에 자주 시켜먹는집인데 감자를 싹이 핀것을 넣으셨나봐요 먹다가 당황스러웠네요 만드실때 제대로 확인 좀 해주세요 이렇게 큰 싹이 핀 감자는 처음 봤네요,1
처음 시켰는데 완전 맛있어요 아주 맵지않고 적당하고 양도 둘이 먹었는데 적지않네요 후기보고 시켰는데  담번에도 먹고싶음 닭도리탕에 야채만 좀 더 많았음 아쉬움,5
닭도리탕은 정가네 항상 이집에서만 시켜먹어용~~~^^*,5
맛있게 잘 먹었습니다~~^^,5
맛있는 음식 먹고 감사합니다,5
넘 맛있고 젛았지만 뱁게 해달라 부탁드렸지만 ㅠㅠ 그냥 와서 별점 하나 깎았읍니당..😭,4
맛있어요 양많고! 국물 좀더 많았으면 좋겠어요,4
맛잇어요 맛잇어요 맛잇어요,4
포장도 튼튼하고 맛있고 ㅠㅠ 다리살 좋아하는데 다 다리살로 만들어주셔서 좋았어요ㅎㅎ,5
닭도리탕은 여기서만 시켜먹어요~ 배달도 빠르고 항상 맛있습니다! 번창하세요~~,5
잘 먹었습니다. ^^,3
배달은 거의 한시간걸리는데 기다린 보람이있어요 완전 맛있어요,5
베달이너무늦게오더라구요,3
맛있습니다. 같은 쿠폰쓰는 다른 업체들 메뉴 다 맛집임,5
"닭도리탕, 찜닭 모두 맛있어요~~ 자주자주 시켜먹고 있습니다ㅎ",5
맛있게 잘먹었습니다 많이맵지않고 달달하네요,4
얼큰닭도리탕 넘 맛있네요ㅜ닭도 부드럽고..번창하세요~!^^,5
양이 좀 적어진거같아요 ㅠㅠ,4
새벽 야식으로 먹었는데 완전 굿굿 완전 맛있었어요!,5
너무너무 맛잇엇어요 맵기 조절할수있으면 더 좋겠어요!!ㅎㅎ,5
정말맛있게 잘먹었습니다  아주쬐끔 덜달았음 하는 소망이있습니당~~번창하세요~~,5
맛있어요 최고에요 굿굿,5
💕💕💕💕💕💕💕💕💕,5
다시는 안시켜먹을 것 같아요.. 지난 번에는 썩은 감자로 요리해주시더니 이번엔 밥에 이상한게 있네요? 그리고 혹시 요리를 하는게 아니라 전자레인지에 데워서 갖다주시는 건가요?  닭 겉 표면이 전자레인지에 돌린 것마냥 다 말라있고  용기 내부도 요리를 해서 담아냈을 때의 형태는 아닌 것 같네요... 먹을 때 살짝 쉰 맛도 났구요 정말 좋아하던 곳이라 자주 시켜 먹었었는데 실망이 크네요... 아 그리고 또 현금 결제하면 2만원 이상시 2천원 할인해주신다면서 돈 다 받아가시는 것까지... 별 한개도 아깝습니다.,1
닭도리탕 진짜 맛있어요 따라오는 깍뚜기도 맛있음 양이좀 적어용,4
조금 달긴한데 맛있어요~~,4
닭도리탕 다른데 시키면 결국 이집으로 돌아옵니다ㅋㅋ 진짜 닭도리탕 너무 맛있어요!!!,5
자주시켜먹어요 양은늘아쉬워요 小자는 남자혼자먹을양이에요,4
리뷰 바로 썼어야 했는데 바빠서 이제야 남기네요 ㅠ 항상 실망시키지 않습니다 양은 엄청 많이 먹는게 아니면 두명이서 한끼 충분하구 닭고기가 엄청 부드러워서 좋아요 ㅠ 안에 감자나 당면같은것도 꽤 있어서 두번째인데 두번 다 너무 만족스러웠어요 ㅠ 근데 이거 시킨날은 유독 배달시간이 평소보다 늦은것 같았어요 배달이 많았나보다 생각할게요((◝꒰  ̇ ꒳  ̇ ꒱◜)) 사장님 적게 일하고 많이 버세요!!~담에 또 주문할게요~,5
맛있음  쿠폰  5장 모았음.  ㅋㅋㅋ,5
항상 맛잇게 잘 먹고 있습니다 ㅎ,5
호에에에에에에에에엥,5
"진짜 맛있구 ㅠㅠ 양도 많은데 ㅠㅠ 음식에서 이런 거 나왔어요 ,,,  위생 신경좀 써주세요 ~~~",4
배달이 다 식어서왔네요...,3
맛있네요오오 !!!!!! 양도 많고 적당히 매콤 !! 살코기도 듬뿍 배달은 좀 느리지만 잘먹었습니다,4
맛있게 잘 먹었습니다~~,5
맛있어여!!! 정말 매번 실패없이 잘 먹는거 같아요!!,5
맛있음. 😋😋😋😋😋,5
배달은오래걸렷지만 맛과양은 엄청났음,5
괌에서도 생각나는 맛 집에가면 또 먹어야지,5
순살 시켰는데 고기에서 냄새도 심하게 나고 오래된 느낌이었음!!,1
얼큰닭도리탕시켯어요 맛잇고요 오실때 조금더 뜨근하게 해주세요,5
맛있어요 닭 전문점인가봐요,4
정말 맛잇엇고 매운데 계속 땡기는 이맛 종종 시켜먹겟습니다^^ 사장님하고 배달하시는 분 친철하시네요 연말 잘 보내시고 감기 조심하세요,5
맛있어요!! 얼큰이 더 좋은것 같네요 갠적으론 양 많아요!!,5
오랜만에 진짜 맛있는 닭도리탕 먹었네요,5
맛있어요 맛있게 먹고 있어요,5
맛있어요 맛있게 먹고 있어요,5
와 진짜 맛있네요ㅎㅎㅎ,5
이번에 두번째 주문인데 정말 맛있어요. 맛있게 매워요,5
? 당면 안삶고 그냥 찜에 바로넣으셨어요? 뭉치고 전분 밀가루 덩어리맛때문에 못먹어줄맛인데,1
맛있어요 만족스러운 식사였습니다,5
맛있는 음식을 먹고 싶다면,5
너무 맛있어요ㅠㅠ 이사 왓는데..동네 맛집 찾앗네요!! 친구랑 먹으면서 제일 많이 한 말 “소주 먹고싶다” 다음엔 저녁에 시킬께요ㅋㅋㅋㅋㅋ,5
아주 맛있게 잘 먹었어요. 맵지도 않고 좋네요,5
리뷰믿을만하네요. 정말맛납니당 ㅎㅎ,5
맛은 물론이고 양도 충분히 많네요! 추천합니다!,5
맛나요 늘 시켜 먹던데에요! 매운맛은 너무 맵고 순한맛도 적당히 칼칼해용! 번창하세요!,5
"②번째 후기입니다 ♡   저번에 회사직원들과 시켜먹고 넘 맛있었다구 잘시켰다구 칭찬받았었어요 그래서 오늘 또 시켜먹었어요! 여의도점심시간인데도,  12시 시간맞춰 배달도 빠르게 해주시고, 오늘도 역시 맛있었네요! 순살이라 뼈바르지않고, 부드럽게 빠르게 먹을수있어서 넘 편리하게 맛있게 잘먹었어요  감자도 떡도 들어있고, 특히 국물양념이 너무맛있어요! 밥꼭시켜서 밥비벼드셔보세요 짱맛있습니다 (^^)! 그리고, 사장님의 저번리뷰댓글써주신것처럼 리뷰에관한 콜라서비스도 주셨어요! 약속지켜주셔서 감사해용 앞으로 단골될거같아요!!! 잘먹었습니다",5
명불허전 너무나맛있습니다!! 거리가깝에 이사가고싶어요...,5
맛있는 음식을 먹을 때마다 기분이 너무 좋아요,5
맛있어여 ~~!담에또 시켜먹을게요,5
맛잇게 먹엇습니다~,4
얼큰인데 전혀요.. 개인적으로 더 매웠으면 하는 아쉬움이 있어요. 달짝지근한 맛이에요. 그래도 간이 잘 베어 있고 살코기도 부드러워서 잘 먹었습니다.,4
살짝 달아요 그래도 맛있어서 재 주문 했어요 잘먹고 있습니다,4
ㅂㄹ에요..제취향아님,3
★맛ㅡ달짝지근한데 느끼하지않아요..양념맛잇음! ★닭ㅡ양많고..순살이일반적순살이 아니고 직접뼈를발라내신것같은?훨씬맛잇어요 ★감자ㅡ큰거한개 반토막두덩이..커서인지 가운데가 사알짝설컹거림ㅜ쫌더푹익엇음좋겟어용 고기보다감자를좋아해서ㅋ담엔부탁드려봐야겟어요  총평...수십곳에서 시켜먹어봣는데..요기괜찮네요..닭볶맛집 요기요!!!★,5
새벽에 자주 먹는데언제나 맛있어용,5
"말이 필요없죠.............. 너무 맛있읍니다,,,,,,",5
항상잘먹고있어요 jmt,5
항상 맛있어요 고맙습니다,5
연하고 맛있어요 잘묵,5
닭도리탕은여기서만시켜먹어요ㅎㅎ 맛잇어요!!,5
맛있는 음식을 먹고 싶다면,5
먹을때마다 국물이 끝내줍니다^^,5
맛잇게잘먹었습니다..,5
처음 먹어봤는데 진짜 맛있어요 양도 넉넉해서 둘이 먹었는데 남았습니다!,5
찜닭은 처음시켜먹어봤는데 찜닭도 맛있네요.. 최고,5
얼큰 맵싹하니 완존 맛나용!!,5
맛이 끝내줍니다 배달시간보다 빠르게 시간맞춰서 와주셨어요,5
닭도리탕 진짜 맛있었어요 양념도 잘베어있고  닭도 순살이라 너무 부드럽고 뼈없이 쉽게 맛있게 먹었어요! 회사분들도 잘시켰다구 칭찬해주셨어요 ❤️  찜닭듀 맛잇엇눈데 담엔 당면 따로 빼서 주뮨할게요^_^,5
진심 존맛이예요ㅠㅠㅠㅠㅠㅠ,4
벌써 세번째 시켜먹네용 양도 많고 너무 맛있어용!! 닭도리탕이 먹고싶을땐 무조건 정가네에서 시켜요ㅎㅎ 다음에 또 주문할게용 :),5
와 제가 먹어본 닭도리탕중에 가장 맛있는듯해요 진짜로 ㅋㅋㅋ 얼큰한맛이 너무 제취향 ㅠㅠ 엉엉,5
항상맛잇게 잘 먹고 있습니다,5
맛있어요. 자주시켜먹고있어요~,5
두명이서 먹기충분하고 맛있어요 배달도 시간 맞춰서 오셔서 좋았어요,5
맛있게잘먹었습니다~~~~^^,5
너무 짜지도 않고 매콤한 것이 정말 맛있네요 ㅎㅎ,5
배달해서 먹는 닭도리중 제일 맛있는    닭입니다요 감자도  맛있고.,5
완전 맛있어요~~다음에 또 시킬께요~,5
배달 도착예정시간은 90분이였었는대 25분이나 빨리 배달됐어용 배달기사님 친절하시고~ 얼큰으로 시켰는대 제 입맛엔 얼큰하지 않았어용 좀만더 얼큰했으면~ 이건개인입맛이에용 맛나게 한그릇 다 비웠어요 다만 냄비를 점 바꾸셔야할거 같아요 원래 고춧가루 넣고 끓이는거라 업장 화력이 쎄니 탈수밖에 없는대 탄 이물질이 너무 많았어요 사진은 다 걷어냈는대도 잔여물이..너무 많았어요 그리고 감자나 다른건 원래 안넣어 주시나봐여 온니 닭만 있어서 버섯 쪼금하고 ㅠㅠ,3
역시 실망 없는 최애맛집중 한곳이네요~!❤👍 오늘도 넘나 맛있습니다~!,5
양 넘나 많아서 잘먹었습니다 양념도 존맛입니다 ㅠㅜ 딱 하나 아쉬운건 심하진 않지만 닭냄새쪼금만 더 빼면 좋을거같아요 두번세번 나눠서 그때마다 끓이는데 끓일수록 닭냄새는 안나긴해요 아 그리고 감자도 개존맛입니다^^,5
맛있구요.따뜻해서 데우지않고 바로 먹었어요,5
리뷰대로 맛있습니다. 김치는 별로고요ㅋㅋ 서비스 음료 감사합니다 음식이 좀 식어왔던데.. 다시 시켜먹을 의향 있는 맛집 입니다 배달하니는 분 대행이신진 모르겠으나 문두두리고 열어드리로 가는데 문손잡이를 막열려고 하시고 기분이 좀 나쁩니다,5
저번보다 맵지만 맛있음b 다만 김치랑 깍두기 맛없음;,5
국물이 텁텁하지 않고 진하게 맛있었어요! 거기에 촉촉한 닭 순살이랑 포슬포슬한 감자가 간도 적당히 잘 배여있어서 엄청 맛있게 먹었어요!!! 여기에 당면까지 있었으면 금상첨화였을 것 같아요 사리 추가 메뉴가 있었으면 더 좋겠어요! 그래도 당면 처돌이가 당면 없어도 또 시켜 먹고 싶을 정도로 JMT 닭도리탕입니다 최고 최고!!!,4
닭고기도 부드럽고 요청사항도 꼼꼼이 보고 챙겨주시고 맛있었어요,5
맛있어요,5
닭볽음탕 최고!!!,5
달달 매콤해요. 아 맵다~는 아니라서  매운거 잘 못 먹는 사람도 괜찮을듯. 전 더 매콤하게 먹고싶어서 따로 첨가해서 먹었어요. 그리고 순살이라 먹기 편했어요.,5
맛잇어요 맛잇어요 맛잇어요,4
정말 더할나위없이 너무 마시꾸요. 친구는 맵다고 했는데 저는 너무딱좋았고 고기도 알맞게 쫀득거리고 탱탱하고 양이 옛날보다 적어진거같지만.. 아이러빗🧡 사장님 너무착하세요.,5
양도 적당하고 맛도 괜찮네요 음료수도 주시고요 근데 리뷰들에 밥이 있길래 밥주시는줄 알았는데  밥은 없는거였네요 메뉴 주문할때 밥 추가 하라고 설명해주시면 좋을것 같아요,4
소자인데두 양 많구 좋았습니당 맛도 적당히 매운맛이 돌면서 달달하니 진정한 찜닭느낌! 잘막었습니당,5
자주 시켜먹는 곳인데 언제나 맛있습니다 적당히 매워서 잘 먹고있어요ㅎㅎ,5
맛나요 잘먹었어요.,5
와아 맛있어요..! 엄청 야들야들~ 다음에 또 시킬게용 ㅎㅎ,5
배부르게 잘 먹었습니다^^,5
배달은 조금 늦었지만 오늘도 맛있게 잘 먹었습니다~,5
배달도 15분 늦게 왔어요.. 맛도 양도 그냥 그러네요..,3
맵고 맛있네요. 깔끔하며  자주 시켜먹는 집입니다.,5
맛나용 자주 시켜먹을듯,5
배달빠르고 맛있습니다.,5
오늘도  잘먹엇습니다 ㅅ.ㅅ,5
갑자기 좀 매워졌네요ㅠㅠㅠ그래도 맛있어요,4
양이더많아진거같은..얼큰하게 요청드렷는데 솔직히 하나두 안매웠어요ㅜㅜ .. 그런대 먹다보면 머리에서 땀이 똑똑떨어진다는,5
진짜 최근에 먹었던 닭도리탕중이서 가장 맛있었어요. 앞으로 계속 시킵니다.,5
맛잇게 잘 먹엇어요 :-0 단짠맵 제대로 밥비벼먹으니까 꿀맛,5
늘 맛있게 먹고 있습니다 번창 하세요 !!!,5
처음 먹어보았는데 너무 맛잇게 먹었습니다,5
같은 음식으로 주문했는데  지난주는 불닭볶음면 매움맛인데  이번엔 신라면보다도 안매웠음   배달은 빠름,3
6개월만에 시켜먹어봅니다 첨에 별루여서 몃번먹다 올만에 시켰는대 아주 맛있개 왔내요 이렇개 만 온다면 자주 이용 하고싶내요,5
닭볶음탕 생각이나서 또 시켜봤습니다.  이전에도 맛있게 먹었는데 이번에도 만족했네요 밥이 저렇게 담아 와서 다소 당황하고 또 엄청은 아닌데 좀 식어서 그랬는데 아마 저기에 담아서 더 식은거 같아요. 밥은 밥공기같은 데에 담아왔으면 좋겠다는 작은 바람.. ㅎㅎ  고춧가루가 늘 굵은데 그래서 맛있어 보이기도 하지만 좀 텁텁한 느낌도 있어요  전반적으로 적당히 맵고 간도 맞습니다.  다음에 또 시켜먹을게요,5
양도 적당하고 맛있었어요~,4
양도 많고 배달도 빨랐어요!!,5
매운맛 시켰는데 매운맛 정도는 불닭볶음이랑 비슷한거같아요 . 당면이 아니라 쫄면같은?거라서 아쉬워요,4
🥰🥰🥰🥰🥰🥰🥰🥰🥰🥰,5
맛있습니당!!!!! 최고에요,5
배달도 빠르고 닭이 엄청 부들부들해요! 떡도 먹고 싶고 얼큰도 먹고 싶어서 고민하다가 얼큰으로 시켰는데 기본적으로 떡이 들어 있네요😁 근데 메뉴 주문하면 만두랑 음료도 같이 오는건 줄 알았는데 아닌가요? 요청사항에 김치x했더니 김치가 안오긴했는데 깍두기만 왔어요 아쉽 😭,5
배달도 빠르고 너무 맛있어요 닭도 보들보들하고 간도 딱 좋아요~,5
소짜인데 양도많고 맛있어요,5
"넘 맛있어서 한달에 3-4씩은 항상 시켜먹었는데, 리뷰이벤트 당첨되었다네용♡♡ 닭볶음탕이 약간매콤한데, 매운거 못먹는사람이랑 잘먹는사람  모두 잘먹을수있는 맛인거같아요! 소짜랑 밥 두개 시키면 3명 딱맞고, 중짜리랑 밥 3개 시켰더니  4명이 먹고 약간 남았어용~~ 떡사리도 맛나고,  양 많이주셔서 감사합니다♡",5
맛있게 잘먹었습니다. 배달도 빨라서 좋았어요,5
정가네는 찜닭이든 닭도리탕이든 실망을 시키지 않네요! 잘 먹었어요~,5
양도많고 맛있어요~,5
언니랑 오랜만에 같이 점심 먹으려고 주문 했어요!! 소자인데도 자매 둘이 먹기에 양이 많았어요!! 고기도 부드럽고 언니랑 맛있게 잘 먹었습니다!!! 다음에 또 시켜먹을게요!!,5
정가네 제가 정말 좋아해서 많이 주문했었는데요. 오늘은 무슨 일인지 평소와 다르게 배달 예상 시간(50분)보다 거의 30분 정도 늦게 왔습니다. 속에 당면도 다 불었더라구요. 그래도 맛은 평소처럼 똑같이 맛있어서 별 5개 드렸습니다! 조만간 또 주문할테니 늦지 않게 부탁드려요~ 번창하세요!,5
잘 먹었습니다 크크크,5
자주시켜먹는데 늘 마싯쯤,5
김치반찬은 맛이 많이 떨어지지만 본메뉴 맛도좋고 양도많아요,4
맛나게 잘 먹었습니다,5
닭도리탕  최고입니다 ㅎㅎㅎ,5
너무너무 맛있어서 울면서 먹었어요ㅠㅠ 묵은지 최고입니당...,5
동네 맛집 발견!  맛있어요~ 강추!!,5
잘먹었어요11111,5
제가 먹어본 닭도리탕중에 엄마가 해준거 다음으로 맛있어욥,5
맛도 있고 양도 많아서 정말 좋아요!! 강추 다음에도 주문할게요,5
배달해서 먹은 닭도리탕중에 제일 맛있어요👏👏,5
맛나요  좀 오래걸려요,5
고기 상태가 좋았어요~ 신선한 재료 사용하시는 것 같습니다!!👍 그런데 제 개인적으로는 고춧가루를 많이 사용해서 그런지~ 칼칼하기 보다는 텁텁한 맛이 조금 더 강했어요~ 고춧가루로 양념하는 것을 선호하시는 분은 추천드립니다!,3
양이 매우 많습니다 맛도 좋습니다 강력추천합니다,5
적당하게 매콤히고 소스가 너무 맛잇어오 괜히 리뷰가 1000개가 아니네오 자주 시켜묵을게욤,5
ㅅㅅㅅㅅㅅㅅㅅㅅㅅㅅ,5
중간맛시켯는데도 맵긴햇어요ㅎㅎ그래두 맛잇습니당,4
배달은 개선이 필요 하다고 생각됩니다,3
맛잇게잘먹었습니다 양도 맛도좋네요,5
4번째 먹었는데 역시 맛나요. 닭볶음탕이랑 찜닭 둘다맛나요. 닭볶음탕이 매운거 못먹는사람이 먹어도 속이 아프게 맵지않아서 만족합니다♡ 잘 먹었습니당,5
가성비 최고네요.맛있습니다.  감자만 조금더 넣어주시면 더 좋을거같아요,5
맛있어요 양이 많아요,5
얼큰닭볶음탕 시켰는데 만족할 매콤함이었어요. (불닭볶음면 정도) 맛있었습니다.  양도 적당했고 배달도 예상시간만큼 걸렸고요   다만 용기가 위생적으로 관리되는지 의구심이...?  신경써주세요..,3
맛있어요. 담에 또 주문 할게요,5
너뮤 맛있어요 3번째 주문입니당~!~!~!또 목을꺼에요,5
너무너무 맛있습니다,5
시킬때마다 후회없는맛입니다ㅎ,5
잘먹었어요,4
양 진짜 많고 맛있어요.ㅠㅠㅠㅠ 감자도 미첬습니다,5
맛있고 양도 많아서 며칠 먹었어요 감사합니다,4
항상 맛있게 잘 먹고 있습니다! 배달도 빠르고 양도 맛도 최고..,5
맛있게 잘 먹었습니다. 현금할인한다고 썼는데 할인안했네요. 제가 잘못 봤나했어요,5
언제나 만족하고 있습니다. 다음날까지 맛있게 먹었네요 :),5
오늘 닭볶음탕 매콤하고 너무 좋았어요 ㅠㅠㅠ 회사생활에 찌든 인간탱이들의 속을 풀어주는 느낌이네여 ㅠㅠ 같이먹은 동료분들도 술마시고싶다고 울더라구여 ㅠㅠ 안주로도 맛있을것같아요 ㅠㅠㅠ 닭냄새하나도안나고 감자도 잘익고 간이 좀 강하지만 그 맛에 먹는거 아니겠어요? 배달도 오래걸릴수있다고 하셨는데 30분만에와서 당황했습니당!!  하나 제안드리고 싶은건 저희 팀원분들만 그러는지 모르겠는데;; 저희가 당면충이거든요;; 닭볶음탕에 당면추가 옵션이있었음 좋겠습니다 ㅎㅎ... 하..벌써맛있다..,5
후.. 구디에서 회사다니면서 이렇게 배달인데도 맛있는곳 첨이여서 같은팀 동료들 꼬셔서 먹었슴다 ㅠ 매운거못먹는 동료들이있어서 찜닭과 얼큰닭볶음탕 시켰는데 오늘도 역시나 맛있었어여 ㅠ 일주일에 한번씩 먹고싶은게 솔찍헌 심정입니다 ㅠ 콜라서비스로 주셔서 감사해여 사장님 ㅠ 오늘도 맛있게먹고 남은시간 개같이일하다 퇴근합니다 ㅜㅜㅜㅜ 조만간 꼭 또 주문할게요 ㅠㅠㅜㅜ,5
너무 맛있어요♡♡  잘먹었습니다^^,5
잘먹었습니다..양도많았어요~,4
존맛탱구리구리구리구리,5
맛있게 잘 먹었습니다..,5
리뷰가 많은 집은 이유가 있네요~ 맛있게 잘 먹었습니다! 당면도 많고 좋네요 조금 짜긴 하지만 다시 끓여먹으면 맛있을것같아요~ 리뷰콜라도 감사합니다 또 시켜먹을게요~,5
배달도 빨리오고 맛도 정말 좋았습니다.,5
맛있게 잘 먹었습니다 감사요~,5
얼큰이라 그랬는데 매웠어요.... 그래도 맛있게 잘 먹었습니다,4
원래 닭도리탕  좋아하는데 매콤하니 맛있네요. 배달도 뜨거울때 도착해서 그냥 먹어도 무방할 정도였는데 집이라 뜨겁게 데워서 먹었습니다. 담에 또 주문할게요.,5
요즘거희 주말마다 자주먹는데 이번 배달은 비땜에 그런건지 두시간넘게 기다렷네요  그래도 맛은 항상 맛잇어요,5
그냥 저냥 무난함....,2
맛있게 잘 먹었습니다~~~~~~,5
정말 맛있네요 사장님 감사합니다,5
맛있어요 ^____^ 강추,5
이동네 닭도리탕은 이집만 먹으면 되용~~~^^*,5
맛있어요 김치도 맛잇네여,5
처음 시켜봤는데 소자인데 완전배부르게 양도 많아서 잘 먹었습니다 ㅎㅎ 그리고 닭도리탕 살도 실하고 국물도 떡도 엄청 맛있었어요!! 배추김치도 진짜 맛있었습니다 ㅎㅎ 배달시간도 예상시간보다 빨리오고 앞으로 자주 이용할 것 같습니다 ㅎㅎ,5
한긴지 아쉬운 부분을 적어봅니다. 일회용 수저를 사용하실때 기존에 사용하는 수저보단 조금은 평평한 수저를 사용해줬으면 합니다. 국물을 떠서 먹을때 수저의 홈이 깊은것은 좋지만 생각보다 수저의 끝부분들이 날카로워 입안이 배이겠다는 불안감이 늘 존재하네요. 수저를 교체하여 사용해주시기 바랍니다.,5
증말 맛있어요 언제 먹어도 항상 같은 맛입니다 최고입니다,5
배달은 빨리 배달됬네요 아주 배부르게 먹을정도에 양이였습니다. 맛은 간이 조금 약했다고 생각해요 그래도 닭이 정말 담백하고 맛있었습니다.,4
3번째 시켜서 먹었는데 소짜하고 중짜하고 별차이가 없는거같아요~ 맛은 괜찬았는데 양이.... 그냥소짜로 먹는게 나은거도 같네요 금액은  5000원차이가 나는데,4
삼계탕 맛있게 잘 먹었습니다,5
매콤하니 맛잇어요 ~~!!,4
맛이 매번 달라지는듯 ㅜㅜ 아쉽,3
여기 닭도리탕 진짜 맛있어요ㅠㅠ 저는 소스 남으면 냉장고에두고 밥이랑 비벼먹기까지해영 ㅠㅠ 중독성있는맛 닭도리탕 여기처럼 맛있는데 처음임 ㅠㅠ 가격도 딱 적당해요~~,5
맛 괜찮았어요 배달도 빨랐구요 배달 특성상 당면이 좀 불은고 빼곤 괜찮았어요,3
세번째 주문인데 언제나 존맛탱임다 남는 양념엔 집에 있는 감자 통감자 조림 만들어 먹는데 밥도둑이 따로 없음다 강력추천!!! 사장님 번창하세여~!!!^_^)/,5
맛있게 먹었다 이말이야,5
최근에 먹은것중 제일 맛있네요,5
두번째 시켜먹는건데 세번 네번 더 시켜먹을거에요 다른건 못먹어봤지만 순살닭도리는 최애음식 인정 겁나 맛있네요!!이번에 갈비찜 시켜먹어볼랍니다 그것도 맛있길 기도하며 사장님 홧팅!,5
사진 못찍었지만 음식은 훌륨함. 찜딝과 얼큰 닭도리탕 2가지모두 배달음식의 의심을 싹 지워줄 맛이고 훌륭했다. 1년에 배달음식 3번 정도 밖에 안시켜먹는데 너무 훌륭해서 칭찬만 해주고 싶다. 이집은 진짜다.,5
너무맛있게 잘먹었습니다!!,5
양도 많았고 맛도 좋았어요!,5
맛있게 잘 먹었어요 납작당면이면 더할나위없을듯 ㅠ,5
진짜 단골인데 해도 해도 너무 해요 1시가20분 넘어서 배달 도착하는게 말이 돼요??최약에요!!두번다시 주문안해!!,1
누군가 조국의 미래를 묻는다면 고개를 들어 정가네를 보게하라,5
항상 맛있게 잘 먹고 있어요~ 오늘은 어째선지 떡이 안들어있네요 ㅠㅠ,4
오늘은맵지두않구.국물이진하지가않았어요,3
양도많고 배달용기도 좋고 좋아요~,5
얼큰닭볶음탕 진짜맛있어용 맨날시쿄먹어요 짱짱,5
중독된거같아요.방금또시켰어요~,5
제가 여기 소짜리 항상시켜서 항상5점드렷는데 뭐 지점마다 다르긴하겠지만 소랑 그렇게 양이 많이는 차이안나서 좀 실망스러웠어요..  담엔 소짜 두개시키는게 나을듯..  닭 그램수나 덩어리갯수 표기해주면안되나요 대중소가 천차만별이네 맛은 항상 맛잇는데 그리고 이물질(실) 나왔는데 그냥 먹었음 에휴..,2
감자양이 적지만 칼칼하니 맛잇네요^^,5
맛있어요 다음에 또 주문할 거 같아요~,5
맛도 양도 만족스럽습니다 번창하세요 ^^,5
맛있는데 고기가 좀 아쉽네여,5
배달은 조금 오래걸리긴했는데 맛있고 양많았어요,5
"닭보다 감자와 당면이 더 많아요,..ㅡ.ㅡ",3
정말맛있고 요청사항 잘들어주는집 닭도리탕은 독보적원톱급이라 해도무방함 사진도못찍은채 허겁지겁먹어서 아쉽네요 그러므로 오늘 한번더 주문할예정,5
맛있게 잘 먹었습니다 ^_^또 시킬게요 ㅎㅎ,5
순살로해주는곳도 동네에 별로없는데 여기는 맛이랑 양까지 대박! 진짜 강력추천하는 맛집입니다!,5
맛이 좀 세긴한데 맛있어요 근데 다른야채도 더 있었으면 좋겠어요ㅠㅠ 감자도 하나 더들었으면... 맵찔이에게 얼큰은 쫌 매워요 ㅋㅋ,4
땀 뻘뻘흘리고 다 먹었어요 정말 굿,5
처음 시켜봐서 고민했는데 맛도 양도 훌륭합니다! 단골이 될것같네용,5
정말 정신없이 먹었네요. 맛있게 잘먹었습니다.,5
해외다녀와서 칼칼한거 땡겨서 매운거 먹어봤는데 맛있네용 ㅋㅋㅋㅋㅋㅋㅋ,5
인생맛집... 구디에서 노예상활중인데 한줄기 빛이될것같습니다. ㅠㅜㅜ 찜닭 닭볶음탕 둘다 너무 맛있어요,5
직원서비스마인드 최악입니다.,1
오늘도 최고입니다~~ 닭도리탕은 여기서만 시켜먹어요 잘먹겠습니다!,5
닭도리탕 마싯서용-!!!!,5
역시 맛있어용 ㅎㅎㅎ,5
쿠폰 거의 다 모앗어요,5
4일째 개꿀맛 잘먹겠숩니다,5
친구집인데 맨날 올때마다 원조정가네 시켜요~^^ 이거 머꼬싶어서 제가 친구집 놀러온다는건...비밀😆 넘넘 맛있어요~ 진짜 제가 먹은 닭도리탕 중에 최고로 젤 맛나요~ 김치랑 깍두기도 맛있고 밥도 맛있어요~😋 오늘도 잘먹었습니다~❤,5
맛있게 잘먹었습니다 근데제가사진에올린감남서부점이랑.같은곳인가요?아님거기는체인점이거나.상관없는업소인가요?,5
만두가 깍두기러 바꼇다니 아쉽군요 하지만 오늘도 밥두공기 뚝딱하고 나머지는 낼 밥비벼먹겠습니다 잘먹었습니다,5
"닭이 비렸어요.. 피맛? 쇠맛? 비린내?가.,,,, 반도 못먹었어요,,ㅜㅜ",2
얼큰닭도리탕 정말 얼큰하고 맛있습니다 살도 잘 발라지고 감자도 잘 익어서 왔네요 배달도 예상시간보다 훨씬 빨리와서 잘 먹었습니다 앞으로 닭볶음탕 시킬 일 있으면 여기에서 시킬 것 같네요,5
너무 맛있어서 지금 3일째 시켜먹습니다,5
맛잇음다,5
배달도 90분이나 걸려서 엄청 늦고 완전히 당면이 떡이 되서 왔네요...,1
처음 시켜봤는데 완전 맛집이네요 ㅎㅎ,5
양념이 맛있어요 닭누린내만 더 잡으면 좋을것같아요  맛있어요!,4
항상 맛있게먹는중 순살중메뉴 시키면 만두 포함이라던데 만두는 원래안주는건가요??,5
고기는 좀 된 고기 (상하지는않은) 신선한 고기 섞였는데 맛은 있음,5
매번 빠른 속도로 배달해서 감사합니당~~ 맛있게 잘 먹었고욤~~ 다음에 또 이용할게욤~~짱짱~~,5
잘 먹어습니다... ^__^  맛있어요. ^__^ 감사합니다. ^____^ 👍,5
밥은 안 줘요~~~참고하삼. 먹을만 합니다.,5
칼칼하니 맛있어요~~~~,4
후기가 틀리지않았네요 맛있어요,5
여기 닭도리탕은 진짜 겁나 맛있는데 찜닭은 닭도리탕에 비해선 별르네여 그래도 국물 맛있음,5
맛집배달올때마다 강아지가 짖습니다 계단올라오시는데 강아지가 짖어서 오케이 제대로 시켯구나 생각햇슴다 닭도리탕 진짜 먹고싶엇는데 맛잇게 잘머것습니다 제가 매운거잘못먹어서 조곰 매웟는데 맛잇게매운맛이라 계속계속 땡기는맛이엇슴다 사장님 감사합니다 얼큰한닭도리탕에 얼큰하게 소주한잔 먹구 푹잘께요,5
맛나요 ㅎㅎㅎㅎ 양도 괜찮구 특히 양념이 ㅎㅎㅎㅎ,5
배달도 빠르고 받았습니다,5
오늘도 잘먹엇습니다ㅎㅎ,5
제일 작은 사이즈인데도 양이 푸짐하네요~ 처음 주문해봤는데 너무 맛있어서 자주 주문할 것 같습니다. 번창하세요!,5
여기는 무조껀 시켜먹어야하는 집임. 양도많아서 이틀 간먹어도 진짜 맛있음. 집밥 생각나면 무조건 여기임.,5
적당히 가격대비 좋았습니다,5
항상 닭도리탕 여기서 시켜먹는데 너무 맛있어요,5
77777777777ㅓ억,5
순살이 퍽퍽하지 않아서 항상 맛있게 잘먹고 있어요,5
"둘이서 공기밥이랑 먹었는데 양도 충분하고 매콤하니 물리지도 않았네요!! 개인적으로 감자를 좋아하는데, 아주 크게 들어가 있어서 좋았습니다. 물론 간도 잘 되어있었구요. 다만 아쉬운건 현금 할인이 되는 줄 알고 현금계산 했는데 안됐다는것...? 허허 그래도 만족스럽게 맛있게 먹었습니다!",5
늘맛있고 배달도엄쩡 빠르고좋아요^^,5
아~~~~주 맛있었어요 그렇지만 딱하나 감자가 오래된것을 사용하는것 같았어요 묵은감자 처럼 맛이 강해 먹지못했어요,5
맛있게 잘 먹었습니다 감사합니다,5
이 메뉴만 적어도 5번 시켜먹었는데 이번이 가장 실망스러웠어요 김치는 너무 안물러서 시기만 하고 국물맛도 이전보다 맛이없고... 닭고기 양도 예전보다 줄어든 느낌... 너무 좋아하던 메뉴였는데 다음번에도 이렇게 올까봐 좀 걱정되네요..;;;,2
얼큰 도리탕  시켰는데ㅜㅜ 너무 매운맛이 강합니다 아까워서 간신히 먹었습니다 얼큰과ㅡㅡ매운 맛에 차이가 있어야 되는건데 아쉽네요,2
자주시켜 먹는 동네맛집입니다. 맛있게 먹엇어요. 단맛을 좀 줄여도 절겠네요,5
...........,4
와 진짜 부드럽네요. 가슴살부터 먹었는데 입안에서 살결이 하나하나 사르르 풀어지는게 전혀 퍽퍽한 부위라고 생각되지 않네요. 앞니가 없어도 먹을 수 있을거같습니다. 감자나 떡도 잘 익어서 포슬포슬하고 양념이 잘 배서 밥도둑이네요. 양도 소짜를 시켜서 닭 반마리려나? 했는데 다리랑 날개가 두개씩 나오는거보니 한마리분량이네요. 하도 잘익어서 그냥 뼈째로 입에넣고 호록 빨면 살만 입으로 다 들어옵니다. 모가지 먹을때 희열을 느꼈음. 닭도리탕 먹고싶을땐 꼭 여기서만 시켜야겠네요. 반 남은거 다 먹고나서 남은국물에 라면도 삶아먹어야겠슴니다:),5
이 집 닭도리탕 잘해요,5
"진짜 한시간 지났을때... 주문 누락된건 아닌가 생각했어요ㅜ 한시간 넘어서 배달되었지만..  맛은 인정!!!  처음부터 리뷰에 다들 오래기다렸지만 기다린보람이 있었다는 글을보고 주문했던터라..  저도 참고 기다렸어요ㅎㅎ  당면도 잘 익어서 오구~  매운것도 맛있게 매워서 남김없이 다 먹었네요ㅎㅎ ( 보통은 먹다가 남기는데..,;)  배달점수는 후하게 줄수없었지만ㅜ 맛과 양은 별 다섯개!! 배달에 조금만 힘써주세용!!!",5
배달 60분이라고 했으나 1시간반 걸렸습니다 찜닭이 식어서 당면이 다 불었네요ㅜ 맛은 괜찮았는데 배달이 너무 아쉬웠네요,3
진짜 맛있게 먹었어여^^,5
완전 맛있어요 담에는 닭도리탕 시켜봐야지,5
"배달60분예정인데 30분만에 일찍왔어요 다른 패스트푸드 배달료 비싸게 주고 먹느니 집에서 해먹자는 주의였는데 여긴 배달료도 단돈 천원에 순살인데 고기가 커서 양도 푸짐하고 맛있네요 순살시키면 국물에 작은 고기 몇개 둥둥 떠다니는 음식점도 있던데 이집 순살 잘하넹 감자는 또 어찌나 맛나던지 고기 두점 먹기도 전에 감자때문에 밥한공기 순삭했어요 여기 깍두기맛나니까 꼭 같이 드셔보세요 저는 밥에 감자 비벼서 깍두기랑 순살 얹어 먹으니 꿀맛 레알 밥도둑 숟가락을 멈출수가 없어요(단, 콜라 꼭 김빼고 주의해서 여세요 전 콜라로 샤워할뻔ㅠㅠ)",5
엄청 맛있네요 ㅋㅋㅋ,5
매번시켜도 너무 맛있어용❤️,5
항상맛있게먹습니다~~,5
"안짜고 닭, 떡, 당면 다 맛났어요ㅋㅋ",5
신랑이 여기 닭도리탕이 젤 맛있다고 하더라구요,5
닭볶음탕 양도많고 진짜맛있어요..,5
엄마가 해준 맛이에요ㅠㅠ 진짜 맛있게 먹었습니다 음료가 같이 와서 좋고 순살이 부드러워용!,5
정말 얼큰하고 맛있어요  배달도 75분 걸린다고 했는데 약 50분만에 왔어요  아쉬운점은 현금현장결제하면 2000원 할인된다고 해서 시켰는데 안되더라고요...안되면 앞으로 저런 내용 지워주셨으면 해요...,5
"양 진짜 많음 성인 3명이 건더기 다먹고 남은국물에 밥,김가루넣어서 볶아먹으니 배부르게 먹을수있었음 다만 사리추가가 가능했음 좋겠습니다. 감자가 너무맛있었는데 부족했어요 추가금내고 감자를 추가할수있으면 좋겠습니다!",5
변함없는 맛있는 맛 최고최고,5
맛있네용 !! 배달도 딱 맞춰서 왔네용!!!,5
오늘은 배달이 좀 늦었네요 ㅠㅠ 1시간 반을 기다렸어요 하지만 맛은 정말 좋아요!!^^,5
맛있네요 맛집인거 같아요 근데 매운거 잘 못드시는 분은 얼큰찜닭도 좀 매울거 같아요 매운데 맛있었어요,5
리뷰가좀늦었는데 진짜 맛있음. 양도 많음,5
배달도 빠르고 맛있어요 자주 시켜먹고 있어요~,5
음 대인데 약간 양은 아쉬운 느낌이지만 맛있었어요 매운맛 아닌데도 엽떡처럼 땀 엄청 흘리면서 먹었습니다..,5
정말맛있게잘먹었어요~,4
양 적당하고 짜지않고 맛있네요 리뷰많은데는 이유가 있군요,5
얼큰하게 해주셔서 맛있게 잘 먹었습니다  국물에 밥 비벼먹고 배불러 죽겠어요 ㅜㅜ 존맛이란게 이런거구나 다시 한번 느꼈네요  간만에 한끼 식사 잘 먹어서 고맙습니다 ^^,5
대밥맛ㅈㄱo맛있게잘머겅씁니다.,5
맛있습니다  당면이 일반당면인것만 빼면 만족합니다,4
굿굿입니다  마시습니다,5
늘시켜먹는데 닭도리탕은 여기가 짱이요!!,5
맛이 좋으네요 ~~ 리뷰가 많은이유가 따로있었네요 추천합니다^,5
허겁지겁 먹어버려서 사진이 없어요ㅠㅠ 진짜 먹어본 닭도리탕중 제일 최고에요 짱짱!!! 고기도 푹 익엇고 양념도 잘 베였고 감자도 맛있었어요ㅠㅠㅠ 주말에 또 시킬거에요ㅋㅋㅋㅋ 배달도 잘 해주셔셔 완전 포식했어요 번창하세요!!!,5
닭도리탕 처음 시켜 먹어봤는데 진짜 맛있어요 하루 두 끼씩 주말 내내 먹었네용ㅋㅋ 다음에도 시켜 먹겠습니다~,5
너무 달고 만두도 안 왔어요 배달도 느리고,2
너무 맛있고 양도 진짜 많고 배달도 엄청 빠르고 진짜 완전 단골 딜것 같습니다~ 근데 한가지 현금 결제하면 추가 할인 있다고 하셨는데 그냥 원금액으로 받아가셧어요 ㅠㅠ 이벤트가 끝난건지 ..,5
닭도 부드럽고 맛있어요! 자주 이용할께요^^,4
순살시켰는데 뼈가와써용 그거빼곤 맛나게 잘먹었슴다,4
항상맛있어서 옆에서 누가뺏어먹으면 화나는 맛입니다,5
배달 빨라요 그리고 얼큰 닭도리탕 답게 딱 알맞게 얼큰하네요 양도 맛도 괜찮아요~~,5
약간 투박한 시골맛? 맛있어요 음료수도 중간사이즈라 두명이 한끼식사에 딱 맞게 먹었네요 잘 먹었습니다,5
배달하시는 분이 엄청 친절하십니다!!!!잘 먹겠습니다 사장님!!!!!^^,5
진짜 내가 먹어본 곳중엔 최고다 무조건 먹어라,5
두번째시키는데 오늘도 맜있네요 다음엔 다른 메뉴 시킬게요 잘먹을게요,5
그럭저럭맛있넉ㅇᆢㅡㅡ,5
닭도리탕 맛있었습니다~~!!,4
여기 닭도리탕은 세계제일 ㅠㅠ 진짜 맛있어요 이번달 세번째 시키는중~ 그리고 리뷰작성한다고 하면 콜라도 주시고 김치도 맛있어요 리뷰이벤트진행중에 당첨되서 현금 오만원 받았습니다ㅠㅠ 감사해요! 다음에또시킬게요 이거 보시는뷴들도 리뷰 잘올리셔서 당첨되세욧!! 증거사진올려드림ㅋ,5
리뷰가 많은 이유가 있군요  맛있습니다  먹을만 하네요  다른 메뉴도 먹어보고 싶네요,5
"여기를 왜 이제야 알았는지 통탄스럽읍니다,, 미친 맛이네요 최고입니다! 얼큰은 좀 매워요 매운거 잘못드시는분들은 기본으로 드세요!",5
맛있어요!! 음식도 깔끔하고 양도 많습니드,5
잘먹엇습니다 ㅅㅅㅅㅅ,5
매콤하면서 양도 적절하고 서비스 음료수도 감사히 잘 먹었습니다 ~ 대박나세요,5
맛있게먹었어요 정말 푸짐합니다 3번나눠서먹을거같네요,5
맛있게 잘 먹었습니다^^,5
약간 맵긴 햇지만 맛잇엇어용~,5
맛있어요! 항상 믿고 먹습니당,5
양도 많고 맛도 좋고ㅋㅋ 완전 단골이 됐어요! 닭도리탕 국물에 밥비벼 먹으면 밥이 뚝딱 리얼 밥도둑!,5
아침부터 닭도리탕먹고파서 첨 주문해봤는데 맛있어요.매운거못먹는 아기입맛인데 약간 매콥하니 맛나네요^^,5
만두도 포함이던데....만두는 안왔습니당 그냥 맛있어서 먹고 말았네요,5
맛있어요!! 닭도리탕은 여기가 젤 맛있어용 김치도 맛있음 아 그리고 저 리뷰당첨됬다는 댓글 봤는데 월욜날 확인후 꼭 연락다시주세요,5
맛있게 잘 먹었어요!,4
배달도 늦고 양은 채소만 있구..맛은 그냥 뭔가 마트에서 파는 그런 양념맛,1
늦은시간에 시켰는데도 불과하고 배달도 빠르고 정말 맛있었어요. 너무 만족합니다. 자주 이용할거 같아요. 번창하세요.,5
진짜 좀 시간 걸리긴 했는데 배달 받고나서 엄청 따듯하고 안에 당면이랑 떡도 많아서 너무 대박이였어요 ㅠ  닭고기도 엄청 부드러워서 넣는순간 그냥 뼈다귀 분리되네요.. 자취하고 처음으로 튀긴닭 말고 찜닭먹고싶어서 시켰는데 다음에도 재주문 할거같아요 ㅠ 먹느라 바빠서 사진 한장밖에 못찍었는데 담에도 또 시킬게요 ㅠ 맛있는 음식 먹게 해주셔서 감사합니다!! 리뷰남기는게 늦었네요 ㅠ!!,5
벌써여기서만5번째 시키네요 양도많아서좋아요!!,5
배달원분이 문두드려서 예 나가요 하고 나가는 시간 한 3~4초? 정도 걸렸는데 그걸 못참고 빨리나오라고 문고리잡고 앞뒤로 흔드시는건 뭔가요... 배달원 때문에 기분이 좋은 식사는 아니었습니다.,1
777777777777777777,5
약간 투박한 할머니집 맛이네요ㅋㅋ 국물 얼큰하고 날개다리 2개씩에 큼지막한 감자 들어있고 맛났어요! 같이 오는 김치랑 잘 어울리더라구요 잘 먹었습니다~!,5
처음시켰는데 완전혜자입니다,4
맛있습니다! 얼큰인데 생각보다 맵지않네요,4
맛있게 잘먹었습니다,4
맛있게 잘먹었습니다.,4
양 많고 맛있음 인생 닭도리탕 집입니다 강추요,5
맛있게잘먹었습니다~,4
여기 닭도리 ㄹㅇ 존맛 ㅠㅠ 양도 많고 서비스도 좋고 요구사항도 잘들어주고 좋아요ㅠㅠ 다음에또시킬게욜,5
저녁시간때라 배달은 이해합니다..맛은 좋아용 맛나요 여긴 예전부터 막던곳이라서요^^,4
밥도둑 잘먹엇습니다,5
평범한 닭도리탕 맛있어요,4
맛있게 잘 먹었습니다 감사합니다,5
양은 좋지만 맛은 없음 고기도 너무커서 먹기힘들어요,2
빠른배송 잘받았습니다,5
매워요 ㅠㅠ 근데 맛있어요 ㅎ 일반당면이에요,5
늘맛있고 배달시간도 칼이에요^^,5
양많고 진짜 맛있어요 또 시킬게요,5
배달이 넘 늦어요~~,4
배달은 30분 만에 왔어요. 맛은 좀 닭잡내가 슬그머니 나긴 했지만.. 꽤 먹을만했어요. 감자는 존맛탱! 양은 진짜..오지게 많습니다. 밥 두그릇에 배터지게 먹었는데 반? 먹었나.. 일반적으로 먹었다면 세끼는 먹었을듯.. 한번쯤 드셔보는것도 나쁘지 않을듯해여~~,4
배달시간 빼면. 아주 만족 합니다,5
넘 맛있었어요!!!!!!!,5
최고입니다.감사합니다,5
배달 늦음!!!!,4
오전이라 배달은 30분도 안되서 온거같아요 매운걸 좋아해서 얼큰 시켰는데 맛있게 맵네요 엽떡이랑 비슷한 맵기인데 중독성 강해요 감자 좋아하는데 큰거 두덩이 들어가있도 떡도 낭낭해서 골라먹는 재미가 있네용 밥 잘 안먹는데 감자랑 소스랑 같이 비벼먹으니 꿀맛이네요 매우면 같이 온 콜라 한입 하니 딱이네요  다리도 두개 날개도 두개고 소자인데도 양이 꽤 되네요 혼자서 두세번 나눠먹을 수 있겠어요  다만 양파나 파를 좀 더 넣음 더 괜찮을것 같아요 담엔 오리지날로 먹어봐야겠어요,4
빠르게 잘 받았습니다.  몇 번 주문했는데..이번엔 좀 실망이네요. 맛있는데 양이 좀 부족해서 중자로 시켰는데 양은 진짜모르겠어요. 심지어 떡도 저번보다 작구요. 전 가슴살. 남친은 다리랑 허벅지 위주로 먹는데요 진짜 다리는 세 개. 가슴살 작은거 두개였어요... 첫 끼니인데..감자만 먹는 중. 다른사람은 다리 좋아해서 더 챙겨주신다고 주신건지  모르겠으나..사람들마다 호불호가 있는데. 부위 별로 넣어주시길 바래요..ㅜ (참고로 치킨집해서 부위는 딱 보면 다 알아요) 국물 더 주신건 감사해요~ㅜㅜ,3
정시 내로 옵니다 맛도 짱! 양도 짱! 입니다,5
맛도 배달도 너무 완벽하네요~ 맛있어요~,5
순살닭볶음탕시켰는데..다신안시킵니다 맛도없고닭상태도..,4
맛있어요.. ㅎㅎ 꺼어억,5
김치 떡 닭도리탕 먹었는데 김치도 존맛이고 떡도 닭도 다 맛있어서 혼돈 그자체로 정신없이 먹다보니 리뷰 사진도 이러네요  전화해서 떡 많이 달라니깐 떡볶이 수준으로 줘서 ♡♡,5
배달 엄청 늦네요.,3
맛있었어요~ 매콤쓰,4
맛123456789있어요,5
맛있었어요~ 감사합니다!,5
그냥최고 너무부드러워요,5
맛있어요!!! 찜닭은 오랜만에 먹는데 먹고 싶었던 딱 그맛입니다!,4
맛있었어요 자주시켜먹을게영,5
